Player,Position,Team,Year,Years_of_Experience,Consensus_Passing_Yards,Consensus_Passing_Touchdowns,Consensus_Rushing_Yards,Consensus_Rushing_Touchdowns,Consensus_Projected_Points,Projected_Points_Vs_Avg_Experience,Position_Rank,Consensus_Receiving_Yards,Consensus_Receptions,ADP_NFFC,VOR_ADP,Predicted_PPG_Mark,Predicted_PPG_Next_Year_Mark,Predicted_Breakout_Mark,Predicted_TopValue_Mark,Max_Score_Mark,VOR_Current_Year,VOR_Consensus,VOR_Top_Value,VOR_Average
Ja'Marr Chase,WR,CIN,2025.0,4.0,0.0,0.0,11.87,0.03,18.142,172.563,1.0,1508.61,118.6,1.145,5.919,21.705,21.059,0.297,0.526,27.942,10.984,8.814,2.334,7.013
Bijan Robinson,RB,ATL,2025.0,2.0,0.0,0.0,1355.5,11.59,18.836,174.144,1.0,418.66,56.11,2.427,5.823,18.684,17.166,0.158,0.363,26.853,7.467,8.431,1.278,5.75
Justin Jefferson,WR,MIN,2025.0,5.0,0.0,0.0,2.03,0.0,15.734,123.249,2.0,1402.35,102.56,4.545,5.538,19.84,19.382,0.188,0.444,27.173,9.118,6.407,1.929,5.748
Puka Nacua,WR,LAR,2025.0,2.0,0.0,0.0,66.7,0.54,15.404,143.8,4.0,1376.35,107.61,9.618,5.077,19.873,19.419,0.354,0.578,26.347,9.152,6.077,2.597,5.726
Malik Nabers,WR,NYG,2025.0,1.0,0.0,0.0,11.73,0.05,14.631,146.267,7.0,1271.04,103.37,8.848,5.168,20.161,19.893,0.394,0.59,26.049,9.44,5.304,2.659,5.643
Jahmyr Gibbs,RB,DET,2025.0,2.0,0.0,0.0,1210.16,11.77,18.595,170.284,2.0,479.03,57.17,4.01,5.632,18.547,17.306,0.173,0.378,27.56,7.33,8.19,1.354,5.627
Saquon Barkley,RB,PHI,2025.0,7.0,0.0,0.0,1603.63,11.2,18.811,167.16,3.0,289.64,38.61,3.67,5.632,18.321,16.568,0.146,0.303,25.375,7.104,8.406,0.981,5.531
Ceedee Lamb,WR,DAL,2025.0,5.0,0.0,0.0,58.6,0.27,14.975,111.099,3.0,1273.18,102.95,5.962,5.445,19.205,18.414,0.186,0.441,26.66,8.484,5.647,1.912,5.372
Brian Thomas,WR,JAC,2025.0,1.0,0.0,0.0,36.71,0.06,14.447,143.317,6.0,1244.6,90.67,11.662,4.897,18.513,18.828,0.301,0.496,26.279,7.792,5.119,2.188,4.999
Ashton Jeanty,RB,LVR,2025.0,0.0,0.0,0.0,1240.6,9.14,16.479,176.789,8.0,372.16,47.39,9.402,5.168,18.221,17.032,0.192,0.397,26.758,7.004,6.074,1.451,4.924
Amon Ra St Brown,WR,DET,2025.0,4.0,0.0,0.0,18.34,0.1,14.339,111.723,5.0,1197.72,100.93,9.382,5.168,18.389,18.13,0.202,0.404,26.902,7.668,5.012,1.726,4.894
Christian Mccaffrey,RB,SF,2025.0,8.0,0.0,0.0,1070.8,8.04,16.641,140.839,5.0,516.52,60.16,13.16,4.808,17.663,15.828,0.125,0.305,24.61,6.445,6.236,0.988,4.619
Derrick Henry,RB,BAL,2025.0,8.0,0.0,0.0,1531.04,13.16,17.571,155.719,4.0,176.5,20.49,13.272,4.808,16.599,16.198,0.157,0.299,24.856,5.381,7.166,0.961,4.579
Devon Achane,RB,MIA,2025.0,2.0,0.0,0.0,941.47,7.12,16.251,132.784,7.0,526.78,70.22,13.645,4.72,17.634,16.321,0.15,0.3,25.567,6.416,5.846,0.965,4.487
Nico Collins,WR,HOU,2025.0,4.0,0.0,0.0,1.0,0.01,14.506,114.393,8.0,1281.97,89.21,13.348,4.808,16.928,16.331,0.15,0.308,24.8,6.207,5.179,1.244,4.36
Ladd Mcconkey,WR,LAC,2025.0,1.0,0.0,0.0,0.75,0.0,13.552,128.997,10.0,1209.0,90.98,19.845,4.203,17.409,17.641,0.291,0.424,25.871,6.688,4.224,1.829,4.236
Drake London,WR,ATL,2025.0,3.0,0.0,0.0,1.49,0.02,13.538,104.056,12.0,1161.98,92.58,16.238,4.545,16.238,16.304,0.141,0.308,24.241,5.517,4.21,1.248,3.88
Brock Bowers,TE,LVR,2025.0,1.0,0.0,0.0,3.94,0.0,12.156,121.801,1.0,1056.52,98.87,17.13,4.459,14.013,12.892,0.219,0.324,20.481,5.207,4.606,1.014,3.821
Josh Jacobs,RB,GB,2025.0,6.0,0.0,0.0,1201.01,11.24,16.169,123.403,6.0,316.94,38.21,22.462,4.036,15.819,15.452,0.12,0.269,23.129,4.602,5.764,0.81,3.803
Bucky Irving,RB,TB,2025.0,1.0,0.0,0.0,1164.28,8.49,15.549,149.858,9.0,369.13,47.77,19.588,4.203,15.993,15.023,0.143,0.317,24.157,4.776,5.144,1.049,3.793
Josh Allen,QB,BUF,2025.0,7.0,3752.92,27.91,537.45,9.49,22.658,157.83,1.0,0.0,0.0,28.625,3.469,23.758,23.758,0.163,0.25,26.814,5.247,5.785,0.605,3.776
Aj Brown,WR,PHI,2025.0,6.0,0.0,0.0,0.0,0.0,13.454,85.745,14.0,1192.04,81.67,19.77,4.203,15.88,15.668,0.135,0.282,24.099,5.159,4.127,1.116,3.651
Lamar Jackson,QB,BAL,2025.0,7.0,3733.16,29.28,821.71,3.78,21.988,147.11,2.0,0.0,0.0,27.442,3.628,23.579,23.579,0.149,0.255,26.145,5.068,5.115,0.631,3.611
Jonathan Taylor,RB,IND,2025.0,5.0,0.0,0.0,1321.98,10.02,15.2,103.269,10.0,189.46,26.84,21.938,4.036,15.643,15.168,0.127,0.281,23.413,4.426,4.795,0.869,3.531
Tee Higgins,WR,CIN,2025.0,5.0,0.0,0.0,0.11,0.0,13.134,81.639,9.0,1063.75,84.01,29.505,3.39,16.039,16.335,0.212,0.326,25.7,5.318,3.806,1.339,3.463
Trey Mcbride,TE,ARI,2025.0,3.0,0.0,0.0,0.4,0.18,12.085,97.938,3.0,1028.23,102.3,25.393,3.789,13.208,11.715,0.213,0.334,20.071,4.402,4.535,1.062,3.447
Rashee Rice,WR,KC,2025.0,2.0,0.0,0.0,7.02,0.06,12.683,100.26,16.0,1065.15,94.09,35.635,2.931,15.772,15.854,0.232,0.35,25.219,5.051,3.356,1.457,3.199
Jayden Daniels,QB,WAS,2025.0,1.0,3738.84,25.33,806.25,5.32,20.83,194.004,5.0,0.0,0.0,35.215,3.006,23.513,23.513,0.152,0.229,26.024,5.002,3.957,0.5,3.116
Chase Brown,RB,CIN,2025.0,2.0,0.0,0.0,987.06,7.81,14.679,107.634,13.0,366.79,51.5,27.372,3.628,14.744,13.758,0.134,0.306,23.016,3.526,4.274,0.996,3.106
Davante Adams,WR,LAR,2025.0,9.0,0.0,0.0,0.58,0.0,12.745,66.812,17.0,1065.71,84.17,36.662,2.856,15.449,15.272,0.144,0.29,24.349,4.728,3.417,1.156,3.039
Jalen Hurts,QB,PHI,2025.0,5.0,3415.74,22.28,626.55,11.65,21.049,166.477,3.0,0.0,0.0,42.542,2.42,23.618,23.618,0.128,0.212,28.885,5.107,4.177,0.415,3.03
Kyren Williams,RB,LAR,2025.0,3.0,0.0,0.0,1185.61,10.81,15.202,114.952,11.0,207.28,32.22,26.932,3.628,13.731,12.445,0.124,0.292,21.848,2.514,4.797,0.926,2.966
Tyreek Hill,WR,MIA,2025.0,9.0,0.0,0.0,38.55,0.1,12.901,69.302,13.0,1104.29,86.62,33.375,3.158,14.8,14.204,0.121,0.244,22.986,4.078,3.573,0.924,2.933
Jaxon Smith Njigba,WR,SEA,2025.0,2.0,0.0,0.0,21.27,0.06,12.155,91.81,18.0,1053.91,87.87,27.31,3.628,15.0,14.991,0.194,0.257,23.821,4.279,2.827,0.992,2.932
Garrett Wilson,WR,NYJ,2025.0,3.0,0.0,0.0,9.76,0.02,12.204,82.726,21.0,1065.88,91.49,27.042,3.628,14.765,14.468,0.156,0.271,23.726,4.044,2.877,1.063,2.903
Marvin Harrison,WR,ARI,2025.0,1.0,0.0,0.0,0.08,0.0,12.058,105.087,19.0,1024.95,75.71,34.525,3.006,15.278,15.817,0.234,0.309,24.488,4.557,2.73,1.253,2.886
George Kittle,TE,SF,2025.0,8.0,0.0,0.0,0.08,0.0,11.468,66.676,2.0,994.57,71.21,46.128,2.21,12.822,11.825,0.242,0.362,20.653,4.016,3.918,1.201,2.836
Breece Hall,RB,NYJ,2025.0,3.0,0.0,0.0,982.56,5.71,13.724,91.312,14.0,406.58,50.66,32.632,3.158,14.953,14.856,0.123,0.28,22.813,3.736,3.319,0.866,2.77
Terry Mclaurin,WR,WAS,2025.0,6.0,0.0,0.0,4.05,0.01,12.811,75.455,15.0,1078.63,80.14,35.842,2.931,13.805,13.439,0.107,0.18,21.6,3.084,3.484,0.606,2.526
James Cook,RB,BUF,2025.0,3.0,0.0,0.0,1023.29,10.19,14.379,101.792,12.0,267.97,32.46,37.718,2.782,13.742,13.432,0.122,0.258,21.452,2.524,3.974,0.755,2.509
Xavier Worthy,WR,KC,2025.0,1.0,0.0,0.0,85.18,1.17,11.173,90.937,27.0,832.99,67.99,47.01,2.141,15.336,15.544,0.283,0.33,25.047,4.615,1.846,1.357,2.489
Mike Evans,WR,TB,2025.0,9.0,0.0,0.0,1.84,0.0,12.948,70.052,11.0,1049.95,77.04,40.228,2.636,13.67,13.3,0.115,0.187,21.741,2.949,3.62,0.64,2.461
Joe Burrow,QB,CIN,2025.0,5.0,4459.57,35.21,180.54,1.71,20.436,156.667,4.0,0.0,0.0,34.798,3.006,20.778,20.778,0.175,0.222,25.508,2.267,3.564,0.466,2.326
Omarion Hampton,RB,LAC,2025.0,0.0,0.0,0.0,933.12,7.94,12.548,113.899,19.0,249.76,34.05,47.135,2.141,14.89,15.221,0.165,0.28,23.096,3.673,2.143,0.865,2.205
Kenneth Walker,RB,SEA,2025.0,3.0,0.0,0.0,920.88,8.37,13.339,85.142,18.0,313.73,44.3,44.57,2.279,13.865,13.434,0.106,0.271,21.453,2.648,2.934,0.821,2.17
Alvin Kamara,RB,NO,2025.0,8.0,0.0,0.0,868.77,5.41,13.322,87.739,17.0,460.04,60.14,48.545,2.004,14.331,13.875,0.103,0.235,21.293,3.114,2.917,0.638,2.168
Dj Moore,WR,CHI,2025.0,7.0,0.0,0.0,56.06,0.16,11.836,54.453,25.0,1001.24,84.94,41.707,2.492,13.434,12.805,0.116,0.161,21.36,2.713,2.509,0.512,2.056
Joe Mixon,RB,HOU,2025.0,8.0,0.0,0.0,958.58,8.62,13.428,89.439,15.0,293.5,38.26,50.39,1.936,13.615,13.634,0.123,0.263,21.814,2.398,3.023,0.777,2.034
Devonta Smith,WR,PHI,2025.0,4.0,0.0,0.0,0.92,0.0,11.405,64.773,24.0,958.79,77.58,52.11,1.803,13.781,13.852,0.159,0.205,22.458,3.06,2.077,0.733,1.918
Dk Metcalf,WR,PIT,2025.0,6.0,0.0,0.0,0.08,0.0,12.151,64.895,20.0,1062.23,74.82,48.795,2.004,12.996,12.295,0.11,0.14,20.845,2.275,2.824,0.406,1.877
James Conner,RB,ARI,2025.0,8.0,0.0,0.0,989.3,7.78,13.306,87.489,16.0,305.01,39.81,56.985,1.478,13.401,13.284,0.098,0.232,20.751,2.184,2.901,0.626,1.797
Chuba Hubbard,RB,CAR,2025.0,4.0,0.0,0.0,1051.98,7.98,13.136,75.879,22.0,226.36,37.29,45.605,2.21,12.725,12.292,0.095,0.231,20.339,1.508,2.731,0.618,1.767
Zay Flowers,WR,BAL,2025.0,2.0,0.0,0.0,49.86,0.16,11.501,81.34,22.0,1010.1,75.67,53.362,1.737,13.111,12.551,0.134,0.142,21.507,2.39,2.173,0.414,1.679
Sam Laporta,TE,DET,2025.0,2.0,0.0,0.0,0.17,0.0,9.792,64.061,4.0,755.15,68.48,62.265,1.166,11.162,10.728,0.179,0.281,18.472,2.356,2.242,0.797,1.64
Courtland Sutton,WR,DEN,2025.0,7.0,0.0,0.0,0.33,0.0,11.648,51.443,23.0,976.55,75.09,48.798,2.004,12.242,11.422,0.146,0.155,22.218,1.521,2.321,0.481,1.581
Patrick Mahomes,QB,KC,2025.0,8.0,4082.97,28.91,325.03,1.89,18.721,131.064,6.0,0.0,0.0,60.175,1.289,20.991,20.991,0.143,0.218,25.138,2.48,1.849,0.444,1.516
Travis Hunter,WR,JAC,2025.0,0.0,0.0,0.0,17.56,0.1,10.369,94.045,37.0,903.22,71.51,78.125,0.247,14.397,14.83,0.31,0.225,22.873,3.675,1.042,0.833,1.449
Tetairoa Mcmillan,WR,CAR,2025.0,0.0,0.0,0.0,4.61,0.0,10.412,94.735,54.0,909.75,72.53,57.777,1.415,13.325,14.258,0.232,0.191,22.457,2.604,1.085,0.663,1.442
Jaylen Waddle,WR,MIA,2025.0,4.0,0.0,0.0,14.36,0.08,10.853,55.943,34.0,986.34,77.69,67.275,0.866,13.022,12.748,0.114,0.153,20.974,2.301,1.526,0.472,1.291
Jerry Jeudy,WR,CLE,2025.0,5.0,0.0,0.0,2.18,0.01,10.85,45.099,31.0,1041.8,77.71,60.473,1.289,12.227,11.605,0.14,0.132,21.337,1.505,1.522,0.365,1.171
Jameson Williams,WR,DET,2025.0,3.0,0.0,0.0,72.37,0.86,11.189,66.476,29.0,951.73,61.77,54.438,1.671,11.63,11.375,0.165,0.093,20.847,0.909,1.861,0.172,1.153
Rj Harvey,RB,DEN,2025.0,0.0,0.0,0.0,787.88,5.09,11.159,91.679,31.0,312.0,41.68,79.712,0.14,14.11,14.264,0.176,0.219,22.12,2.893,0.754,0.558,1.086
Travis Kelce,TE,KC,2025.0,10.0,0.0,0.0,0.34,0.0,9.095,34.901,6.0,729.61,75.35,87.09,-0.22,10.952,10.192,0.216,0.287,18.958,2.146,1.545,0.828,1.075
Jordan Addison,WR,MIN,2025.0,2.0,0.0,0.0,9.8,0.16,10.722,68.89,28.0,891.11,69.3,72.05,0.578,12.629,12.266,0.226,0.131,22.407,1.908,1.395,0.362,1.06
Quinshon Judkins,RB,CLE,2025.0,0.0,0.0,0.0,863.55,5.7,10.673,83.899,25.0,223.77,30.65,72.928,0.521,13.688,12.35,0.182,0.26,22.054,2.471,0.268,0.762,1.006
Calvin Ridley,WR,TEN,2025.0,7.0,0.0,0.0,39.21,0.24,11.001,41.083,26.0,979.34,67.47,70.617,0.634,11.787,11.041,0.152,0.12,21.771,1.066,1.673,0.309,0.921
George Pickens,WR,DAL,2025.0,3.0,0.0,0.0,4.37,0.02,10.416,54.106,32.0,933.64,64.48,67.418,0.866,12.105,11.378,0.147,0.106,20.874,1.384,1.088,0.238,0.894
Baker Mayfield,QB,TB,2025.0,7.0,4056.45,30.79,270.26,2.08,18.591,92.76,7.0,0.0,0.0,69.402,0.749,19.196,19.196,0.173,0.209,24.7,0.685,1.718,0.402,0.889
Aaron Jones,RB,MIN,2025.0,8.0,0.0,0.0,904.03,4.49,12.082,67.909,21.0,341.9,46.7,71.472,0.634,12.192,11.548,0.099,0.138,18.877,0.975,1.678,0.153,0.86
Rome Odunze,WR,CHI,2025.0,1.0,0.0,0.0,9.64,0.01,9.484,63.907,38.0,848.41,63.55,67.908,0.807,12.847,12.984,0.285,0.124,22.825,2.126,0.156,0.326,0.854
Treveyon Henderson,RB,NE,2025.0,0.0,0.0,0.0,762.72,5.0,10.264,77.349,30.0,255.4,33.33,60.288,1.289,12.958,14.1,0.167,0.176,20.693,1.741,-0.141,0.346,0.809
D'Andre Swift,RB,CHI,2025.0,5.0,0.0,0.0,943.77,6.07,12.449,59.259,20.0,314.95,41.95,75.108,0.41,11.734,10.564,0.089,0.107,17.902,0.517,2.044,0.0,0.743
Chris Godwin,WR,TB,2025.0,8.0,0.0,0.0,5.89,0.05,10.392,29.095,35.0,885.78,75.96,66.792,0.866,11.485,10.764,0.117,0.094,20.005,0.764,1.064,0.177,0.718
Mark Andrews,TE,BAL,2025.0,7.0,0.0,0.0,4.57,0.03,9.071,34.573,5.0,680.09,56.24,94.81,-0.607,10.232,9.888,0.206,0.227,18.022,1.426,1.521,0.53,0.718
Tj Hockenson,TE,MIN,2025.0,6.0,0.0,0.0,0.0,0.0,8.654,32.097,8.0,734.03,70.59,82.023,0.035,10.231,9.972,0.138,0.155,16.342,1.425,1.104,0.168,0.683
David Montgomery,RB,DET,2025.0,6.0,0.0,0.0,794.22,9.21,11.984,56.453,23.0,259.36,32.99,64.388,1.044,11.217,11.098,0.104,0.107,18.256,0.0,1.579,0.002,0.656
Chris Olave,WR,NO,2025.0,3.0,0.0,0.0,2.62,0.0,9.991,47.306,40.0,925.2,73.32,70.652,0.634,11.832,11.43,0.139,0.095,20.618,1.111,0.663,0.183,0.648
Tony Pollard,RB,TEN,2025.0,6.0,0.0,0.0,984.08,5.77,11.692,51.783,24.0,233.12,37.04,77.328,0.301,11.391,10.897,0.105,0.121,18.474,0.173,1.288,0.069,0.458
Jakobi Meyers,WR,LVR,2025.0,7.0,0.0,0.0,10.06,0.06,10.604,34.743,30.0,922.07,78.74,79.61,0.14,10.975,10.112,0.098,0.058,18.77,0.253,1.277,-0.002,0.417
Kaleb Johnson,RB,PIT,2025.0,0.0,0.0,0.0,907.46,6.21,10.576,82.349,28.0,171.72,22.51,69.598,0.691,11.874,12.056,0.139,0.127,19.139,0.656,0.171,0.101,0.405
Deebo Samuel,WR,WAS,2025.0,6.0,0.0,0.0,141.92,1.35,10.365,36.315,33.0,779.42,64.08,84.255,-0.068,11.058,10.751,0.174,0.085,21.357,0.337,1.037,0.131,0.359
Bo Nix,QB,DEN,2025.0,1.0,3609.05,25.64,398.36,2.83,17.531,141.214,9.0,0.0,0.0,77.398,0.301,18.546,18.546,0.124,0.116,22.778,0.035,0.658,-0.067,0.232
Jauan Jennings,WR,SF,2025.0,5.0,0.0,0.0,3.01,0.03,9.888,29.709,36.0,870.15,67.87,75.618,0.355,10.744,10.078,0.086,0.054,18.247,0.022,0.561,-0.022,0.229
David Njoku,TE,CLE,2025.0,8.0,0.0,0.0,0.0,0.0,8.876,25.206,7.0,705.09,74.59,111.167,-1.307,9.31,8.828,0.138,0.122,15.413,0.503,1.326,0.0,0.131
Kyler Murray,QB,ARI,2025.0,6.0,3657.52,22.61,497.9,4.01,17.661,92.794,8.0,0.0,0.0,93.402,-0.512,18.572,18.572,0.119,0.129,22.673,0.061,0.788,0.0,0.084
Matthew Golden,WR,GB,2025.0,0.0,0.0,0.0,6.44,0.0,8.939,71.165,44.0,770.45,57.16,114.072,-1.428,12.296,12.798,0.233,0.103,21.251,1.574,-0.388,0.222,-0.005
Jayden Reed,WR,GB,2025.0,2.0,0.0,0.0,104.24,0.71,9.849,54.92,39.0,759.4,56.26,93.775,-0.56,10.721,10.31,0.134,0.06,19.597,0.0,0.522,0.009,-0.007
Brock Purdy,QB,SF,2025.0,3.0,4118.3,25.32,288.32,2.87,17.723,116.792,10.0,0.0,0.0,103.402,-0.969,18.511,18.511,0.167,0.142,24.14,0.0,0.851,0.064,-0.014
Khalil Shakir,WR,BUF,2025.0,3.0,0.0,0.0,3.15,0.0,9.328,36.696,48.0,804.33,71.57,88.265,-0.27,10.813,10.582,0.1,0.059,19.101,0.092,0.0,0.0,-0.044
Jared Goff,QB,DET,2025.0,9.0,4190.49,29.45,68.34,0.39,17.081,81.663,11.0,0.0,0.0,93.385,-0.512,18.451,18.451,0.154,0.16,23.478,-0.06,0.208,0.153,-0.053
Isiah Pacheco,RB,KC,2025.0,4.0,0.0,0.0,800.69,5.46,10.161,28.279,29.0,212.16,31.38,82.242,0.035,11.052,10.606,0.098,0.101,17.748,-0.165,-0.244,-0.032,-0.102
Dak Prescott,QB,DAL,2025.0,9.0,4005.13,27.49,160.66,1.41,16.872,78.333,12.0,0.0,0.0,104.295,-1.012,18.978,18.978,0.154,0.15,23.897,0.468,0.0,0.104,-0.11
Justin Fields,QB,NYJ,2025.0,4.0,3075.14,18.41,711.16,5.31,16.129,86.348,16.0,0.0,0.0,108.095,-1.183,19.724,19.724,0.131,0.148,22.782,1.213,-0.744,0.095,-0.154
Tyler Warren,TE,IND,2025.0,0.0,0.0,0.0,2.82,0.0,7.183,49.705,24.0,610.95,56.26,116.035,-1.507,9.419,9.593,0.196,0.251,17.34,0.613,-0.367,0.648,-0.154
Evan Engram,TE,DEN,2025.0,8.0,0.0,0.0,0.57,0.0,7.609,4.926,12.0,611.47,67.42,102.452,-0.925,8.806,8.315,0.114,0.11,14.718,0.0,0.059,-0.06,-0.231
Tyrone Tracy,RB,NYG,2025.0,1.0,0.0,0.0,763.35,4.89,10.013,61.278,26.0,251.87,33.18,89.668,-0.368,11.024,10.424,0.135,0.105,18.713,-0.194,-0.392,-0.01,-0.241
Stefon Diggs,WR,NE,2025.0,9.0,0.0,0.0,3.23,0.16,9.411,13.462,42.0,802.9,72.42,100.868,-0.88,10.401,9.648,0.115,0.059,18.826,-0.321,0.083,0.003,-0.279
Ricky Pearsall,WR,SF,2025.0,1.0,0.0,0.0,42.63,0.31,8.704,51.427,50.0,744.56,56.0,90.698,-0.417,10.636,10.828,0.098,0.051,18.915,-0.086,-0.624,-0.038,-0.291
Cooper Kupp,WR,SEA,2025.0,8.0,0.0,0.0,4.47,0.0,8.853,4.475,41.0,747.49,65.51,93.57,-0.56,10.537,9.782,0.116,0.065,18.801,-0.184,-0.474,0.031,-0.297
Tucker Kraft,TE,GB,2025.0,2.0,0.0,0.0,2.73,0.0,8.051,36.211,10.0,659.12,56.27,125.69,-1.884,8.788,8.0,0.109,0.099,14.375,-0.018,0.501,-0.112,-0.378
Jonnu Smith,TE,PIT,2025.0,8.0,0.0,0.0,2.46,0.02,7.251,-0.804,14.0,579.52,55.52,107.27,-1.141,8.247,7.53,0.172,0.214,16.172,-0.559,-0.299,0.465,-0.384
Josh Downs,WR,IND,2025.0,2.0,0.0,0.0,2.94,0.0,8.722,36.88,52.0,760.46,68.64,98.442,-0.745,10.481,10.241,0.11,0.051,19.005,-0.24,-0.606,-0.037,-0.407
Brian Robinson,RB,WAS,2025.0,3.0,0.0,0.0,795.32,6.96,10.405,38.202,27.0,188.79,25.03,92.012,-0.465,10.121,9.07,0.12,0.081,17.622,-1.097,0.0,-0.131,-0.423
Michael Pittman,WR,IND,2025.0,5.0,0.0,0.0,1.24,0.0,8.866,13.349,47.0,807.03,69.7,108.172,-1.183,10.611,10.125,0.108,0.048,18.714,-0.11,-0.462,-0.052,-0.452
Caleb Williams,QB,CHI,2025.0,1.0,3636.42,22.58,455.62,2.04,15.726,112.334,17.0,0.0,0.0,95.528,-0.653,18.458,18.458,0.139,0.121,23.274,-0.053,-1.147,-0.042,-0.474
Darnell Mooney,WR,ATL,2025.0,5.0,0.0,0.0,0.86,0.0,9.512,23.699,45.0,882.27,62.59,114.458,-1.428,9.902,9.22,0.071,0.031,17.161,-0.819,0.185,-0.138,-0.55
Dallas Goedert,TE,PHI,2025.0,7.0,0.0,0.0,2.07,0.0,7.55,10.233,11.0,657.83,60.29,149.418,-2.641,8.923,8.32,0.15,0.132,15.298,0.116,0.0,0.053,-0.618
Keon Coleman,WR,BUF,2025.0,1.0,0.0,0.0,3.02,0.0,8.474,47.747,46.0,731.35,47.54,125.092,-1.847,10.856,11.235,0.192,0.076,20.585,0.134,-0.854,0.086,-0.62
Colston Loveland,TE,CHI,2025.0,0.0,0.0,0.0,0.0,0.0,7.018,47.055,28.0,571.42,53.77,138.198,-2.296,9.159,9.325,0.162,0.12,15.613,0.352,-0.532,-0.01,-0.622
Dalton Kincaid,TE,BUF,2025.0,2.0,0.0,0.0,0.0,0.0,7.079,20.651,15.0,587.94,56.21,132.558,-2.129,8.588,8.462,0.137,0.143,15.223,-0.219,-0.471,0.105,-0.679
Jake Ferguson,TE,DAL,2025.0,3.0,0.0,0.0,0.0,0.0,7.551,25.388,9.0,604.64,64.61,141.202,-2.393,8.18,7.842,0.102,0.068,13.753,-0.626,0.001,-0.27,-0.822
Jaylen Warren,RB,PIT,2025.0,4.0,0.0,0.0,620.5,3.46,9.431,16.609,32.0,337.36,46.23,100.727,-0.88,9.682,8.422,0.088,0.077,16.019,-1.535,-0.974,-0.152,-0.885
Justin Herbert,QB,LAC,2025.0,5.0,3778.52,23.82,254.79,2.05,16.203,88.937,13.0,0.0,0.0,108.202,-1.183,17.016,17.016,0.13,0.081,21.575,-1.495,-0.669,-0.238,-0.896
Kyle Pitts,TE,ATL,2025.0,4.0,0.0,0.0,-0.18,0.0,6.972,4.446,17.0,604.66,48.4,145.528,-2.55,8.279,8.168,0.13,0.094,14.453,-0.527,-0.578,-0.139,-0.949
Rashid Shaheed,WR,NO,2025.0,3.0,0.0,0.0,52.84,0.16,8.646,25.786,43.0,785.73,52.29,136.017,-2.23,9.842,10.094,0.081,0.034,17.93,-0.88,-0.682,-0.121,-0.978
Jordan Love,QB,GB,2025.0,5.0,3748.53,26.85,151.5,1.61,16.293,90.377,14.0,0.0,0.0,114.725,-1.468,16.708,16.708,0.127,0.088,21.899,-1.803,-0.579,-0.203,-1.013
Drake Maye,QB,NE,2025.0,1.0,3408.23,21.27,498.97,2.48,15.394,107.034,21.0,0.0,0.0,116.85,-1.546,17.63,17.63,0.119,0.096,21.419,-0.881,-1.478,-0.163,-1.017
Jj Mccarthy,QB,MIN,2025.0,1.0,3944.35,25.54,263.54,1.48,15.906,115.214,15.0,0.0,0.0,129.588,-2.026,17.636,17.636,0.137,0.086,22.749,-0.875,-0.967,-0.217,-1.021
Cam Skattebo,RB,NYG,2025.0,0.0,0.0,0.0,597.39,4.13,7.901,39.539,38.0,189.16,25.95,107.055,-1.141,10.75,11.46,0.171,0.099,19.199,-0.467,-2.504,-0.039,-1.038
Emeka Egbuka,WR,TB,2025.0,0.0,0.0,0.0,6.52,0.02,6.912,38.735,77.0,592.59,46.93,107.52,-1.183,9.998,11.259,0.13,0.049,18.475,-0.723,-2.415,-0.049,-1.092
Trevor Lawrence,QB,JAC,2025.0,4.0,3869.56,23.11,243.28,2.75,15.894,82.588,19.0,0.0,0.0,127.055,-1.92,17.157,17.157,0.127,0.08,21.641,-1.354,-0.979,-0.244,-1.124
Brandon Aiyuk,WR,SF,2025.0,5.0,0.0,0.0,3.46,0.02,7.886,-2.321,51.0,733.9,49.53,111.91,-1.348,8.829,8.191,0.066,0.025,16.267,-1.892,-1.441,-0.168,-1.212
Najee Harris,RB,LAC,2025.0,4.0,0.0,0.0,612.26,5.0,8.198,-3.121,35.0,174.5,24.17,103.208,-0.969,9.535,9.642,0.089,0.085,16.663,-1.683,-2.207,-0.11,-1.242
Cj Stroud,QB,HOU,2025.0,2.0,3877.99,23.24,240.42,1.32,15.256,83.727,18.0,0.0,0.0,115.625,-1.507,16.921,16.921,0.11,0.077,21.323,-1.59,-1.616,-0.26,-1.243
Javonte Williams,RB,DAL,2025.0,4.0,0.0,0.0,617.71,4.1,8.769,6.009,33.0,239.09,35.68,117.512,-1.585,9.637,8.61,0.102,0.067,16.495,-1.58,-1.636,-0.201,-1.251
Rhamondre Stevenson,RB,NE,2025.0,4.0,0.0,0.0,710.89,5.04,8.876,7.729,36.0,164.57,24.9,119.385,-1.623,9.494,9.273,0.093,0.078,16.516,-1.723,-1.529,-0.148,-1.256
Isaiah Likely,TE,BAL,2025.0,3.0,0.0,0.0,0.0,0.0,6.681,11.478,20.0,512.77,43.61,147.812,-2.611,7.378,7.132,0.112,0.068,13.417,-1.428,-0.869,-0.269,-1.294
Zach Ertz,TE,WAS,2025.0,10.0,0.0,0.0,0.0,0.0,7.408,7.911,13.0,544.61,57.81,172.288,-3.278,7.27,6.82,0.114,0.067,13.383,-1.536,-0.142,-0.272,-1.307
Travis Etienne,RB,JAC,2025.0,4.0,0.0,0.0,491.94,3.04,7.362,-16.501,37.0,242.44,33.13,101.702,-0.925,9.885,9.526,0.12,0.102,17.602,-1.332,-3.043,-0.025,-1.331
Hunter Henry,TE,NE,2025.0,9.0,0.0,0.0,0.0,0.0,7.124,5.051,16.0,592.34,56.99,170.91,-3.252,7.454,7.017,0.09,0.059,12.99,-1.353,-0.426,-0.311,-1.336
Marvin Mims,WR,DEN,2025.0,2.0,0.0,0.0,61.33,0.31,7.772,21.69,49.0,616.68,48.01,135.088,-2.197,8.973,9.2,0.062,0.023,16.717,-1.748,-1.555,-0.177,-1.419
Zach Charbonnet,RB,SEA,2025.0,2.0,0.0,0.0,481.9,4.12,7.748,-3.266,40.0,245.08,32.95,107.325,-1.141,9.405,9.166,0.112,0.07,16.99,-1.812,-2.657,-0.185,-1.449
Tua Tagovailoa,QB,MIA,2025.0,5.0,3984.66,24.89,82.65,0.42,15.108,71.407,22.0,0.0,0.0,147.585,-2.611,16.812,16.812,0.16,0.12,21.972,-1.699,-1.765,-0.046,-1.53
Brenton Strange,TE,JAC,2025.0,2.0,0.0,0.0,0.0,0.0,6.735,15.151,21.0,549.49,56.28,195.145,-3.829,7.415,7.315,0.104,0.083,13.384,-1.391,-0.815,-0.193,-1.557
Rashod Bateman,WR,BAL,2025.0,4.0,0.0,0.0,0.42,0.0,7.811,7.273,57.0,666.52,43.99,150.575,-2.701,8.824,8.396,0.06,0.022,16.043,-1.897,-1.516,-0.181,-1.574
Quentin Johnston,WR,LAC,2025.0,2.0,0.0,0.0,7.56,0.02,7.568,18.41,55.0,618.96,48.25,167.575,-3.174,9.455,9.634,0.128,0.034,18.318,-1.266,-1.76,-0.121,-1.58
Michael Penix,QB,ATL,2025.0,1.0,3825.22,22.65,163.46,1.81,14.663,95.334,23.0,0.0,0.0,135.698,-2.23,16.748,16.748,0.122,0.073,22.681,-1.763,-2.209,-0.281,-1.621
Luther Burden,WR,CHI,2025.0,0.0,0.0,0.0,21.25,0.14,6.649,34.515,60.0,566.87,49.11,130.303,-2.026,8.988,10.354,0.106,0.031,17.225,-1.733,-2.679,-0.138,-1.644
Cade Otton,TE,TB,2025.0,3.0,0.0,0.0,-0.18,0.0,6.358,6.308,19.0,508.27,49.15,191.88,-3.761,7.311,7.008,0.084,0.046,12.615,-1.495,-1.192,-0.378,-1.706
Tyjae Spears,RB,TEN,2025.0,2.0,0.0,0.0,456.72,3.55,7.654,-4.776,41.0,265.28,35.57,130.798,-2.06,9.36,9.12,0.109,0.069,16.855,-1.857,-2.751,-0.191,-1.715
Jayden Higgins,WR,HOU,2025.0,0.0,0.0,0.0,1.83,0.0,6.799,36.915,73.0,595.61,47.39,148.868,-2.641,9.096,10.379,0.105,0.034,17.384,-1.625,-2.529,-0.123,-1.73
Christian Kirk,WR,HOU,2025.0,7.0,0.0,0.0,2.13,0.0,7.073,-21.757,56.0,641.28,49.88,134.258,-2.163,8.39,7.614,0.047,0.021,15.319,-2.331,-2.254,-0.189,-1.735
Tre Harris,WR,LAC,2025.0,0.0,0.0,0.0,4.0,0.0,6.494,32.045,61.0,574.03,45.79,147.895,-2.611,9.292,10.764,0.114,0.041,17.675,-1.429,-2.833,-0.088,-1.74
Matthew Stafford,QB,LAR,2025.0,13.0,3914.68,25.06,55.36,0.46,14.971,9.876,20.0,0.0,0.0,147.885,-2.611,16.204,16.204,0.141,0.076,21.379,-2.307,-1.902,-0.265,-1.771
Cedric Tillman,WR,CLE,2025.0,2.0,0.0,0.0,2.65,0.01,7.476,16.95,63.0,664.55,55.08,164.55,-3.095,8.742,8.709,0.048,0.019,16.185,-1.98,-1.851,-0.198,-1.781
Xavier Legette,WR,CAR,2025.0,1.0,0.0,0.0,24.95,0.12,6.786,20.747,59.0,555.58,49.51,168.67,-3.2,9.26,9.721,0.107,0.032,17.725,-1.461,-2.541,-0.133,-1.834
Adam Thielen,WR,CAR,2025.0,9.0,0.0,0.0,1.09,0.0,7.661,-14.528,53.0,635.85,57.94,178.84,-3.453,8.576,7.959,0.055,0.019,15.584,-2.145,-1.666,-0.2,-1.866
Rachaad White,RB,TB,2025.0,3.0,0.0,0.0,428.23,2.38,7.754,-4.218,39.0,294.32,39.54,134.538,-2.197,8.755,8.707,0.104,0.07,16.491,-2.463,-2.651,-0.187,-1.874
Jordan Mason,RB,MIN,2025.0,3.0,0.0,0.0,632.54,3.7,7.068,-15.198,43.0,119.96,17.21,110.578,-1.307,8.522,7.579,0.093,0.059,16.294,-2.695,-3.337,-0.241,-1.895
Austin Ekeler,RB,WAS,2025.0,8.0,0.0,0.0,368.32,3.39,7.905,1.069,34.0,351.53,43.56,158.802,-2.931,9.051,8.865,0.079,0.092,15.905,-2.166,-2.5,-0.075,-1.918
Geno Smith,QB,LVR,2025.0,12.0,3780.48,21.73,228.39,1.42,14.553,6.095,25.0,0.0,0.0,165.902,-3.121,16.535,16.535,0.111,0.06,20.652,-1.976,-2.319,-0.343,-1.94
Chigoziem Okonkwo,TE,TEN,2025.0,3.0,0.0,0.0,1.72,0.0,5.972,0.128,29.0,506.15,51.3,210.345,-4.16,7.152,6.953,0.084,0.042,12.542,-1.654,-1.578,-0.396,-1.947
Marquise Brown,WR,KC,2025.0,6.0,0.0,0.0,2.0,0.0,7.016,-17.275,58.0,605.5,49.65,143.525,-2.488,7.898,7.144,0.034,0.013,14.672,-2.823,-2.312,-0.227,-1.962
Wan'Dale Robinson,WR,NYG,2025.0,4.0,0.0,0.0,15.47,0.01,6.676,-10.887,66.0,553.75,61.71,155.725,-2.846,8.552,7.805,0.045,0.016,15.45,-2.169,-2.651,-0.216,-1.971
Jack Bech,WR,LVR,2025.0,0.0,0.0,0.0,2.69,0.02,6.79,36.775,62.0,605.93,48.66,180.207,-3.477,8.977,10.144,0.115,0.032,17.462,-1.744,-2.538,-0.131,-1.972
Bhayshul Tuten,RB,JAC,2025.0,0.0,0.0,0.0,529.3,3.54,6.94,24.169,45.0,159.56,22.14,144.138,-2.488,9.364,9.514,0.149,0.065,17.668,-1.853,-3.465,-0.21,-2.004
Romeo Doubs,WR,GB,2025.0,3.0,0.0,0.0,0.9,0.0,7.288,4.056,64.0,613.39,48.85,181.13,-3.502,8.216,7.783,0.045,0.013,15.414,-2.505,-2.04,-0.228,-2.069
Jk Dobbins,RB,DEN,2025.0,5.0,0.0,0.0,544.62,3.86,7.045,-27.211,44.0,143.29,22.29,127.165,-1.92,8.352,8.078,0.094,0.05,15.436,-2.866,-3.36,-0.285,-2.108
Sam Darnold,QB,SEA,2025.0,7.0,3683.74,22.41,194.92,1.46,14.206,22.6,24.0,0.0,0.0,163.988,-3.068,16.179,16.179,0.107,0.056,20.653,-2.332,-2.667,-0.364,-2.108
Mason Taylor,TE,NYJ,2025.0,0.0,0.0,0.0,0.0,0.0,5.393,21.065,35.0,453.25,43.2,225.368,-4.48,7.18,7.038,0.068,0.044,12.378,-1.626,-2.157,-0.39,-2.163
Cam Ward,QB,TEN,2025.0,0.0,3427.67,21.16,278.65,1.81,13.788,124.701,27.0,0.0,0.0,175.287,-3.354,16.323,16.323,0.136,0.05,22.423,-2.188,-3.084,-0.394,-2.255
Kyle Williams,WR,NE,2025.0,0.0,0.0,0.0,4.22,0.0,5.843,21.625,67.0,515.93,42.3,184.828,-3.597,8.583,9.512,0.048,0.017,16.005,-2.138,-3.484,-0.208,-2.357
Jalen Mcmillan,WR,TB,2025.0,1.0,0.0,0.0,16.45,0.04,5.42,-1.113,70.0,432.52,34.57,156.075,-2.846,8.103,8.42,0.053,0.014,15.616,-2.618,-3.908,-0.226,-2.399
Jaydon Blue,RB,DAL,2025.0,0.0,0.0,0.0,437.16,2.68,5.835,6.489,57.0,148.5,20.47,158.74,-2.931,8.756,10.277,0.135,0.063,17.471,-2.461,-4.57,-0.223,-2.546
Demario Douglas,WR,NE,2025.0,2.0,0.0,0.0,10.0,0.0,5.832,-9.36,72.0,510.4,48.74,199.908,-3.941,8.049,7.696,0.047,0.012,15.399,-2.672,-3.496,-0.233,-2.585
Tank Bigsby,RB,JAC,2025.0,2.0,0.0,0.0,575.99,4.48,6.422,-24.476,42.0,72.12,10.53,142.112,-2.425,7.528,7.256,0.108,0.053,15.979,-3.69,-3.982,-0.27,-2.592
Ray Davis,RB,BUF,2025.0,1.0,0.0,0.0,440.52,2.92,5.666,-8.282,53.0,120.05,13.89,142.448,-2.425,8.061,8.927,0.092,0.046,15.729,-3.156,-4.739,-0.307,-2.657
Michael Wilson,WR,ARI,2025.0,2.0,0.0,0.0,5.15,0.03,6.7,4.53,65.0,571.66,46.15,235.89,-4.713,7.629,7.269,0.04,0.01,14.791,-3.092,-2.628,-0.244,-2.669
Trey Benson,RB,ARI,2025.0,1.0,0.0,0.0,506.23,2.91,5.704,-7.662,62.0,106.94,13.94,141.972,-2.425,7.789,8.165,0.087,0.043,15.661,-3.429,-4.701,-0.32,-2.718
Isaac Guerendo,RB,SF,2025.0,1.0,0.0,0.0,455.14,3.47,5.674,-8.152,48.0,118.47,13.47,134.522,-2.197,7.363,7.838,0.069,0.038,15.051,-3.855,-4.731,-0.346,-2.782
Joshua Palmer,WR,BUF,2025.0,4.0,0.0,0.0,0.42,0.0,5.676,-26.897,71.0,502.79,37.49,205.258,-4.051,7.125,6.524,0.031,0.013,13.983,-3.596,-3.652,-0.226,-2.881
Rico Dowdle,RB,CAR,2025.0,3.0,0.0,0.0,453.65,2.45,5.665,-37.638,46.0,124.22,18.15,152.315,-2.73,7.21,6.922,0.066,0.036,14.917,-4.008,-4.74,-0.355,-2.958
Alec Pierce,WR,IND,2025.0,3.0,0.0,0.0,0.11,0.0,5.944,-17.434,74.0,554.59,33.29,213.172,-4.224,6.687,6.357,0.035,0.008,13.888,-4.035,-3.383,-0.252,-2.974
Calvin Austin,WR,PIT,2025.0,3.0,0.0,0.0,4.07,0.02,6.598,-6.974,69.0,561.15,43.0,265.692,-5.379,7.021,6.556,0.036,0.008,14.114,-3.7,-2.729,-0.251,-3.015
Tyler Allgeier,RB,ATL,2025.0,3.0,0.0,0.0,557.79,3.35,6.174,-29.498,47.0,101.52,14.16,159.475,-2.931,6.326,6.476,0.057,0.034,14.491,-4.891,-4.231,-0.366,-3.105
Dylan Sampson,RB,CLE,2025.0,0.0,0.0,0.0,367.02,2.2,4.809,-9.921,58.0,124.22,17.27,159.932,-2.959,7.297,8.078,0.081,0.042,15.378,-3.92,-5.596,-0.328,-3.201
Braelon Allen,RB,NYJ,2025.0,1.0,0.0,0.0,383.74,2.6,5.287,-14.342,60.0,136.62,18.61,169.295,-3.2,7.003,7.402,0.058,0.033,14.634,-4.215,-5.118,-0.37,-3.226
Roschon Johnson,RB,CHI,2025.0,2.0,0.0,0.0,368.5,4.76,5.9,-32.836,50.0,124.28,18.35,192.325,-3.761,6.833,7.071,0.059,0.036,14.688,-4.384,-4.505,-0.354,-3.251
Deandre Hopkins,WR,BAL,2025.0,9.0,0.0,0.0,0.34,0.0,5.24,-53.268,79.0,422.48,32.2,212.705,-4.224,6.242,5.518,0.026,0.012,13.101,-4.479,-4.088,-0.236,-3.257
Jaylen Wright,RB,MIA,2025.0,1.0,0.0,0.0,391.96,2.48,4.703,-23.682,59.0,92.96,12.9,162.465,-3.014,7.187,7.755,0.067,0.038,14.808,-4.03,-5.702,-0.344,-3.272
Tyler Lockett,WR,TEN,2025.0,9.0,0.0,0.0,-0.13,0.0,6.095,-39.588,68.0,528.51,45.06,271.032,-5.498,6.582,5.824,0.028,0.012,13.387,-4.139,-3.233,-0.231,-3.275
Pat Bryant,WR,DEN,2025.0,0.0,0.0,0.0,0.0,0.0,4.273,-3.495,96.0,356.84,31.27,233.665,-4.67,7.405,8.642,0.094,0.017,15.781,-3.316,-5.054,-0.21,-3.313
Darius Slayton,WR,NYG,2025.0,6.0,0.0,0.0,3.94,0.01,5.824,-36.335,80.0,546.46,37.17,255.552,-5.149,6.26,5.654,0.025,0.011,13.044,-4.462,-3.503,-0.237,-3.338
Andrei Iosivas,WR,CIN,2025.0,2.0,0.0,0.0,0.04,0.0,5.416,-16.01,95.0,425.92,35.16,243.785,-4.885,6.41,6.024,0.032,0.007,13.416,-4.312,-3.911,-0.257,-3.341
Tutu Atwell,WR,LAR,2025.0,4.0,0.0,0.0,7.68,0.03,5.779,-25.237,78.0,534.23,42.64,270.752,-5.498,6.626,6.07,0.025,0.012,13.413,-4.096,-3.548,-0.232,-3.343
Ray Ray Mccloud,WR,ATL,2025.0,4.0,0.0,0.0,54.14,0.17,5.819,-24.607,83.0,489.95,44.05,282.087,-5.772,6.737,6.086,0.026,0.012,13.522,-3.984,-3.509,-0.234,-3.375
Jerome Ford,RB,CLE,2025.0,3.0,0.0,0.0,402.7,2.38,5.556,-39.378,52.0,154.8,22.03,195.793,-3.852,6.611,6.848,0.06,0.035,14.493,-4.606,-4.849,-0.363,-3.417
Noah Brown,WR,WAS,2025.0,8.0,0.0,0.0,0.19,0.0,4.455,-65.895,93.0,402.9,32.35,,,5.51,4.959,0.023,0.011,12.469,-5.211,-4.873,-0.239,-3.441
Allen Lazard,WR,NYJ,2025.0,6.0,0.0,0.0,0.14,0.02,4.416,-58.865,76.0,379.32,28.48,,,5.388,4.84,0.023,0.01,12.356,-5.333,-4.911,-0.241,-3.495
Jalen Tolbert,WR,DAL,2025.0,3.0,0.0,0.0,0.0,0.0,5.232,-28.824,85.0,417.1,33.09,256.075,-5.149,6.222,5.868,0.032,0.007,13.206,-4.499,-4.095,-0.258,-3.5
Jalen Coker,WR,CAR,2025.0,1.0,0.0,0.0,1.14,0.0,4.444,-16.733,87.0,404.52,32.4,238.23,-4.756,6.528,6.531,0.034,0.008,13.789,-4.193,-4.884,-0.253,-3.521
Kareem Hunt,RB,KC,2025.0,8.0,0.0,0.0,317.97,3.29,5.134,-43.261,51.0,129.82,19.02,197.328,-3.874,6.665,6.584,0.058,0.026,13.084,-4.553,-5.271,-0.404,-3.525
Marquez Valdes Scantling,WR,SEA,2025.0,7.0,0.0,0.0,2.51,0.02,4.471,-63.387,82.0,405.86,24.7,,,5.155,4.608,0.022,0.01,12.164,-5.566,-4.856,-0.242,-3.555
Dyami Brown,WR,JAC,2025.0,4.0,0.0,0.0,3.39,0.0,5.201,-34.497,84.0,467.47,37.57,257.248,-5.172,6.03,5.495,0.024,0.011,12.903,-4.692,-4.127,-0.238,-3.557
Kavontae Turpin,WR,DAL,2025.0,2.0,0.0,0.0,76.26,0.34,4.12,-36.75,106.0,313.01,24.4,,,5.512,5.354,0.029,0.007,12.494,-5.209,-5.208,-0.261,-3.559
Jaylin Noel,WR,HOU,2025.0,0.0,0.0,0.0,2.1,0.0,4.209,-4.515,99.0,361.7,30.61,223.355,-4.437,6.24,6.8,0.053,0.011,13.769,-4.481,-5.118,-0.236,-3.568
Tre Tucker,WR,LVR,2025.0,2.0,0.0,0.0,38.86,0.3,5.056,-21.77,75.0,421.83,32.88,263.987,-5.332,6.224,5.912,0.03,0.007,13.198,-4.497,-4.271,-0.258,-3.59
Greg Dortch,WR,ARI,2025.0,3.0,0.0,0.0,24.98,0.08,3.766,-52.284,101.0,293.94,28.88,,,5.77,5.678,0.029,0.007,12.818,-4.951,-5.561,-0.259,-3.591
Justice Hill,RB,BAL,2025.0,6.0,0.0,0.0,203.07,0.94,4.822,-58.147,64.0,252.9,30.07,193.39,-3.783,6.458,6.212,0.071,0.044,13.147,-4.76,-5.583,-0.315,-3.61
Nick Chubb,RB,HOU,2025.0,7.0,0.0,0.0,441.82,3.22,4.796,-57.09,68.0,50.54,6.4,197.328,-3.874,6.624,6.728,0.062,0.026,13.328,-4.594,-5.609,-0.403,-3.62
Josh Reynolds,WR,NYJ,2025.0,8.0,0.0,0.0,0.0,0.0,4.208,-69.855,94.0,366.9,27.73,,,5.09,4.5,0.022,0.01,12.088,-5.631,-5.12,-0.242,-3.664
Dontayvion Wicks,WR,GB,2025.0,2.0,0.0,0.0,0.34,0.0,4.491,-30.82,90.0,364.76,29.07,247.758,-4.972,6.091,5.84,0.03,0.007,13.108,-4.63,-4.837,-0.258,-3.674
Adonai Mitchell,WR,IND,2025.0,1.0,0.0,0.0,14.68,0.08,4.318,-18.743,92.0,377.16,28.51,252.152,-5.06,6.338,6.365,0.035,0.007,13.488,-4.383,-5.009,-0.257,-3.677
Jordan Whittington,WR,LAR,2025.0,1.0,0.0,0.0,9.3,0.04,3.304,-34.973,86.0,287.13,24.22,,,5.888,5.952,0.028,0.007,12.861,-4.833,-6.024,-0.259,-3.705
Parker Washington,WR,JAC,2025.0,2.0,0.0,0.0,1.18,0.0,3.029,-54.21,116.0,262.47,22.72,,,6.038,6.018,0.028,0.007,13.041,-4.683,-6.299,-0.258,-3.747
Tyler Shough,QB,NO,2025.0,0.0,2837.21,15.18,227.3,1.4,10.041,64.741,31.0,0.0,0.0,260.52,-5.263,16.003,16.003,0.142,0.048,21.34,-2.508,-6.832,-0.405,-3.752
Anthony Richardson,QB,IND,2025.0,2.0,1940.56,10.98,438.16,4.38,10.26,3.787,29.0,0.0,0.0,186.785,-3.645,13.666,18.221,0.111,0.11,21.852,-4.845,-6.612,-0.096,-3.8
Brandin Cooks,WR,NO,2025.0,9.0,0.0,0.0,2.34,0.0,5.068,-56.028,91.0,431.7,35.83,289.678,-5.984,5.925,5.302,0.024,0.011,12.837,-4.796,-4.26,-0.238,-3.82
Nick Westbrook Ikhine,WR,MIA,2025.0,5.0,0.0,0.0,0.14,0.0,4.859,-50.761,88.0,409.86,29.83,281.87,-5.772,5.802,5.233,0.024,0.011,12.692,-4.919,-4.469,-0.238,-3.849
Blake Corum,RB,LAR,2025.0,1.0,0.0,0.0,349.55,2.17,4.046,-34.192,56.0,71.95,10.22,189.232,-3.691,6.077,6.744,0.045,0.03,13.979,-5.14,-6.359,-0.387,-3.894
Mike Williams,WR,LAC,2025.0,8.0,0.0,0.0,0.24,0.0,4.241,-69.325,81.0,388.55,27.63,279.318,-5.695,5.952,5.428,0.024,0.011,12.849,-4.769,-5.087,-0.237,-3.947
Devaughn Vele,WR,DEN,2025.0,1.0,0.0,0.0,0.34,0.0,4.022,-23.473,113.0,346.56,30.48,255.955,-5.149,5.621,5.255,0.027,0.007,12.5,-5.1,-5.305,-0.261,-3.954
Curtis Samuel,WR,BUF,2025.0,8.0,0.0,0.0,22.97,0.06,3.454,-81.905,98.0,254.79,25.01,,,4.953,4.489,0.023,0.01,12.004,-5.768,-5.873,-0.242,-3.961
Elic Ayomanor,WR,TEN,2025.0,0.0,0.0,0.0,2.02,0.0,3.166,-21.215,108.0,271.42,22.73,235.328,-4.692,5.974,5.748,0.04,0.009,13.23,-4.747,-6.162,-0.249,-3.962
Tim Patrick,WR,DET,2025.0,7.0,0.0,0.0,-0.01,0.0,3.59,-77.487,100.0,301.44,25.56,,,4.79,4.461,0.022,0.01,11.986,-5.932,-5.738,-0.242,-3.97
Malik Washington,WR,MIA,2025.0,1.0,0.0,0.0,18.34,0.11,3.104,-38.163,102.0,251.37,25.45,,,5.073,5.097,0.025,0.006,11.9,-5.648,-6.223,-0.261,-4.044
Jermaine Burton,WR,CIN,2025.0,1.0,0.0,0.0,0.92,0.0,2.687,-44.843,110.0,232.51,16.34,,,5.283,5.538,0.027,0.007,12.127,-5.438,-6.641,-0.259,-4.113
Daniel Jones,QB,IND,2025.0,6.0,1527.57,8.17,204.24,1.55,6.485,-86.016,33.0,0.0,0.0,224.54,-4.48,16.89,16.89,0.135,0.114,21.04,-1.621,-10.388,-0.077,-4.141
Luke Mccaffrey,WR,WAS,2025.0,1.0,0.0,0.0,0.6,0.0,2.381,-49.743,109.0,201.07,19.53,,,5.408,5.616,0.026,0.007,12.365,-5.313,-6.947,-0.259,-4.173
Jahan Dotson,WR,PHI,2025.0,3.0,0.0,0.0,1.25,0.0,2.675,-69.744,114.0,230.86,20.73,,,4.829,4.764,0.026,0.007,11.669,-5.892,-6.653,-0.261,-4.269
Jalen Nailor,WR,MIN,2025.0,3.0,0.0,0.0,5.59,0.02,4.067,-47.474,89.0,342.49,28.05,278.198,-5.67,4.802,4.479,0.033,0.007,11.909,-5.919,-5.261,-0.259,-4.277
Roman Wilson,WR,PIT,2025.0,1.0,0.0,0.0,0.92,0.0,3.205,-36.553,107.0,281.44,23.87,274.008,-5.571,5.53,5.591,0.025,0.008,12.316,-5.191,-6.123,-0.256,-4.285
Dont'E Thornton,WR,LVR,2025.0,0.0,0.0,0.0,2.53,0.0,2.965,-24.425,112.0,261.07,22.08,282.265,-5.772,5.75,6.218,0.031,0.009,12.715,-4.972,-6.363,-0.248,-4.339
Mack Hollins,WR,NE,2025.0,8.0,0.0,0.0,0.0,0.0,2.845,-91.655,125.0,236.11,18.32,,,4.422,4.098,0.022,0.01,11.831,-6.299,-6.482,-0.242,-4.341
Demarcus Robinson,WR,SF,2025.0,9.0,0.0,0.0,1.06,0.0,3.488,-81.308,105.0,306.62,20.07,281.302,-5.746,5.041,4.59,0.022,0.01,12.017,-5.68,-5.84,-0.241,-4.377
Troy Franklin,WR,DEN,2025.0,1.0,0.0,0.0,6.79,0.02,3.327,-34.603,97.0,273.41,23.0,281.49,-5.746,5.088,5.041,0.026,0.007,11.946,-5.634,-6.001,-0.261,-4.41
Isaac Teslaa,WR,DET,2025.0,0.0,0.0,0.0,0.19,0.0,2.362,-34.065,122.0,206.96,16.81,,,4.544,4.846,0.029,0.009,11.444,-6.177,-6.965,-0.246,-4.463
Elijah Moore,WR,BUF,2025.0,4.0,0.0,0.0,1.58,0.0,3.299,-64.917,120.0,283.64,25.55,279.978,-5.721,4.788,4.451,0.023,0.01,11.943,-5.933,-6.028,-0.242,-4.481
Kalif Raymond,WR,DET,2025.0,6.0,0.0,0.0,4.77,0.0,2.386,-91.355,111.0,199.0,16.76,,,4.38,4.252,0.022,0.01,11.8,-6.341,-6.942,-0.242,-4.509
Jalen Royals,WR,KC,2025.0,0.0,0.0,0.0,0.69,0.0,2.894,-25.565,115.0,242.89,21.27,272.045,-5.522,4.82,5.006,0.032,0.01,11.912,-5.901,-6.434,-0.245,-4.525
Juju Smith Schuster,WR,KC,2025.0,8.0,0.0,0.0,0.0,0.0,1.981,-105.475,124.0,164.15,15.1,,,4.688,4.725,0.023,0.011,11.992,-6.034,-7.346,-0.24,-4.54
Khadarel Hodge,WR,ATL,2025.0,1.0,0.0,0.0,0.0,0.0,1.962,-56.433,130.0,177.02,12.82,,,4.721,4.915,0.025,0.007,11.671,-6.0,-7.365,-0.26,-4.542
Jalin Hyatt,WR,NYG,2025.0,2.0,0.0,0.0,0.14,0.0,2.231,-66.98,117.0,203.3,15.92,,,4.382,4.506,0.024,0.006,11.401,-6.339,-7.097,-0.262,-4.566
Jake Bobo,WR,SEA,2025.0,2.0,0.0,0.0,0.0,0.0,2.172,-67.91,119.0,190.34,17.38,,,4.425,4.522,0.027,0.006,11.498,-6.296,-7.155,-0.262,-4.571
Arian Smith,WR,NYJ,2025.0,0.0,0.0,0.0,3.02,0.0,1.851,-42.255,129.0,166.76,14.78,,,4.67,4.901,0.027,0.009,11.48,-6.051,-7.477,-0.249,-4.592
Olamide Zaccheaus,WR,CHI,2025.0,5.0,0.0,0.0,3.49,0.0,2.271,-92.161,126.0,193.77,16.12,,,4.098,4.019,0.028,0.01,11.962,-6.623,-7.056,-0.243,-4.641
Bub Means,WR,NO,2025.0,1.0,0.0,0.0,1.73,0.0,1.465,-64.393,127.0,131.25,9.72,,,4.89,5.06,0.025,0.007,11.821,-5.832,-7.863,-0.259,-4.651
Tory Horton,WR,SEA,2025.0,0.0,0.0,0.0,0.0,0.0,2.188,-36.855,123.0,193.46,15.44,,,4.041,4.344,0.027,0.01,11.089,-6.681,-7.139,-0.245,-4.688
Kayshon Boutte,WR,NE,2025.0,2.0,0.0,0.0,0.19,0.0,2.618,-60.79,103.0,240.99,15.15,291.732,-6.039,4.88,4.733,0.027,0.006,11.81,-5.842,-6.71,-0.261,-4.713
Zay Jones,WR,ARI,2025.0,8.0,0.0,0.0,0.92,0.0,2.034,-104.635,121.0,173.44,15.83,,,4.085,4.044,0.021,0.01,11.665,-6.636,-7.294,-0.242,-4.724
Treylon Burks,WR,TEN,2025.0,3.0,0.0,0.0,4.08,0.0,1.752,-84.504,118.0,159.34,11.85,,,4.035,4.182,0.027,0.007,11.341,-6.686,-7.575,-0.26,-4.841
Xavier Hutchinson,WR,HOU,2025.0,2.0,0.0,0.0,0.0,0.0,1.653,-76.22,104.0,149.7,13.63,,,3.978,4.26,0.027,0.007,11.243,-6.743,-7.674,-0.259,-4.892
Derius Davis,WR,LAC,2025.0,2.0,0.0,0.0,40.36,0.13,1.227,-83.04,133.0,79.72,7.34,,,4.289,4.421,0.027,0.006,11.422,-6.433,-8.101,-0.262,-4.932
Ben Skowronek,WR,PIT,2025.0,4.0,0.0,0.0,0.0,0.0,1.398,-95.347,136.0,123.34,9.46,,,3.886,3.978,0.028,0.01,11.846,-6.836,-7.93,-0.242,-5.003
Sterling Shepard,WR,TB,2025.0,9.0,0.0,0.0,5.68,0.0,1.384,-114.968,128.0,114.09,9.64,,,3.895,4.05,0.027,0.01,11.762,-6.826,-7.944,-0.241,-5.004
Jaxson Dart,QB,NYG,2025.0,0.0,1027.84,5.78,108.34,0.73,4.426,-25.089,36.0,0.0,0.0,246.387,-4.928,15.97,15.97,0.15,0.064,21.24,-2.541,-12.446,-0.326,-5.06
David Moore,WR,CAR,2025.0,8.0,0.0,0.0,0.0,0.0,1.363,-115.365,131.0,118.76,8.66,,,3.718,3.879,0.027,0.01,11.705,-7.003,-7.964,-0.241,-5.069
Tylan Wallace,WR,BAL,2025.0,4.0,0.0,0.0,0.52,0.0,1.039,-101.087,132.0,100.35,6.91,,,3.784,4.036,0.022,0.01,11.57,-6.938,-8.289,-0.241,-5.156
Michael Woods,WR,CLE,2025.0,3.0,0.0,0.0,0.0,0.0,1.86,-82.784,135.0,164.18,15.13,291.368,-6.011,3.761,3.907,0.026,0.008,11.15,-6.96,-7.468,-0.253,-5.173
Ainias Smith,WR,PHI,2025.0,1.0,0.0,0.0,4.04,0.03,0.882,-73.713,134.0,66.65,6.0,,,3.645,4.206,0.024,0.008,11.039,-7.076,-8.445,-0.254,-5.259
Bo Melton,WR,GB,2025.0,2.0,0.0,0.0,4.0,0.02,0.569,-93.57,137.0,51.48,3.6,,,3.687,3.974,0.03,0.007,11.247,-7.034,-8.759,-0.258,-5.35
Malik Willis,QB,GB,2025.0,1.0,311.35,1.92,48.16,0.37,1.397,-116.926,42.0,0.0,0.0,,,16.108,16.108,0.115,0.062,19.735,-2.402,-15.476,-0.337,-6.072
Zach Wilson,QB,MIA,2025.0,4.0,334.39,1.97,19.84,0.04,0.982,-156.002,49.0,0.0,0.0,,,16.024,16.024,0.118,0.039,20.756,-2.486,-15.891,-0.451,-6.276
Jalen Milroe,QB,SEA,2025.0,0.0,330.44,1.88,98.52,0.66,1.731,-68.209,39.0,0.0,0.0,,,9.147,18.294,0.075,0.05,21.431,-9.364,-15.141,-0.397,-8.301
