projection_scope,pos,threshold,outcome,n,events,above_threshold_n,above_threshold_events,status,threshold_step_odds_ratio,threshold_step_or_ci95_low,threshold_step_or_ci95_high,threshold_step_p_value,threshold_step_risk_pp,further_year_odds_ratio,further_year_or_ci95_low,further_year_or_ci95_high,further_year_p_value,further_year_risk_pp
all,RB,7,current_ppg_cliff_30,1131,232,92,21,ok,1.5523489160278463,0.7769724109014089,3.1015092985053383,0.21299439000379172,7.150312134792605,0.8926629099471628,0.6480946240399272,1.2295227289931123,0.4869948445941876,-1.8722285858614784
all,RB,7,current_ppg_cliff_50,1131,92,92,7,ok,1.8739704915240034,0.6321766016332606,5.555038566802201,0.25728124780535655,4.722994140149176,0.6511027822686457,0.3118393077665841,1.3594656687581295,0.25328747377854777,-2.4539408166875485
all,RB,7,extended_absence_8,1415,284,109,17,ok,0.6626222441162988,0.27341355986883104,1.6058758702690568,0.3621743030633878,-4.671389142069501,1.2490159449043376,0.8341821554069828,1.870144093245628,0.280290573162268,2.858227272539918
all,RB,7,current_any_bust,1415,516,109,38,ok,1.0990337499426317,0.5890956676138295,2.050388841604523,0.7666172380630257,1.9722596115896516,1.045669539213678,0.745132447672903,1.4674233938599532,0.7961677600494629,0.9662272839157101
all,RB,7,next_no_appearance,1330,212,101,31,ok,1.063650270790724,0.4901207850266435,2.308312426480095,0.8759570757547993,1.1177692366159477,1.094546969515093,0.8696632036232285,1.3775827969763197,0.44136354425407964,1.7460991814632516
all,RB,7,next_ppg_cliff_30,1330,240,101,17,ok,0.8698267629527088,0.39613654907365164,1.9099439304907897,0.7281937288434086,-2.0536092347520984,0.9468866704458406,0.661425567848954,1.3555483946347235,0.7655932437468986,-0.7244419436983918
all,RB,7,next_no_useful,1330,595,101,59,ok,0.9354220603186179,0.500556814827035,1.7480821457462026,0.8342462798744799,-1.5983360953249537,1.092224877946676,0.7730960720558161,1.5430878866494908,0.6168294984434373,2.055154929253104
all,WR,9,current_ppg_cliff_30,1667,300,91,23,ok,2.1145212977917835,0.9773308255503782,4.574909745936968,0.05720181284200444,10.118836885578235,1.1344214029167656,0.7903659898693403,1.628248097578679,0.49394833748544875,2.3717485539969454
all,WR,9,current_ppg_cliff_50,1667,96,91,9,ok,3.4970137045345298,1.0140495274696972,12.059672154492235,0.04746926426536603,5.559063086401493,1.1703691645663747,0.7394022654568858,1.8525287862370825,0.5019420983359021,1.453306375835381
all,WR,9,extended_absence_8,2015,348,109,18,ok,1.398012730159653,0.6950320448247054,2.812013644898024,0.3473766395494685,4.206644328393343,0.8957491259890931,0.6562542573219763,1.22264577754436,0.4879357896241904,-1.355512081582619
all,WR,9,current_any_bust,2015,648,109,41,ok,1.771508578166849,0.9303640481621864,3.373134042225645,0.08180152865093498,11.55484892647946,1.0495018696406153,0.741301770984865,1.4858377755064545,0.7853250406347289,1.094356004598709
all,WR,9,next_no_appearance,1888,262,101,34,ok,1.0679866603883088,0.5374821343371196,2.122108687713085,0.8510683313105301,1.0986244224818829,1.384342968286508,1.0580860557322038,1.8111999902674574,0.017703832322567163,6.292049853558917
all,WR,9,next_ppg_cliff_30,1888,256,101,22,ok,1.5083242348704,0.6693296196057213,3.3989859866615872,0.32144947396407375,6.413512824468237,0.9207979679057317,0.6829155052438628,1.241542901265009,0.5884147210141879,-1.3237541781614146
all,WR,9,next_no_useful,1888,685,101,63,ok,1.3895943430318485,0.728915153385258,2.6491045346199926,0.31757050924530217,7.761550318613346,1.3693829231223646,0.902032782015995,2.0788707766786025,0.13996432497755298,6.450812155432758
all,TE,8,current_ppg_cliff_30,654,138,63,12,ok,0.5848498699253465,0.21919108357924846,1.5605076847390413,0.2840536774424476,-8.077593007158153,1.1475081016696136,0.8471897544633896,1.5542856089323767,0.37411215749991045,2.121033128159515
all,TE,8,current_ppg_cliff_50,654,33,63,1,ok,0.7008738614130828,0.7008738614130828,0.7008738614130829,0.0,-1.4099093480233764,1.1820591346453594e-08,1.1820591346453594e-08,1.1820591346453594e-08,0.0,-1.5873015700064206
all,TE,8,extended_absence_8,776,122,73,10,ok,0.8874212501225163,0.32393272072360496,2.431111230164848,0.8163162962975221,-1.4327185192339136,0.9676250445489887,0.6876412139559398,1.361608652646037,0.8502151816356741,-0.36197860560397727
all,TE,8,current_any_bust,776,260,73,22,ok,0.6789819246682028,0.32799986701996625,1.4055385394350595,0.29696878141032435,-8.115126970634226,1.0709571242559939,0.8686409859254405,1.3203949394268122,0.5210510619480995,1.4202879455082176
all,TE,8,next_no_appearance,727,80,67,18,ok,0.7856355993382194,0.2747529415897439,2.2464665578327088,0.6526455298652538,-3.3135844247619035,1.4087169693815749,1.0851625564535747,1.8287430652870196,0.010056659597147213,5.986686622364972
all,TE,8,next_ppg_cliff_30,727,114,67,6,ok,0.39390985792599365,0.08582245039317739,1.8079765313204301,0.2308048916275519,-10.241218974066504,1.0416343805377721,0.624140599591727,1.7383938545706652,0.8759533893810044,0.334131155012355
all,TE,8,next_no_useful,727,240,67,29,ok,0.5524240802432694,0.23471944991081486,1.3001579739070492,0.1741692360503343,-13.180474884350716,1.3341268896293055,0.9954276623760059,1.788070218365742,0.053690043202811094,6.40940067649466
starter_or_elite,RB,7,current_ppg_cliff_30,675,120,50,10,ok,2.1541963214567756,0.6531186813662384,7.105235118478711,0.20753732309235573,10.503289796217821,0.7860455540930525,0.38525533443243504,1.603787301270487,0.5081746551261246,-3.352510884679696
starter_or_elite,RB,7,current_ppg_cliff_50,675,45,50,3,ok,3.1518961982566855,0.6404652379265712,15.511301872911211,0.1579545818859046,9.422834888791947,0.20857896074518428,0.03569981287490413,1.2186389608816104,0.08178165379776348,-4.57474596456639
starter_or_elite,RB,7,extended_absence_8,778,103,58,8,ok,1.4691200082787468,0.549622994010803,3.926898296184681,0.4431802444225936,5.021422907629479,0.670161010610254,0.3702699762514815,1.2129413912758744,0.18608873403652126,-3.992750416190948
starter_or_elite,RB,7,current_any_bust,778,223,58,18,ok,1.8723681496287763,0.7905472367909923,4.434602164919277,0.15394389646414608,12.699316869608188,0.7331880098658684,0.4540437005741348,1.1839491598084642,0.20430991591986403,-5.932646982927062
starter_or_elite,RB,7,next_no_appearance,735,67,53,12,ok,2.625803857142068,0.8461095746782862,8.148880597177696,0.09476318467499148,16.24620516756739,0.6065746023933937,0.3233745266966672,1.1377913777785997,0.11928970436039088,-7.172661210097697
starter_or_elite,RB,7,next_ppg_cliff_30,735,156,53,10,ok,0.5986186480990734,0.1867406476236983,1.918941004071396,0.38793752661661995,-8.765614477852077,0.9324646675098072,0.5196728967723996,1.6731493244200975,0.8146566568140845,-0.9925179228850803
starter_or_elite,RB,7,next_no_useful,735,289,53,27,ok,0.9122164768957497,0.3752779878494782,2.217393312857614,0.8393338259732404,-2.1605308185293066,0.8699222102055328,0.49284041598044637,1.5355166241863252,0.6307468210144538,-3.311789545404093
starter_or_elite,WR,9,current_ppg_cliff_30,1005,178,63,17,ok,2.062211714914392,0.8646460837522761,4.91844841148737,0.1026674663171646,11.360138513444154,1.0101869677440931,0.6457754772841554,1.5802360815738636,0.9645870588178616,0.19145418217860263
starter_or_elite,WR,9,current_ppg_cliff_50,1005,49,63,5,ok,5.18312112481795,1.170948270482437,22.942725372031735,0.03016401579189702,8.630188489262194,0.7305852649831632,0.36423472341111673,1.465414456951877,0.37673006280015753,-1.9574777544338542
starter_or_elite,WR,9,extended_absence_8,1109,104,72,9,ok,1.18488662045383,0.4347401644133171,3.229414759101316,0.7401700153841124,1.9185533492269837,0.8445973895897678,0.5101363433156566,1.3983413647132652,0.5114525261149157,-1.658489620275886
starter_or_elite,WR,9,current_any_bust,1109,282,72,26,ok,1.7522415243751484,0.8169169426329351,3.7584608661056285,0.14969243704741245,11.52726805125617,0.9657926474583449,0.636214404023461,1.4661023579249277,0.8701759281286559,-0.7684531371663975
starter_or_elite,WR,9,next_no_appearance,1045,87,67,17,ok,1.0809168889797116,0.39496071496863827,2.9582216068612115,0.8795970144120917,1.1604519482627749,1.2073057555868567,0.7894684968062482,1.8462892355676517,0.3847090197395334,3.280509874923444
starter_or_elite,WR,9,next_ppg_cliff_30,1045,171,67,16,ok,1.4383632166259996,0.5094055677343212,4.061378347599284,0.4924749957945478,6.377068194923327,0.8560914860743692,0.6014648799402647,1.2185127627099528,0.3883024443153281,-2.60186563566268
starter_or_elite,WR,9,next_no_useful,1045,308,67,37,ok,1.3027450644556324,0.5583687248754761,3.0394694891659566,0.5406344604890956,6.1526647187133126,1.2383875690419397,0.798344349225121,1.9209803046093232,0.33980966212337127,4.764584447039395
starter_or_elite,TE,8,current_ppg_cliff_30,375,75,42,7,ok,0.38743881506878447,0.12818735348619262,1.1710112685809713,0.09290851074175469,-13.149419872353274,1.1684879565609918,0.8055695213835989,1.6949053661849236,0.4118769588186112,2.04608442953961
starter_or_elite,TE,8,current_ppg_cliff_50,375,14,42,0,ok,1.5656426536998613e-10,2.9400312838972036e-11,8.337451824101237e-10,2.8586058402688765e-154,-4.129128149102828,1.2882377474977957,1.0527822585635325,1.576353021319503,0.013913657779559163,3.0296256197476636e-10
starter_or_elite,TE,8,extended_absence_8,420,45,45,3,ok,0.5687861755891335,0.11460666030592624,2.8228526394341125,0.4899774036240112,-4.273389185611432,1.0143123397993377,0.5884386696332227,1.748405697590341,0.9592023432155427,0.08733260245790644
starter_or_elite,TE,8,current_any_bust,420,120,45,10,ok,0.44267573269326144,0.16427463869584427,1.1928914035132387,0.1071230209538058,-14.56297042464647,1.112090930751067,0.779490258345875,1.586608973001438,0.5578849360723546,1.7734921022166235
starter_or_elite,TE,8,next_no_appearance,395,28,42,9,ok,0.9400641608295323,0.18978617548731294,4.656401469743558,0.9396487151630024,-0.5719383415274849,1.520346136129789,1.0285758505488851,2.2472357020741875,0.03561271943628591,5.797004289802056
starter_or_elite,TE,8,next_ppg_cliff_30,395,66,42,3,ok,0.5084075739639684,0.09424197737455081,2.7427083818142357,0.43146908033380604,-6.857077457474247,0.8559641670365679,0.6451243556113373,1.1357107337178476,0.2810498856074044,-0.938270943426312
starter_or_elite,TE,8,next_no_useful,395,108,42,14,ok,0.7147419814998748,0.27056445648980826,1.8881123808574263,0.4980216122327661,-6.453980114997068,1.2636776048479283,0.9173156536498771,1.7408196215124196,0.15216256553610685,4.8657947209953365
