target_name,method,slice_type,slice_value,metric,n_rows,n_origins,value
next_conditional_ppg,next_ppg_expert_carry_forward,pooled,all,rmse,3368,8,4.365349051329854
next_conditional_ppg,next_ppg_expert_carry_forward,pooled,all,mae,3368,8,3.141709756148098
next_conditional_ppg,next_ppg_expert_carry_forward,pooled,all,bias,3368,8,-1.336536700152893
next_conditional_ppg,next_ppg_expert_carry_forward,pooled,all,spearman,3368,8,0.6138019031832762
next_conditional_ppg,next_ppg_expert_carry_forward,recent,2022_2024,rmse,1269,3,4.224147068804779
next_conditional_ppg,next_ppg_expert_carry_forward,recent,2022_2024,mae,1269,3,3.003818371851721
next_conditional_ppg,next_ppg_expert_carry_forward,recent,2022_2024,bias,1269,3,-1.0316910553048901
next_conditional_ppg,next_ppg_expert_carry_forward,recent,2022_2024,spearman,1269,3,0.6270459602555175
next_conditional_ppg,next_ppg_expert_carry_forward,origin_season,2017,rmse,415,1,4.930327571935305
next_conditional_ppg,next_ppg_expert_carry_forward,origin_season,2017,mae,415,1,3.519613179932568
next_conditional_ppg,next_ppg_expert_carry_forward,origin_season,2017,bias,415,1,-1.7961633796927448
next_conditional_ppg,next_ppg_expert_carry_forward,origin_season,2017,spearman,415,1,0.613745357602702
next_conditional_ppg,next_ppg_expert_carry_forward,origin_season,2018,rmse,376,1,4.191149496291345
next_conditional_ppg,next_ppg_expert_carry_forward,origin_season,2018,mae,376,1,3.1398762087128307
next_conditional_ppg,next_ppg_expert_carry_forward,origin_season,2018,bias,376,1,-1.6585782866371244
next_conditional_ppg,next_ppg_expert_carry_forward,origin_season,2018,spearman,376,1,0.5986527590593977
next_conditional_ppg,next_ppg_expert_carry_forward,origin_season,2019,rmse,432,1,4.705135583050248
next_conditional_ppg,next_ppg_expert_carry_forward,origin_season,2019,mae,432,1,3.3611867723812034
next_conditional_ppg,next_ppg_expert_carry_forward,origin_season,2019,bias,432,1,-1.7112104959184056
next_conditional_ppg,next_ppg_expert_carry_forward,origin_season,2019,spearman,432,1,0.6004250648719355
next_conditional_ppg,next_ppg_expert_carry_forward,origin_season,2020,rmse,452,1,4.30972176981691
next_conditional_ppg,next_ppg_expert_carry_forward,origin_season,2020,mae,452,1,3.121194286725008
next_conditional_ppg,next_ppg_expert_carry_forward,origin_season,2020,bias,452,1,-1.5191794753503998
next_conditional_ppg,next_ppg_expert_carry_forward,origin_season,2020,spearman,452,1,0.6136986562031609
next_conditional_ppg,next_ppg_expert_carry_forward,origin_season,2021,rmse,424,1,4.030127726931361
next_conditional_ppg,next_ppg_expert_carry_forward,origin_season,2021,mae,424,1,2.9844045221946582
next_conditional_ppg,next_ppg_expert_carry_forward,origin_season,2021,bias,424,1,-0.9370150035138153
next_conditional_ppg,next_ppg_expert_carry_forward,origin_season,2021,spearman,424,1,0.6248822366474246
next_conditional_ppg,next_ppg_expert_carry_forward,origin_season,2022,rmse,412,1,4.322336456762812
next_conditional_ppg,next_ppg_expert_carry_forward,origin_season,2022,mae,412,1,3.0762711249819055
next_conditional_ppg,next_ppg_expert_carry_forward,origin_season,2022,bias,412,1,-0.6552794707427015
next_conditional_ppg,next_ppg_expert_carry_forward,origin_season,2022,spearman,412,1,0.6037364893553223
next_conditional_ppg,next_ppg_expert_carry_forward,origin_season,2023,rmse,420,1,4.194972974349016
next_conditional_ppg,next_ppg_expert_carry_forward,origin_season,2023,mae,420,1,3.0697039577545953
next_conditional_ppg,next_ppg_expert_carry_forward,origin_season,2023,bias,420,1,-1.1540037497140516
next_conditional_ppg,next_ppg_expert_carry_forward,origin_season,2023,spearman,420,1,0.6396997726217776
next_conditional_ppg,next_ppg_expert_carry_forward,origin_season,2024,rmse,437,1,4.157922236102884
next_conditional_ppg,next_ppg_expert_carry_forward,origin_season,2024,mae,437,1,2.872187981991668
next_conditional_ppg,next_ppg_expert_carry_forward,origin_season,2024,bias,437,1,-1.269014261684236
next_conditional_ppg,next_ppg_expert_carry_forward,origin_season,2024,spearman,437,1,0.6355553854521813
next_conditional_ppg,next_ppg_expert_carry_forward,position,QB,rmse,274,7,8.150054784435106
next_conditional_ppg,next_ppg_expert_carry_forward,position,QB,mae,274,7,6.047158119136877
next_conditional_ppg,next_ppg_expert_carry_forward,position,QB,bias,274,7,-3.433194220166592
next_conditional_ppg,next_ppg_expert_carry_forward,position,QB,spearman,274,7,0.4997966267012787
next_conditional_ppg,next_ppg_expert_carry_forward,position,RB,rmse,918,8,4.630888375863779
next_conditional_ppg,next_ppg_expert_carry_forward,position,RB,mae,918,8,3.4933298498389345
next_conditional_ppg,next_ppg_expert_carry_forward,position,RB,bias,918,8,-1.1666986944602897
next_conditional_ppg,next_ppg_expert_carry_forward,position,RB,spearman,918,8,0.6031001460977313
next_conditional_ppg,next_ppg_expert_carry_forward,position,TE,rmse,778,8,2.8840447540117715
next_conditional_ppg,next_ppg_expert_carry_forward,position,TE,mae,778,8,2.1449064123403296
next_conditional_ppg,next_ppg_expert_carry_forward,position,TE,bias,778,8,-1.175502855304616
next_conditional_ppg,next_ppg_expert_carry_forward,position,TE,spearman,778,8,0.569447098177399
next_conditional_ppg,next_ppg_expert_carry_forward,position,WR,rmse,1398,8,3.7656404626249547
next_conditional_ppg,next_ppg_expert_carry_forward,position,WR,mae,1398,8,2.896096668891538
next_conditional_ppg,next_ppg_expert_carry_forward,position,WR,bias,1398,8,-1.1267451837251503
next_conditional_ppg,next_ppg_expert_carry_forward,position,WR,spearman,1398,8,0.6290322220644274
next_conditional_ppg,next_ppg_expert_carry_forward,history_depth,other_no_history,rmse,45,8,4.640156816227413
next_conditional_ppg,next_ppg_expert_carry_forward,history_depth,other_no_history,mae,45,8,2.944477977148462
next_conditional_ppg,next_ppg_expert_carry_forward,history_depth,other_no_history,bias,45,8,-2.8841446438151297
next_conditional_ppg,next_ppg_expert_carry_forward,history_depth,other_no_history,spearman,45,8,-0.050890853656201676
next_conditional_ppg,next_ppg_expert_carry_forward,history_depth,rookie,rmse,583,8,5.152483534232858
next_conditional_ppg,next_ppg_expert_carry_forward,history_depth,rookie,mae,583,8,3.6745494127298786
next_conditional_ppg,next_ppg_expert_carry_forward,history_depth,rookie,bias,583,8,-3.0840461091635043
next_conditional_ppg,next_ppg_expert_carry_forward,history_depth,rookie,spearman,583,8,0.5414155965446436
next_conditional_ppg,next_ppg_expert_carry_forward,history_depth,second_year,rmse,574,8,4.211643938314394
next_conditional_ppg,next_ppg_expert_carry_forward,history_depth,second_year,mae,574,8,3.156135445433923
next_conditional_ppg,next_ppg_expert_carry_forward,history_depth,second_year,bias,574,8,-1.5597346110147103
next_conditional_ppg,next_ppg_expert_carry_forward,history_depth,second_year,spearman,574,8,0.6078597803817049
next_conditional_ppg,next_ppg_expert_carry_forward,history_depth,veteran_with_history,rmse,2166,8,4.163859426227044
next_conditional_ppg,next_ppg_expert_carry_forward,history_depth,veteran_with_history,mae,2166,8,2.998565510819262
next_conditional_ppg,next_ppg_expert_carry_forward,history_depth,veteran_with_history,bias,2166,8,-0.7748765229817618
next_conditional_ppg,next_ppg_expert_carry_forward,history_depth,veteran_with_history,spearman,2166,8,0.6521249917268728
next_conditional_ppg,next_ppg_expert_carry_forward,experience_group,rookie,rmse,583,8,5.152483534232858
next_conditional_ppg,next_ppg_expert_carry_forward,experience_group,rookie,mae,583,8,3.6745494127298786
next_conditional_ppg,next_ppg_expert_carry_forward,experience_group,rookie,bias,583,8,-3.0840461091635043
next_conditional_ppg,next_ppg_expert_carry_forward,experience_group,rookie,spearman,583,8,0.5414155965446436
next_conditional_ppg,next_ppg_expert_carry_forward,experience_group,second_year,rmse,574,8,4.211643938314394
next_conditional_ppg,next_ppg_expert_carry_forward,experience_group,second_year,mae,574,8,3.156135445433923
next_conditional_ppg,next_ppg_expert_carry_forward,experience_group,second_year,bias,574,8,-1.5597346110147103
next_conditional_ppg,next_ppg_expert_carry_forward,experience_group,second_year,spearman,574,8,0.6078597803817049
next_conditional_ppg,next_ppg_expert_carry_forward,experience_group,year_10_plus,rmse,130,8,5.333898630591285
next_conditional_ppg,next_ppg_expert_carry_forward,experience_group,year_10_plus,mae,130,8,3.7900562072563657
next_conditional_ppg,next_ppg_expert_carry_forward,experience_group,year_10_plus,bias,130,8,-0.4183727751024155
next_conditional_ppg,next_ppg_expert_carry_forward,experience_group,year_10_plus,spearman,130,8,0.6362023736536182
next_conditional_ppg,next_ppg_expert_carry_forward,experience_group,year_2_3,rmse,952,8,3.9834827640160393
next_conditional_ppg,next_ppg_expert_carry_forward,experience_group,year_2_3,mae,952,8,2.940481442322494
next_conditional_ppg,next_ppg_expert_carry_forward,experience_group,year_2_3,bias,952,8,-1.2196551254199306
next_conditional_ppg,next_ppg_expert_carry_forward,experience_group,year_2_3,spearman,952,8,0.6370355881358427
next_conditional_ppg,next_ppg_expert_carry_forward,experience_group,year_4_6,rmse,828,8,3.9197352733140503
next_conditional_ppg,next_ppg_expert_carry_forward,experience_group,year_4_6,mae,828,8,2.8228656033848982
next_conditional_ppg,next_ppg_expert_carry_forward,experience_group,year_4_6,bias,828,8,-0.637697182038449
next_conditional_ppg,next_ppg_expert_carry_forward,experience_group,year_4_6,spearman,828,8,0.6619894203104094
next_conditional_ppg,next_ppg_expert_carry_forward,experience_group,year_7_9,rmse,301,8,4.820954952037516
next_conditional_ppg,next_ppg_expert_carry_forward,experience_group,year_7_9,mae,301,8,3.3156679261434046
next_conditional_ppg,next_ppg_expert_carry_forward,experience_group,year_7_9,bias,301,8,-0.21480282677492674
next_conditional_ppg,next_ppg_expert_carry_forward,experience_group,year_7_9,spearman,301,8,0.6159713018665799
next_conditional_ppg,next_ppg_lasso,pooled,all,rmse,3368,8,3.619416394182519
next_conditional_ppg,next_ppg_lasso,pooled,all,mae,3368,8,2.7668137932283656
next_conditional_ppg,next_ppg_lasso,pooled,all,bias,3368,8,0.2891876422707441
next_conditional_ppg,next_ppg_lasso,pooled,all,spearman,3368,8,0.6929255856916423
next_conditional_ppg,next_ppg_lasso,recent,2022_2024,rmse,1269,3,3.6135202976983685
next_conditional_ppg,next_ppg_lasso,recent,2022_2024,mae,1269,3,2.7620046069213857
next_conditional_ppg,next_ppg_lasso,recent,2022_2024,bias,1269,3,0.5516819591795264
next_conditional_ppg,next_ppg_lasso,recent,2022_2024,spearman,1269,3,0.7151670408936982
next_conditional_ppg,next_ppg_lasso,origin_season,2017,rmse,415,1,3.9337860703365966
next_conditional_ppg,next_ppg_lasso,origin_season,2017,mae,415,1,2.9040179117466334
next_conditional_ppg,next_ppg_lasso,origin_season,2017,bias,415,1,-0.05498476572487281
next_conditional_ppg,next_ppg_lasso,origin_season,2017,spearman,415,1,0.6940593251616562
next_conditional_ppg,next_ppg_lasso,origin_season,2018,rmse,376,1,3.424703561092812
next_conditional_ppg,next_ppg_lasso,origin_season,2018,mae,376,1,2.603930953121638
next_conditional_ppg,next_ppg_lasso,origin_season,2018,bias,376,1,-0.10649538794854073
next_conditional_ppg,next_ppg_lasso,origin_season,2018,spearman,376,1,0.6504521150851054
next_conditional_ppg,next_ppg_lasso,origin_season,2019,rmse,432,1,3.8771992619936246
next_conditional_ppg,next_ppg_lasso,origin_season,2019,mae,432,1,2.9249207503804535
next_conditional_ppg,next_ppg_lasso,origin_season,2019,bias,432,1,-0.19238624637160737
next_conditional_ppg,next_ppg_lasso,origin_season,2019,spearman,432,1,0.6683245949987703
next_conditional_ppg,next_ppg_lasso,origin_season,2020,rmse,452,1,3.495148106263424
next_conditional_ppg,next_ppg_lasso,origin_season,2020,mae,452,1,2.721636591261494
next_conditional_ppg,next_ppg_lasso,origin_season,2020,bias,452,1,0.220950704165192
next_conditional_ppg,next_ppg_lasso,origin_season,2020,spearman,452,1,0.6787847769865883
next_conditional_ppg,next_ppg_lasso,origin_season,2021,rmse,424,1,3.330699847481779
next_conditional_ppg,next_ppg_lasso,origin_season,2021,mae,424,1,2.67842932605367
next_conditional_ppg,next_ppg_lasso,origin_season,2021,bias,424,1,0.7547208885928965
next_conditional_ppg,next_ppg_lasso,origin_season,2021,spearman,424,1,0.7246501957392608
next_conditional_ppg,next_ppg_lasso,origin_season,2022,rmse,412,1,3.7423311630929703
next_conditional_ppg,next_ppg_lasso,origin_season,2022,mae,412,1,2.8904328091708393
next_conditional_ppg,next_ppg_lasso,origin_season,2022,bias,412,1,0.9302185946486424
next_conditional_ppg,next_ppg_lasso,origin_season,2022,spearman,412,1,0.7070046409635271
next_conditional_ppg,next_ppg_lasso,origin_season,2023,rmse,420,1,3.6815729446181487
next_conditional_ppg,next_ppg_lasso,origin_season,2023,mae,420,1,2.8127290761847497
next_conditional_ppg,next_ppg_lasso,origin_season,2023,bias,420,1,0.4166341196426679
next_conditional_ppg,next_ppg_lasso,origin_season,2023,spearman,420,1,0.710488930138174
next_conditional_ppg,next_ppg_lasso,origin_season,2024,rmse,437,1,3.4186376298011174
next_conditional_ppg,next_ppg_lasso,origin_season,2024,mae,437,1,2.5921723496733584
next_conditional_ppg,next_ppg_lasso,origin_season,2024,bias,437,1,0.32459499989395385
next_conditional_ppg,next_ppg_lasso,origin_season,2024,spearman,437,1,0.7336923628910789
next_conditional_ppg,next_ppg_lasso,position,QB,rmse,274,7,5.682076917354522
next_conditional_ppg,next_ppg_lasso,position,QB,mae,274,7,4.311358870618439
next_conditional_ppg,next_ppg_lasso,position,QB,bias,274,7,-0.00803378369647942
next_conditional_ppg,next_ppg_lasso,position,QB,spearman,274,7,0.46119463911193515
next_conditional_ppg,next_ppg_lasso,position,RB,rmse,918,8,4.076420137212716
next_conditional_ppg,next_ppg_lasso,position,RB,mae,918,8,3.1847789376488604
next_conditional_ppg,next_ppg_lasso,position,RB,bias,918,8,0.19105356029149764
next_conditional_ppg,next_ppg_lasso,position,RB,spearman,918,8,0.6311930645633079
next_conditional_ppg,next_ppg_lasso,position,TE,rmse,778,8,2.4847693880631465
next_conditional_ppg,next_ppg_lasso,position,TE,mae,778,8,1.9535589539458573
next_conditional_ppg,next_ppg_lasso,position,TE,bias,778,8,0.38464057385668554
next_conditional_ppg,next_ppg_lasso,position,TE,spearman,778,8,0.5805012083285547
next_conditional_ppg,next_ppg_lasso,position,WR,rmse,1398,8,3.299217621169006
next_conditional_ppg,next_ppg_lasso,position,WR,mae,1398,8,2.6422178784779335
next_conditional_ppg,next_ppg_lasso,position,WR,bias,1398,8,0.35876087345679925
next_conditional_ppg,next_ppg_lasso,position,WR,spearman,1398,8,0.6640129278309275
next_conditional_ppg,next_ppg_lasso,history_depth,other_no_history,rmse,45,8,3.0336871126421285
next_conditional_ppg,next_ppg_lasso,history_depth,other_no_history,mae,45,8,2.3045665793399595
next_conditional_ppg,next_ppg_lasso,history_depth,other_no_history,bias,45,8,0.4949026617837233
next_conditional_ppg,next_ppg_lasso,history_depth,other_no_history,spearman,45,8,0.3591670242558436
next_conditional_ppg,next_ppg_lasso,history_depth,rookie,rmse,583,8,3.892473764762919
next_conditional_ppg,next_ppg_lasso,history_depth,rookie,mae,583,8,3.004960956178216
next_conditional_ppg,next_ppg_lasso,history_depth,rookie,bias,583,8,0.32539806104318714
next_conditional_ppg,next_ppg_lasso,history_depth,rookie,spearman,583,8,0.6196954905982104
next_conditional_ppg,next_ppg_lasso,history_depth,second_year,rmse,574,8,3.776086622773723
next_conditional_ppg,next_ppg_lasso,history_depth,second_year,mae,574,8,2.9329554278312764
next_conditional_ppg,next_ppg_lasso,history_depth,second_year,bias,574,8,0.3627062765369207
next_conditional_ppg,next_ppg_lasso,history_depth,second_year,spearman,574,8,0.6435621008032555
next_conditional_ppg,next_ppg_lasso,history_depth,veteran_with_history,rmse,2166,8,3.5102696046495954
next_conditional_ppg,next_ppg_lasso,history_depth,veteran_with_history,mae,2166,8,2.6682893381790325
next_conditional_ppg,next_ppg_lasso,history_depth,veteran_with_history,bias,2166,8,0.2556846200679723
next_conditional_ppg,next_ppg_lasso,history_depth,veteran_with_history,spearman,2166,8,0.727077956670488
next_conditional_ppg,next_ppg_lasso,experience_group,rookie,rmse,583,8,3.892473764762919
next_conditional_ppg,next_ppg_lasso,experience_group,rookie,mae,583,8,3.004960956178216
next_conditional_ppg,next_ppg_lasso,experience_group,rookie,bias,583,8,0.32539806104318714
next_conditional_ppg,next_ppg_lasso,experience_group,rookie,spearman,583,8,0.6196954905982104
next_conditional_ppg,next_ppg_lasso,experience_group,second_year,rmse,574,8,3.776086622773723
next_conditional_ppg,next_ppg_lasso,experience_group,second_year,mae,574,8,2.9329554278312764
next_conditional_ppg,next_ppg_lasso,experience_group,second_year,bias,574,8,0.3627062765369207
next_conditional_ppg,next_ppg_lasso,experience_group,second_year,spearman,574,8,0.6435621008032555
next_conditional_ppg,next_ppg_lasso,experience_group,year_10_plus,rmse,130,8,4.2279333552874965
next_conditional_ppg,next_ppg_lasso,experience_group,year_10_plus,mae,130,8,3.094788162058354
next_conditional_ppg,next_ppg_lasso,experience_group,year_10_plus,bias,130,8,-0.24248259908374573
next_conditional_ppg,next_ppg_lasso,experience_group,year_10_plus,spearman,130,8,0.7611284615780378
next_conditional_ppg,next_ppg_lasso,experience_group,year_2_3,rmse,952,8,3.4186240455269767
next_conditional_ppg,next_ppg_lasso,experience_group,year_2_3,mae,952,8,2.6519332937643263
next_conditional_ppg,next_ppg_lasso,experience_group,year_2_3,bias,952,8,0.3008228428208064
next_conditional_ppg,next_ppg_lasso,experience_group,year_2_3,spearman,952,8,0.6916880579227647
next_conditional_ppg,next_ppg_lasso,experience_group,year_4_6,rmse,828,8,3.3764186005584493
next_conditional_ppg,next_ppg_lasso,experience_group,year_4_6,mae,828,8,2.551431082549828
next_conditional_ppg,next_ppg_lasso,experience_group,year_4_6,bias,828,8,0.2638499898773108
next_conditional_ppg,next_ppg_lasso,experience_group,year_4_6,spearman,828,8,0.72397713094433
next_conditional_ppg,next_ppg_lasso,experience_group,year_7_9,rmse,301,8,3.7418329930240137
next_conditional_ppg,next_ppg_lasso,experience_group,year_7_9,mae,301,8,2.8028980381514925
next_conditional_ppg,next_ppg_lasso,experience_group,year_7_9,bias,301,8,0.3413790921746222
next_conditional_ppg,next_ppg_lasso,experience_group,year_7_9,spearman,301,8,0.7565506525195286
next_conditional_ppg,next_ppg_lightgbm,pooled,all,rmse,3368,8,3.5630361533093566
next_conditional_ppg,next_ppg_lightgbm,pooled,all,mae,3368,8,2.709630384214319
next_conditional_ppg,next_ppg_lightgbm,pooled,all,bias,3368,8,0.16975646613995243
next_conditional_ppg,next_ppg_lightgbm,pooled,all,spearman,3368,8,0.6936655493341597
next_conditional_ppg,next_ppg_lightgbm,recent,2022_2024,rmse,1269,3,3.5281233737810727
next_conditional_ppg,next_ppg_lightgbm,recent,2022_2024,mae,1269,3,2.690042672744948
next_conditional_ppg,next_ppg_lightgbm,recent,2022_2024,bias,1269,3,0.45451545573188923
next_conditional_ppg,next_ppg_lightgbm,recent,2022_2024,spearman,1269,3,0.7157630458270957
next_conditional_ppg,next_ppg_lightgbm,origin_season,2017,rmse,415,1,3.9586934490998478
next_conditional_ppg,next_ppg_lightgbm,origin_season,2017,mae,415,1,2.9091879258086415
next_conditional_ppg,next_ppg_lightgbm,origin_season,2017,bias,415,1,-0.29684142107737266
next_conditional_ppg,next_ppg_lightgbm,origin_season,2017,spearman,415,1,0.6796372809435417
next_conditional_ppg,next_ppg_lightgbm,origin_season,2018,rmse,376,1,3.4481185512388826
next_conditional_ppg,next_ppg_lightgbm,origin_season,2018,mae,376,1,2.594190982749244
next_conditional_ppg,next_ppg_lightgbm,origin_season,2018,bias,376,1,-0.2937129807845659
next_conditional_ppg,next_ppg_lightgbm,origin_season,2018,spearman,376,1,0.6478953414354456
next_conditional_ppg,next_ppg_lightgbm,origin_season,2019,rmse,432,1,3.8021999742984836
next_conditional_ppg,next_ppg_lightgbm,origin_season,2019,mae,432,1,2.8509807781538776
next_conditional_ppg,next_ppg_lightgbm,origin_season,2019,bias,432,1,-0.12066465632243879
next_conditional_ppg,next_ppg_lightgbm,origin_season,2019,spearman,432,1,0.688295681552483
next_conditional_ppg,next_ppg_lightgbm,origin_season,2020,rmse,452,1,3.405499560933645
next_conditional_ppg,next_ppg_lightgbm,origin_season,2020,mae,452,1,2.640360122844455
next_conditional_ppg,next_ppg_lightgbm,origin_season,2020,bias,452,1,0.0749425801068284
next_conditional_ppg,next_ppg_lightgbm,origin_season,2020,spearman,452,1,0.6792627728530815
next_conditional_ppg,next_ppg_lightgbm,origin_season,2021,rmse,424,1,3.257819718913105
next_conditional_ppg,next_ppg_lightgbm,origin_season,2021,mae,424,1,2.60513139600947
next_conditional_ppg,next_ppg_lightgbm,origin_season,2021,bias,424,1,0.582165142643174
next_conditional_ppg,next_ppg_lightgbm,origin_season,2021,spearman,424,1,0.7249105490596542
next_conditional_ppg,next_ppg_lightgbm,origin_season,2022,rmse,412,1,3.64876644103942
next_conditional_ppg,next_ppg_lightgbm,origin_season,2022,mae,412,1,2.8495737525182587
next_conditional_ppg,next_ppg_lightgbm,origin_season,2022,bias,412,1,0.8430930460281699
next_conditional_ppg,next_ppg_lightgbm,origin_season,2022,spearman,412,1,0.7048021854397796
next_conditional_ppg,next_ppg_lightgbm,origin_season,2023,rmse,420,1,3.5760441037811144
next_conditional_ppg,next_ppg_lightgbm,origin_season,2023,mae,420,1,2.7142337521680657
next_conditional_ppg,next_ppg_lightgbm,origin_season,2023,bias,420,1,0.26331530357150895
next_conditional_ppg,next_ppg_lightgbm,origin_season,2023,spearman,420,1,0.7140616955473686
next_conditional_ppg,next_ppg_lightgbm,origin_season,2024,rmse,437,1,3.362164850814567
next_conditional_ppg,next_ppg_lightgbm,origin_season,2024,mae,437,1,2.5163880772659692
next_conditional_ppg,next_ppg_lightgbm,origin_season,2024,bias,437,1,0.27192986466848457
next_conditional_ppg,next_ppg_lightgbm,origin_season,2024,spearman,437,1,0.7334306962656043
next_conditional_ppg,next_ppg_lightgbm,position,QB,rmse,274,7,5.322147706103769
next_conditional_ppg,next_ppg_lightgbm,position,QB,mae,274,7,4.03318554456523
next_conditional_ppg,next_ppg_lightgbm,position,QB,bias,274,7,-0.13844337358713613
next_conditional_ppg,next_ppg_lightgbm,position,QB,spearman,274,7,0.4893755134464877
next_conditional_ppg,next_ppg_lightgbm,position,RB,rmse,918,8,4.060420247660366
next_conditional_ppg,next_ppg_lightgbm,position,RB,mae,918,8,3.151506162964012
next_conditional_ppg,next_ppg_lightgbm,position,RB,bias,918,8,-0.030002197870145894
next_conditional_ppg,next_ppg_lightgbm,position,RB,spearman,918,8,0.6322604245722611
next_conditional_ppg,next_ppg_lightgbm,position,TE,rmse,778,8,2.4414150282621248
next_conditional_ppg,next_ppg_lightgbm,position,TE,mae,778,8,1.9019008348175
next_conditional_ppg,next_ppg_lightgbm,position,TE,bias,778,8,0.3188580950865505
next_conditional_ppg,next_ppg_lightgbm,position,TE,spearman,778,8,0.5951150179290463
next_conditional_ppg,next_ppg_lightgbm,position,WR,rmse,1398,8,3.299981664521838
next_conditional_ppg,next_ppg_lightgbm,position,WR,mae,1398,8,2.6095713789227277
next_conditional_ppg,next_ppg_lightgbm,position,WR,bias,1398,8,0.27835742631594607
next_conditional_ppg,next_ppg_lightgbm,position,WR,spearman,1398,8,0.6523510660439762
next_conditional_ppg,next_ppg_lightgbm,history_depth,other_no_history,rmse,45,8,2.946063761861425
next_conditional_ppg,next_ppg_lightgbm,history_depth,other_no_history,mae,45,8,2.0841445373119294
next_conditional_ppg,next_ppg_lightgbm,history_depth,other_no_history,bias,45,8,0.11579152927094688
next_conditional_ppg,next_ppg_lightgbm,history_depth,other_no_history,spearman,45,8,0.25367430363045973
next_conditional_ppg,next_ppg_lightgbm,history_depth,rookie,rmse,583,8,3.8023583735277895
next_conditional_ppg,next_ppg_lightgbm,history_depth,rookie,mae,583,8,2.864322758570524
next_conditional_ppg,next_ppg_lightgbm,history_depth,rookie,bias,583,8,0.07642490466586314
next_conditional_ppg,next_ppg_lightgbm,history_depth,rookie,spearman,583,8,0.6121179619053551
next_conditional_ppg,next_ppg_lightgbm,history_depth,second_year,rmse,574,8,3.799161257689512
next_conditional_ppg,next_ppg_lightgbm,history_depth,second_year,mae,574,8,2.9336153184626284
next_conditional_ppg,next_ppg_lightgbm,history_depth,second_year,bias,574,8,0.21502640055202474
next_conditional_ppg,next_ppg_lightgbm,history_depth,second_year,spearman,574,8,0.6319759340180967
next_conditional_ppg,next_ppg_lightgbm,history_depth,veteran_with_history,rmse,2166,8,3.4414426748904954
next_conditional_ppg,next_ppg_lightgbm,history_depth,veteran_with_history,mae,2166,8,2.6216312413714795
next_conditional_ppg,next_ppg_lightgbm,history_depth,veteran_with_history,bias,2166,8,0.18400197867271778
next_conditional_ppg,next_ppg_lightgbm,history_depth,veteran_with_history,spearman,2166,8,0.7289195742236401
next_conditional_ppg,next_ppg_lightgbm,experience_group,rookie,rmse,583,8,3.8023583735277895
next_conditional_ppg,next_ppg_lightgbm,experience_group,rookie,mae,583,8,2.864322758570524
next_conditional_ppg,next_ppg_lightgbm,experience_group,rookie,bias,583,8,0.07642490466586314
next_conditional_ppg,next_ppg_lightgbm,experience_group,rookie,spearman,583,8,0.6121179619053551
next_conditional_ppg,next_ppg_lightgbm,experience_group,second_year,rmse,574,8,3.799161257689512
next_conditional_ppg,next_ppg_lightgbm,experience_group,second_year,mae,574,8,2.9336153184626284
next_conditional_ppg,next_ppg_lightgbm,experience_group,second_year,bias,574,8,0.21502640055202474
next_conditional_ppg,next_ppg_lightgbm,experience_group,second_year,spearman,574,8,0.6319759340180967
next_conditional_ppg,next_ppg_lightgbm,experience_group,year_10_plus,rmse,130,8,4.039623402986577
next_conditional_ppg,next_ppg_lightgbm,experience_group,year_10_plus,mae,130,8,3.0185165450565066
next_conditional_ppg,next_ppg_lightgbm,experience_group,year_10_plus,bias,130,8,0.6222469474210762
next_conditional_ppg,next_ppg_lightgbm,experience_group,year_10_plus,spearman,130,8,0.7962703249680709
next_conditional_ppg,next_ppg_lightgbm,experience_group,year_2_3,rmse,952,8,3.370376906026042
next_conditional_ppg,next_ppg_lightgbm,experience_group,year_2_3,mae,952,8,2.5834357873100924
next_conditional_ppg,next_ppg_lightgbm,experience_group,year_2_3,bias,952,8,0.09420963422404101
next_conditional_ppg,next_ppg_lightgbm,experience_group,year_2_3,spearman,952,8,0.6923582631660958
next_conditional_ppg,next_ppg_lightgbm,experience_group,year_4_6,rmse,828,8,3.326592720211915
next_conditional_ppg,next_ppg_lightgbm,experience_group,year_4_6,mae,828,8,2.527941150859407
next_conditional_ppg,next_ppg_lightgbm,experience_group,year_4_6,bias,828,8,0.10585040310364612
next_conditional_ppg,next_ppg_lightgbm,experience_group,year_4_6,spearman,828,8,0.7246412704130666
next_conditional_ppg,next_ppg_lightgbm,experience_group,year_7_9,rmse,301,8,3.620365002494046
next_conditional_ppg,next_ppg_lightgbm,experience_group,year_7_9,mae,301,8,2.748393620270825
next_conditional_ppg,next_ppg_lightgbm,experience_group,year_7_9,bias,301,8,0.4835053020147953
next_conditional_ppg,next_ppg_lightgbm,experience_group,year_7_9,spearman,301,8,0.7636319632828228
next_conditional_ppg,next_ppg_position_experience_aging,pooled,all,rmse,3368,8,3.9996488013975884
next_conditional_ppg,next_ppg_position_experience_aging,pooled,all,mae,3368,8,2.915948144167417
next_conditional_ppg,next_ppg_position_experience_aging,pooled,all,bias,3368,8,-0.11575698323332384
next_conditional_ppg,next_ppg_position_experience_aging,pooled,all,spearman,3368,8,0.6525356965835383
next_conditional_ppg,next_ppg_position_experience_aging,recent,2022_2024,rmse,1269,3,3.970810402091596
next_conditional_ppg,next_ppg_position_experience_aging,recent,2022_2024,mae,1269,3,2.8803721722728155
next_conditional_ppg,next_ppg_position_experience_aging,recent,2022_2024,bias,1269,3,0.21688285533894955
next_conditional_ppg,next_ppg_position_experience_aging,recent,2022_2024,spearman,1269,3,0.6747901606793137
next_conditional_ppg,next_ppg_position_experience_aging,origin_season,2017,rmse,415,1,4.364406481104146
next_conditional_ppg,next_ppg_position_experience_aging,origin_season,2017,mae,415,1,3.141175915663946
next_conditional_ppg,next_ppg_position_experience_aging,origin_season,2017,bias,415,1,-0.61330023617175
next_conditional_ppg,next_ppg_position_experience_aging,origin_season,2017,spearman,415,1,0.650410634354969
next_conditional_ppg,next_ppg_position_experience_aging,origin_season,2018,rmse,376,1,3.7040001483733316
next_conditional_ppg,next_ppg_position_experience_aging,origin_season,2018,mae,376,1,2.7228742582665517
next_conditional_ppg,next_ppg_position_experience_aging,origin_season,2018,bias,376,1,-0.6234781175087284
next_conditional_ppg,next_ppg_position_experience_aging,origin_season,2018,spearman,376,1,0.6251617607390456
next_conditional_ppg,next_ppg_position_experience_aging,origin_season,2019,rmse,432,1,4.168525405837872
next_conditional_ppg,next_ppg_position_experience_aging,origin_season,2019,mae,432,1,3.0005051664900484
next_conditional_ppg,next_ppg_position_experience_aging,origin_season,2019,bias,432,1,-0.4497721821770383
next_conditional_ppg,next_ppg_position_experience_aging,origin_season,2019,spearman,432,1,0.650181718805643
next_conditional_ppg,next_ppg_position_experience_aging,origin_season,2020,rmse,452,1,3.850602566842944
next_conditional_ppg,next_ppg_position_experience_aging,origin_season,2020,mae,452,1,2.863555346330753
next_conditional_ppg,next_ppg_position_experience_aging,origin_season,2020,bias,452,1,-0.2921237869518802
next_conditional_ppg,next_ppg_position_experience_aging,origin_season,2020,spearman,452,1,0.647839175184653
next_conditional_ppg,next_ppg_position_experience_aging,origin_season,2021,rmse,424,1,3.9446987163904264
next_conditional_ppg,next_ppg_position_experience_aging,origin_season,2021,mae,424,1,2.9428940763389067
next_conditional_ppg,next_ppg_position_experience_aging,origin_season,2021,bias,424,1,0.3542335887790727
next_conditional_ppg,next_ppg_position_experience_aging,origin_season,2021,spearman,424,1,0.63945832396422
next_conditional_ppg,next_ppg_position_experience_aging,origin_season,2022,rmse,412,1,4.182020007344897
next_conditional_ppg,next_ppg_position_experience_aging,origin_season,2022,mae,412,1,3.027568628198748
next_conditional_ppg,next_ppg_position_experience_aging,origin_season,2022,bias,412,1,0.5955971620043566
next_conditional_ppg,next_ppg_position_experience_aging,origin_season,2022,spearman,412,1,0.6554018272134249
next_conditional_ppg,next_ppg_position_experience_aging,origin_season,2023,rmse,420,1,3.9746224669621038
next_conditional_ppg,next_ppg_position_experience_aging,origin_season,2023,mae,420,1,2.8870562013485275
next_conditional_ppg,next_ppg_position_experience_aging,origin_season,2023,bias,420,1,0.15011534854618708
next_conditional_ppg,next_ppg_position_experience_aging,origin_season,2023,spearman,420,1,0.6731331312990779
next_conditional_ppg,next_ppg_position_experience_aging,origin_season,2024,rmse,437,1,3.756964066461847
next_conditional_ppg,next_ppg_position_experience_aging,origin_season,2024,mae,437,1,2.7351725565902445
next_conditional_ppg,next_ppg_position_experience_aging,origin_season,2024,bias,437,1,-0.07599572931365338
next_conditional_ppg,next_ppg_position_experience_aging,origin_season,2024,spearman,437,1,0.6982539325291374
next_conditional_ppg,next_ppg_position_experience_aging,position,QB,rmse,274,7,7.274189591352667
next_conditional_ppg,next_ppg_position_experience_aging,position,QB,mae,274,7,5.69429475793006
next_conditional_ppg,next_ppg_position_experience_aging,position,QB,bias,274,7,-0.11442912595436215
next_conditional_ppg,next_ppg_position_experience_aging,position,QB,spearman,274,7,0.4966464917048686
next_conditional_ppg,next_ppg_position_experience_aging,position,RB,rmse,918,8,4.344076600346395
next_conditional_ppg,next_ppg_position_experience_aging,position,RB,mae,918,8,3.304324429125958
next_conditional_ppg,next_ppg_position_experience_aging,position,RB,bias,918,8,-0.34773958323324355
next_conditional_ppg,next_ppg_position_experience_aging,position,RB,spearman,918,8,0.6237002748061032
next_conditional_ppg,next_ppg_position_experience_aging,position,TE,rmse,778,8,2.6132608501519043
next_conditional_ppg,next_ppg_position_experience_aging,position,TE,mae,778,8,1.9529460421669298
next_conditional_ppg,next_ppg_position_experience_aging,position,TE,bias,778,8,-0.17694854929156412
next_conditional_ppg,next_ppg_position_experience_aging,position,TE,spearman,778,8,0.5725272803448281
next_conditional_ppg,next_ppg_position_experience_aging,position,WR,rmse,1398,8,3.4607447962712885
next_conditional_ppg,next_ppg_position_experience_aging,position,WR,mae,1398,8,2.65229952728149
next_conditional_ppg,next_ppg_position_experience_aging,position,WR,bias,1398,8,0.07036836175866594
next_conditional_ppg,next_ppg_position_experience_aging,position,WR,spearman,1398,8,0.6423648672821544
next_conditional_ppg,next_ppg_position_experience_aging,history_depth,other_no_history,rmse,45,8,3.7771702022356215
next_conditional_ppg,next_ppg_position_experience_aging,history_depth,other_no_history,mae,45,8,2.3056619309769473
next_conditional_ppg,next_ppg_position_experience_aging,history_depth,other_no_history,bias,45,8,-1.837620342699084
next_conditional_ppg,next_ppg_position_experience_aging,history_depth,other_no_history,spearman,45,8,-0.01196558658394736
next_conditional_ppg,next_ppg_position_experience_aging,history_depth,rookie,rmse,583,8,4.031351597204764
next_conditional_ppg,next_ppg_position_experience_aging,history_depth,rookie,mae,583,8,2.920486505841964
next_conditional_ppg,next_ppg_position_experience_aging,history_depth,rookie,bias,583,8,-0.20052542980921917
next_conditional_ppg,next_ppg_position_experience_aging,history_depth,rookie,spearman,583,8,0.5896142633159672
next_conditional_ppg,next_ppg_position_experience_aging,history_depth,second_year,rmse,574,8,3.9579180500111573
next_conditional_ppg,next_ppg_position_experience_aging,history_depth,second_year,mae,574,8,2.9267587096043903
next_conditional_ppg,next_ppg_position_experience_aging,history_depth,second_year,bias,574,8,0.11543241208652398
next_conditional_ppg,next_ppg_position_experience_aging,history_depth,second_year,spearman,574,8,0.6026732876860399
next_conditional_ppg,next_ppg_position_experience_aging,history_depth,veteran_with_history,rmse,2166,8,4.006570606798254
next_conditional_ppg,next_ppg_position_experience_aging,history_depth,veteran_with_history,mae,2166,8,2.924540826612702
next_conditional_ppg,next_ppg_position_experience_aging,history_depth,veteran_with_history,bias,2166,8,-0.11843420270880235
next_conditional_ppg,next_ppg_position_experience_aging,history_depth,veteran_with_history,spearman,2166,8,0.6870777335928844
next_conditional_ppg,next_ppg_position_experience_aging,experience_group,rookie,rmse,583,8,4.031351597204764
next_conditional_ppg,next_ppg_position_experience_aging,experience_group,rookie,mae,583,8,2.920486505841964
next_conditional_ppg,next_ppg_position_experience_aging,experience_group,rookie,bias,583,8,-0.20052542980921917
next_conditional_ppg,next_ppg_position_experience_aging,experience_group,rookie,spearman,583,8,0.5896142633159672
next_conditional_ppg,next_ppg_position_experience_aging,experience_group,second_year,rmse,574,8,3.9579180500111573
next_conditional_ppg,next_ppg_position_experience_aging,experience_group,second_year,mae,574,8,2.9267587096043903
next_conditional_ppg,next_ppg_position_experience_aging,experience_group,second_year,bias,574,8,0.11543241208652398
next_conditional_ppg,next_ppg_position_experience_aging,experience_group,second_year,spearman,574,8,0.6026732876860399
next_conditional_ppg,next_ppg_position_experience_aging,experience_group,year_10_plus,rmse,130,8,5.089544159444426
next_conditional_ppg,next_ppg_position_experience_aging,experience_group,year_10_plus,mae,130,8,3.7546979572976222
next_conditional_ppg,next_ppg_position_experience_aging,experience_group,year_10_plus,bias,130,8,0.3771492982877734
next_conditional_ppg,next_ppg_position_experience_aging,experience_group,year_10_plus,spearman,130,8,0.6629595692417238
next_conditional_ppg,next_ppg_position_experience_aging,experience_group,year_2_3,rmse,952,8,3.7892088676239206
next_conditional_ppg,next_ppg_position_experience_aging,experience_group,year_2_3,mae,952,8,2.7889083756904403
next_conditional_ppg,next_ppg_position_experience_aging,experience_group,year_2_3,bias,952,8,-0.22114071748040146
next_conditional_ppg,next_ppg_position_experience_aging,experience_group,year_2_3,spearman,952,8,0.6556139547847908
next_conditional_ppg,next_ppg_position_experience_aging,experience_group,year_4_6,rmse,828,8,3.801434172109988
next_conditional_ppg,next_ppg_position_experience_aging,experience_group,year_4_6,mae,828,8,2.7891736767920974
next_conditional_ppg,next_ppg_position_experience_aging,experience_group,year_4_6,bias,828,8,-0.17123901304971037
next_conditional_ppg,next_ppg_position_experience_aging,experience_group,year_4_6,spearman,828,8,0.6920945914093957
next_conditional_ppg,next_ppg_position_experience_aging,experience_group,year_7_9,rmse,301,8,4.6148155760930445
next_conditional_ppg,next_ppg_position_experience_aging,experience_group,year_7_9,mae,301,8,3.2748269264027576
next_conditional_ppg,next_ppg_position_experience_aging,experience_group,year_7_9,bias,301,8,-0.11939847647718548
next_conditional_ppg,next_ppg_position_experience_aging,experience_group,year_7_9,spearman,301,8,0.686359077881482
next_conditional_ppg,next_ppg_primary_blend,pooled,all,rmse,3368,8,3.555880271888523
next_conditional_ppg,next_ppg_primary_blend,pooled,all,mae,3368,8,2.7137673699312397
next_conditional_ppg,next_ppg_primary_blend,pooled,all,bias,3368,8,0.23339143674862592
next_conditional_ppg,next_ppg_primary_blend,pooled,all,spearman,3368,8,0.6984158908855275
next_conditional_ppg,next_ppg_primary_blend,recent,2022_2024,rmse,1269,3,3.538362434137469
next_conditional_ppg,next_ppg_primary_blend,recent,2022_2024,mae,1269,3,2.7022992075064423
next_conditional_ppg,next_ppg_primary_blend,recent,2022_2024,bias,1269,3,0.49769942042354903
next_conditional_ppg,next_ppg_primary_blend,recent,2022_2024,spearman,1269,3,0.7188975727050495
next_conditional_ppg,next_ppg_primary_blend,origin_season,2017,rmse,415,1,3.912277298670174
next_conditional_ppg,next_ppg_primary_blend,origin_season,2017,mae,415,1,2.879724030637625
next_conditional_ppg,next_ppg_primary_blend,origin_season,2017,bias,415,1,-0.16055688363248108
next_conditional_ppg,next_ppg_primary_blend,origin_season,2017,spearman,415,1,0.6915682160133103
next_conditional_ppg,next_ppg_primary_blend,origin_season,2018,rmse,376,1,3.4216365410814396
next_conditional_ppg,next_ppg_primary_blend,origin_season,2018,mae,376,1,2.590201268064252
next_conditional_ppg,next_ppg_primary_blend,origin_season,2018,bias,376,1,-0.20362264826519286
next_conditional_ppg,next_ppg_primary_blend,origin_season,2018,spearman,376,1,0.6526584547420049
next_conditional_ppg,next_ppg_primary_blend,origin_season,2019,rmse,432,1,3.785550013772487
next_conditional_ppg,next_ppg_primary_blend,origin_season,2019,mae,432,1,2.848967759629439
next_conditional_ppg,next_ppg_primary_blend,origin_season,2019,bias,432,1,-0.11773486722310024
next_conditional_ppg,next_ppg_primary_blend,origin_season,2019,spearman,432,1,0.6894155679067944
next_conditional_ppg,next_ppg_primary_blend,origin_season,2020,rmse,452,1,3.403177153721942
next_conditional_ppg,next_ppg_primary_blend,origin_season,2020,mae,452,1,2.6591446390509414
next_conditional_ppg,next_ppg_primary_blend,origin_season,2020,bias,452,1,0.15230189320924206
next_conditional_ppg,next_ppg_primary_blend,origin_season,2020,spearman,452,1,0.6831790666129776
next_conditional_ppg,next_ppg_primary_blend,origin_season,2021,rmse,424,1,3.2644565248627306
next_conditional_ppg,next_ppg_primary_blend,origin_season,2021,mae,424,1,2.615712757276002
next_conditional_ppg,next_ppg_primary_blend,origin_season,2021,bias,424,1,0.6596604335303836
next_conditional_ppg,next_ppg_primary_blend,origin_season,2021,spearman,424,1,0.7293563390561768
next_conditional_ppg,next_ppg_primary_blend,origin_season,2022,rmse,412,1,3.664932347923328
next_conditional_ppg,next_ppg_primary_blend,origin_season,2022,mae,412,1,2.8571042920480725
next_conditional_ppg,next_ppg_primary_blend,origin_season,2022,bias,412,1,0.8738727425994973
next_conditional_ppg,next_ppg_primary_blend,origin_season,2022,spearman,412,1,0.7088508778071333
next_conditional_ppg,next_ppg_primary_blend,origin_season,2023,rmse,420,1,3.600483388245593
next_conditional_ppg,next_ppg_primary_blend,origin_season,2023,mae,420,1,2.7446273422785246
next_conditional_ppg,next_ppg_primary_blend,origin_season,2023,bias,420,1,0.31818897913667205
next_conditional_ppg,next_ppg_primary_blend,origin_season,2023,spearman,420,1,0.7162923846434921
next_conditional_ppg,next_ppg_primary_blend,origin_season,2024,rmse,437,1,3.351749705372217
next_conditional_ppg,next_ppg_primary_blend,origin_season,2024,mae,437,1,2.515668746555809
next_conditional_ppg,next_ppg_primary_blend,origin_season,2024,bias,437,1,0.3155735087622163
next_conditional_ppg,next_ppg_primary_blend,origin_season,2024,spearman,437,1,0.7363474464749279
next_conditional_ppg,next_ppg_primary_blend,position,QB,rmse,274,7,5.322336689724283
next_conditional_ppg,next_ppg_primary_blend,position,QB,mae,274,7,4.028897584762033
next_conditional_ppg,next_ppg_primary_blend,position,QB,bias,274,7,0.13980482697479563
next_conditional_ppg,next_ppg_primary_blend,position,QB,spearman,274,7,0.4856837302381947
next_conditional_ppg,next_ppg_primary_blend,position,RB,rmse,918,8,4.054091331753523
next_conditional_ppg,next_ppg_primary_blend,position,RB,mae,918,8,3.1528578124090076
next_conditional_ppg,next_ppg_primary_blend,position,RB,bias,918,8,0.03768354260535975
next_conditional_ppg,next_ppg_primary_blend,position,RB,spearman,918,8,0.6357731620862533
next_conditional_ppg,next_ppg_primary_blend,position,TE,rmse,778,8,2.446762292660233
next_conditional_ppg,next_ppg_primary_blend,position,TE,mae,778,8,1.9117147787018554
next_conditional_ppg,next_ppg_primary_blend,position,TE,bias,778,8,0.3474795886585006
next_conditional_ppg,next_ppg_primary_blend,position,TE,spearman,778,8,0.5945403353156309
next_conditional_ppg,next_ppg_primary_blend,position,WR,rmse,1398,8,3.284194578854908
next_conditional_ppg,next_ppg_primary_blend,position,WR,mae,1398,8,2.6140293233777583
next_conditional_ppg,next_ppg_primary_blend,position,WR,bias,1398,8,0.31675480993579724
next_conditional_ppg,next_ppg_primary_blend,position,WR,spearman,1398,8,0.6612626378482643
next_conditional_ppg,next_ppg_primary_blend,history_depth,other_no_history,rmse,45,8,2.908354489614525
next_conditional_ppg,next_ppg_primary_blend,history_depth,other_no_history,mae,45,8,2.1414677012257455
next_conditional_ppg,next_ppg_primary_blend,history_depth,other_no_history,bias,45,8,0.3727556555374711
next_conditional_ppg,next_ppg_primary_blend,history_depth,other_no_history,spearman,45,8,0.3146830350131474
next_conditional_ppg,next_ppg_primary_blend,history_depth,rookie,rmse,583,8,3.7870949029926932
next_conditional_ppg,next_ppg_primary_blend,history_depth,rookie,mae,583,8,2.888227417007356
next_conditional_ppg,next_ppg_primary_blend,history_depth,rookie,bias,583,8,0.23251427381611667
next_conditional_ppg,next_ppg_primary_blend,history_depth,rookie,spearman,583,8,0.6198222408324252
next_conditional_ppg,next_ppg_primary_blend,history_depth,second_year,rmse,574,8,3.773306208550756
next_conditional_ppg,next_ppg_primary_blend,history_depth,second_year,mae,574,8,2.9220754516950747
next_conditional_ppg,next_ppg_primary_blend,history_depth,second_year,bias,574,8,0.27857417764380876
next_conditional_ppg,next_ppg_primary_blend,history_depth,second_year,spearman,574,8,0.6406785577190666
next_conditional_ppg,next_ppg_primary_blend,history_depth,veteran_with_history,rmse,2166,8,3.442668508938235
next_conditional_ppg,next_ppg_primary_blend,history_depth,veteran_with_history,mae,2166,8,2.6234970276939045
next_conditional_ppg,next_ppg_primary_blend,history_depth,veteran_with_history,bias,2166,8,0.21875852025292877
next_conditional_ppg,next_ppg_primary_blend,history_depth,veteran_with_history,spearman,2166,8,0.7326424008474948
next_conditional_ppg,next_ppg_primary_blend,experience_group,rookie,rmse,583,8,3.7870949029926932
next_conditional_ppg,next_ppg_primary_blend,experience_group,rookie,mae,583,8,2.888227417007356
next_conditional_ppg,next_ppg_primary_blend,experience_group,rookie,bias,583,8,0.23251427381611667
next_conditional_ppg,next_ppg_primary_blend,experience_group,rookie,spearman,583,8,0.6198222408324252
next_conditional_ppg,next_ppg_primary_blend,experience_group,second_year,rmse,574,8,3.773306208550756
next_conditional_ppg,next_ppg_primary_blend,experience_group,second_year,mae,574,8,2.9220754516950747
next_conditional_ppg,next_ppg_primary_blend,experience_group,second_year,bias,574,8,0.27857417764380876
next_conditional_ppg,next_ppg_primary_blend,experience_group,second_year,spearman,574,8,0.6406785577190666
next_conditional_ppg,next_ppg_primary_blend,experience_group,year_10_plus,rmse,130,8,4.031534018227801
next_conditional_ppg,next_ppg_primary_blend,experience_group,year_10_plus,mae,130,8,2.986127152557202
next_conditional_ppg,next_ppg_primary_blend,experience_group,year_10_plus,bias,130,8,0.38583073155121245
next_conditional_ppg,next_ppg_primary_blend,experience_group,year_10_plus,spearman,130,8,0.794937517838644
next_conditional_ppg,next_ppg_primary_blend,experience_group,year_2_3,rmse,952,8,3.3749625803512444
next_conditional_ppg,next_ppg_primary_blend,experience_group,year_2_3,mae,952,8,2.5975398833915326
next_conditional_ppg,next_ppg_primary_blend,experience_group,year_2_3,bias,952,8,0.16103117190673197
next_conditional_ppg,next_ppg_primary_blend,experience_group,year_2_3,spearman,952,8,0.6955966696147324
next_conditional_ppg,next_ppg_primary_blend,experience_group,year_4_6,rmse,828,8,3.324839935572532
next_conditional_ppg,next_ppg_primary_blend,experience_group,year_4_6,mae,828,8,2.5221168362489945
next_conditional_ppg,next_ppg_primary_blend,experience_group,year_4_6,bias,828,8,0.17256467071939466
next_conditional_ppg,next_ppg_primary_blend,experience_group,year_4_6,spearman,828,8,0.7280510366609407
next_conditional_ppg,next_ppg_primary_blend,experience_group,year_7_9,rmse,301,8,3.619005596134575
next_conditional_ppg,next_ppg_primary_blend,experience_group,year_7_9,mae,301,8,2.7557919246007057
next_conditional_ppg,next_ppg_primary_blend,experience_group,year_7_9,bias,301,8,0.4792748878887199
next_conditional_ppg,next_ppg_primary_blend,experience_group,year_7_9,spearman,301,8,0.7675555616933193
next_conditional_ppg,next_ppg_random_forest,pooled,all,rmse,3368,8,3.571434820089154
next_conditional_ppg,next_ppg_random_forest,pooled,all,mae,3368,8,2.7215863878441464
next_conditional_ppg,next_ppg_random_forest,pooled,all,bias,3368,8,0.2412302018351813
next_conditional_ppg,next_ppg_random_forest,pooled,all,spearman,3368,8,0.6949620334547021
next_conditional_ppg,next_ppg_random_forest,recent,2022_2024,rmse,1269,3,3.569219052147264
next_conditional_ppg,next_ppg_random_forest,recent,2022_2024,mae,1269,3,2.7221774679072643
next_conditional_ppg,next_ppg_random_forest,recent,2022_2024,bias,1269,3,0.4869008463592311
next_conditional_ppg,next_ppg_random_forest,recent,2022_2024,spearman,1269,3,0.7142458109728028
next_conditional_ppg,next_ppg_random_forest,origin_season,2017,rmse,415,1,3.9192725442742886
next_conditional_ppg,next_ppg_random_forest,origin_season,2017,mae,415,1,2.8792197147415273
next_conditional_ppg,next_ppg_random_forest,origin_season,2017,bias,415,1,-0.12984446409519765
next_conditional_ppg,next_ppg_random_forest,origin_season,2017,spearman,415,1,0.6807291865851165
next_conditional_ppg,next_ppg_random_forest,origin_season,2018,rmse,376,1,3.4443847883769316
next_conditional_ppg,next_ppg_random_forest,origin_season,2018,mae,376,1,2.6099571682854217
next_conditional_ppg,next_ppg_random_forest,origin_season,2018,bias,376,1,-0.21065957606247196
next_conditional_ppg,next_ppg_random_forest,origin_season,2018,spearman,376,1,0.6494931947700671
next_conditional_ppg,next_ppg_random_forest,origin_season,2019,rmse,432,1,3.7789612789523326
next_conditional_ppg,next_ppg_random_forest,origin_season,2019,mae,432,1,2.8368868798282807
next_conditional_ppg,next_ppg_random_forest,origin_season,2019,bias,432,1,-0.040153698975254705
next_conditional_ppg,next_ppg_random_forest,origin_season,2019,spearman,432,1,0.6886942571096493
next_conditional_ppg,next_ppg_random_forest,origin_season,2020,rmse,452,1,3.389389849405391
next_conditional_ppg,next_ppg_random_forest,origin_season,2020,mae,452,1,2.657246840298125
next_conditional_ppg,next_ppg_random_forest,origin_season,2020,bias,452,1,0.16101239535570575
next_conditional_ppg,next_ppg_random_forest,origin_season,2020,spearman,452,1,0.6782560145998198
next_conditional_ppg,next_ppg_random_forest,origin_season,2021,rmse,424,1,3.292322936885208
next_conditional_ppg,next_ppg_random_forest,origin_season,2021,mae,424,1,2.615634355403638
next_conditional_ppg,next_ppg_random_forest,origin_season,2021,bias,424,1,0.6420952693550799
next_conditional_ppg,next_ppg_random_forest,origin_season,2021,spearman,424,1,0.7293377622782353
next_conditional_ppg,next_ppg_random_forest,origin_season,2022,rmse,412,1,3.6790460321562404
next_conditional_ppg,next_ppg_random_forest,origin_season,2022,mae,412,1,2.881284343709476
next_conditional_ppg,next_ppg_random_forest,origin_season,2022,bias,412,1,0.8483065871216794
next_conditional_ppg,next_ppg_random_forest,origin_season,2022,spearman,412,1,0.7015554153078368
next_conditional_ppg,next_ppg_random_forest,origin_season,2023,rmse,420,1,3.6175586993407407
next_conditional_ppg,next_ppg_random_forest,origin_season,2023,mae,420,1,2.7416721762046072
next_conditional_ppg,next_ppg_random_forest,origin_season,2023,bias,420,1,0.2746175141958394
next_conditional_ppg,next_ppg_random_forest,origin_season,2023,spearman,420,1,0.714112485328398
next_conditional_ppg,next_ppg_random_forest,origin_season,2024,rmse,437,1,3.4139301173145102
next_conditional_ppg,next_ppg_random_forest,origin_season,2024,mae,437,1,2.553436483203843
next_conditional_ppg,next_ppg_random_forest,origin_season,2024,bias,437,1,0.35019566172421007
next_conditional_ppg,next_ppg_random_forest,origin_season,2024,spearman,437,1,0.7323628439321974
next_conditional_ppg,next_ppg_random_forest,position,QB,rmse,274,7,5.321180364995902
next_conditional_ppg,next_ppg_random_forest,position,QB,mae,274,7,4.033153764579408
next_conditional_ppg,next_ppg_random_forest,position,QB,bias,274,7,0.5658916382080023
next_conditional_ppg,next_ppg_random_forest,position,QB,spearman,274,7,0.4638693370672205
next_conditional_ppg,next_ppg_random_forest,position,RB,rmse,918,8,4.082144391358412
next_conditional_ppg,next_ppg_random_forest,position,RB,mae,918,8,3.160442248984414
next_conditional_ppg,next_ppg_random_forest,position,RB,bias,918,8,-0.04800073460527266
next_conditional_ppg,next_ppg_random_forest,position,RB,spearman,918,8,0.6333187013075601
next_conditional_ppg,next_ppg_random_forest,position,TE,rmse,778,8,2.4605888922713506
next_conditional_ppg,next_ppg_random_forest,position,TE,mae,778,8,1.919054959284061
next_conditional_ppg,next_ppg_random_forest,position,TE,bias,778,8,0.33894009703226546
next_conditional_ppg,next_ppg_random_forest,position,TE,spearman,778,8,0.591600123491017
next_conditional_ppg,next_ppg_random_forest,position,WR,rmse,1398,8,3.2966333913270067
next_conditional_ppg,next_ppg_random_forest,position,WR,mae,1398,8,2.6229671529854315
next_conditional_ppg,next_ppg_random_forest,position,WR,bias,1398,8,0.31314613003464636
next_conditional_ppg,next_ppg_random_forest,position,WR,spearman,1398,8,0.6573663595962445
next_conditional_ppg,next_ppg_random_forest,history_depth,other_no_history,rmse,45,8,2.9292600336653485
next_conditional_ppg,next_ppg_random_forest,history_depth,other_no_history,mae,45,8,2.0993051336093127
next_conditional_ppg,next_ppg_random_forest,history_depth,other_no_history,bias,45,8,0.5075727755577429
next_conditional_ppg,next_ppg_random_forest,history_depth,other_no_history,spearman,45,8,0.3042704864200422
next_conditional_ppg,next_ppg_random_forest,history_depth,rookie,rmse,583,8,3.782075204499566
next_conditional_ppg,next_ppg_random_forest,history_depth,rookie,mae,583,8,2.8887076819543287
next_conditional_ppg,next_ppg_random_forest,history_depth,rookie,bias,583,8,0.2957198557392997
next_conditional_ppg,next_ppg_random_forest,history_depth,rookie,spearman,583,8,0.6144730398848505
next_conditional_ppg,next_ppg_random_forest,history_depth,second_year,rmse,574,8,3.7991068101234307
next_conditional_ppg,next_ppg_random_forest,history_depth,second_year,mae,574,8,2.9257598776838303
next_conditional_ppg,next_ppg_random_forest,history_depth,second_year,bias,574,8,0.2579898558424809
next_conditional_ppg,next_ppg_random_forest,history_depth,second_year,spearman,574,8,0.6358880073167043
next_conditional_ppg,next_ppg_random_forest,history_depth,veteran_with_history,rmse,2166,8,3.46125223948919
next_conditional_ppg,next_ppg_random_forest,history_depth,veteran_with_history,mae,2166,8,2.6354254269975863
next_conditional_ppg,next_ppg_random_forest,history_depth,veteran_with_history,bias,2166,8,0.21658896201809621
next_conditional_ppg,next_ppg_random_forest,history_depth,veteran_with_history,spearman,2166,8,0.7296525554443458
next_conditional_ppg,next_ppg_random_forest,experience_group,rookie,rmse,583,8,3.782075204499566
next_conditional_ppg,next_ppg_random_forest,experience_group,rookie,mae,583,8,2.8887076819543287
next_conditional_ppg,next_ppg_random_forest,experience_group,rookie,bias,583,8,0.2957198557392997
next_conditional_ppg,next_ppg_random_forest,experience_group,rookie,spearman,583,8,0.6144730398848505
next_conditional_ppg,next_ppg_random_forest,experience_group,second_year,rmse,574,8,3.7991068101234307
next_conditional_ppg,next_ppg_random_forest,experience_group,second_year,mae,574,8,2.9257598776838303
next_conditional_ppg,next_ppg_random_forest,experience_group,second_year,bias,574,8,0.2579898558424809
next_conditional_ppg,next_ppg_random_forest,experience_group,second_year,spearman,574,8,0.6358880073167043
next_conditional_ppg,next_ppg_random_forest,experience_group,year_10_plus,rmse,130,8,4.039001500769245
next_conditional_ppg,next_ppg_random_forest,experience_group,year_10_plus,mae,130,8,2.980704384611875
next_conditional_ppg,next_ppg_random_forest,experience_group,year_10_plus,bias,130,8,0.7777278463163065
next_conditional_ppg,next_ppg_random_forest,experience_group,year_10_plus,spearman,130,8,0.8013093191356789
next_conditional_ppg,next_ppg_random_forest,experience_group,year_2_3,rmse,952,8,3.397601321593481
next_conditional_ppg,next_ppg_random_forest,experience_group,year_2_3,mae,952,8,2.596873620060887
next_conditional_ppg,next_ppg_random_forest,experience_group,year_2_3,bias,952,8,0.08806103867534833
next_conditional_ppg,next_ppg_random_forest,experience_group,year_2_3,spearman,952,8,0.6920516225382382
next_conditional_ppg,next_ppg_random_forest,experience_group,year_4_6,rmse,828,8,3.3468442451824414
next_conditional_ppg,next_ppg_random_forest,experience_group,year_4_6,mae,828,8,2.545420399748623
next_conditional_ppg,next_ppg_random_forest,experience_group,year_4_6,bias,828,8,0.14799361917722695
next_conditional_ppg,next_ppg_random_forest,experience_group,year_4_6,spearman,828,8,0.7262861950793585
next_conditional_ppg,next_ppg_random_forest,experience_group,year_7_9,rmse,301,8,3.622693230844729
next_conditional_ppg,next_ppg_random_forest,experience_group,year_7_9,mae,301,8,2.7756706265774826
next_conditional_ppg,next_ppg_random_forest,experience_group,year_7_9,bias,301,8,0.6129402694767423
next_conditional_ppg,next_ppg_random_forest,experience_group,year_7_9,spearman,301,8,0.7627272452508618
next_participation,next_participation_lightgbm,pooled,all,brier,6988,8,0.16572994986277076
next_participation,next_participation_lightgbm,pooled,all,log_loss,6988,8,0.5017420824459508
next_participation,next_participation_lightgbm,pooled,all,calibration_bias,6988,8,0.02630931964799418
next_participation,next_participation_lightgbm,pooled,all,roc_auc,6988,8,0.835434781967363
next_participation,next_participation_lightgbm,recent,2022_2024,brier,2449,3,0.16088275941262148
next_participation,next_participation_lightgbm,recent,2022_2024,log_loss,2449,3,0.4869546636810799
next_participation,next_participation_lightgbm,recent,2022_2024,calibration_bias,2449,3,0.027465313795771912
next_participation,next_participation_lightgbm,recent,2022_2024,roc_auc,2449,3,0.8458046855105679
next_participation,next_participation_lightgbm,origin_season,2017,brier,974,1,0.17502557462802773
next_participation,next_participation_lightgbm,origin_season,2017,log_loss,974,1,0.5286766248481418
next_participation,next_participation_lightgbm,origin_season,2017,calibration_bias,974,1,0.0846000793883089
next_participation,next_participation_lightgbm,origin_season,2017,roc_auc,974,1,0.8328821927136534
next_participation,next_participation_lightgbm,origin_season,2018,brier,1004,1,0.17550175110707703
next_participation,next_participation_lightgbm,origin_season,2018,log_loss,1004,1,0.5313338057798311
next_participation,next_participation_lightgbm,origin_season,2018,calibration_bias,1004,1,0.07013116730845455
next_participation,next_participation_lightgbm,origin_season,2018,roc_auc,1004,1,0.8174979294184191
next_participation,next_participation_lightgbm,origin_season,2019,brier,908,1,0.15571943362068738
next_participation,next_participation_lightgbm,origin_season,2019,log_loss,908,1,0.47536365034269806
next_participation,next_participation_lightgbm,origin_season,2019,calibration_bias,908,1,-0.0037427391929966084
next_participation,next_participation_lightgbm,origin_season,2019,roc_auc,908,1,0.8550811143948328
next_participation,next_participation_lightgbm,origin_season,2020,brier,823,1,0.1681553364754336
next_participation,next_participation_lightgbm,origin_season,2020,log_loss,823,1,0.5126936128028848
next_participation,next_participation_lightgbm,origin_season,2020,calibration_bias,823,1,-0.03739755502436185
next_participation,next_participation_lightgbm,origin_season,2020,roc_auc,823,1,0.8262591401346777
next_participation,next_participation_lightgbm,origin_season,2021,brier,830,1,0.16584970649814668
next_participation,next_participation_lightgbm,origin_season,2021,log_loss,830,1,0.4959692642462101
next_participation,next_participation_lightgbm,origin_season,2021,calibration_bias,830,1,-0.0024681953196055233
next_participation,next_participation_lightgbm,origin_season,2021,roc_auc,830,1,0.8354988996581917
next_participation,next_participation_lightgbm,origin_season,2022,brier,841,1,0.153661522914238
next_participation,next_participation_lightgbm,origin_season,2022,log_loss,841,1,0.4680375262499344
next_participation,next_participation_lightgbm,origin_season,2022,calibration_bias,841,1,0.033165909044321706
next_participation,next_participation_lightgbm,origin_season,2022,roc_auc,841,1,0.8615203983477621
next_participation,next_participation_lightgbm,origin_season,2023,brier,834,1,0.1563296902646732
next_participation,next_participation_lightgbm,origin_season,2023,log_loss,834,1,0.47481772561721
next_participation,next_participation_lightgbm,origin_season,2023,calibration_bias,834,1,0.03498227360012814
next_participation,next_participation_lightgbm,origin_season,2023,roc_auc,834,1,0.8573281303137374
next_participation,next_participation_lightgbm,origin_season,2024,brier,774,1,0.17363511027118658
next_participation,next_participation_lightgbm,origin_season,2024,log_loss,774,1,0.5205871170723727
next_participation,next_participation_lightgbm,origin_season,2024,calibration_bias,774,1,0.013171586301116266
next_participation,next_participation_lightgbm,origin_season,2024,roc_auc,774,1,0.8160742517581638
next_participation,next_participation_lightgbm,position,QB,brier,968,8,0.1671428028087244
next_participation,next_participation_lightgbm,position,QB,log_loss,968,8,0.5061667771438092
next_participation,next_participation_lightgbm,position,QB,calibration_bias,968,8,0.02422495183881385
next_participation,next_participation_lightgbm,position,QB,roc_auc,968,8,0.8131286233149404
next_participation,next_participation_lightgbm,position,RB,brier,1795,8,0.1648026560340649
next_participation,next_participation_lightgbm,position,RB,log_loss,1795,8,0.49956084339880524
next_participation,next_participation_lightgbm,position,RB,calibration_bias,1795,8,0.03689432292746698
next_participation,next_participation_lightgbm,position,RB,roc_auc,1795,8,0.840003819194824
next_participation,next_participation_lightgbm,position,TE,brier,1447,8,0.17041852740080174
next_participation,next_participation_lightgbm,position,TE,log_loss,1447,8,0.5134003340319176
next_participation,next_participation_lightgbm,position,TE,calibration_bias,1447,8,0.005427229390622297
next_participation,next_participation_lightgbm,position,TE,roc_auc,1447,8,0.8272884715300095
next_participation,next_participation_lightgbm,position,WR,brier,2778,8,0.16339462915482006
next_participation,next_participation_lightgbm,position,WR,log_loss,2778,8,0.4955371614874213
next_participation,next_participation_lightgbm,position,WR,calibration_bias,2778,8,0.031073168371914272
next_participation,next_participation_lightgbm,position,WR,roc_auc,2778,8,0.8392893430487415
next_participation,next_participation_lightgbm,history_depth,other_no_history,brier,435,8,0.1480897122574919
next_participation,next_participation_lightgbm,history_depth,other_no_history,log_loss,435,8,0.47292299813189353
next_participation,next_participation_lightgbm,history_depth,other_no_history,calibration_bias,435,8,0.087391813158686
next_participation,next_participation_lightgbm,history_depth,other_no_history,roc_auc,435,8,0.5309653916211294
next_participation,next_participation_lightgbm,history_depth,rookie,brier,1093,8,0.17742801555273108
next_participation,next_participation_lightgbm,history_depth,rookie,log_loss,1093,8,0.5288584912079775
next_participation,next_participation_lightgbm,history_depth,rookie,calibration_bias,1093,8,0.048824621151997184
next_participation,next_participation_lightgbm,history_depth,rookie,roc_auc,1093,8,0.8156005731709801
next_participation,next_participation_lightgbm,history_depth,second_year,brier,1201,8,0.16444738572975595
next_participation,next_participation_lightgbm,history_depth,second_year,log_loss,1201,8,0.4999904061190388
next_participation,next_participation_lightgbm,history_depth,second_year,calibration_bias,1201,8,0.0474602421196324
next_participation,next_participation_lightgbm,history_depth,second_year,roc_auc,1201,8,0.8382202031295937
next_participation,next_participation_lightgbm,history_depth,unknown_experience,brier,1,1,0.1682531318500386
next_participation,next_participation_lightgbm,history_depth,unknown_experience,log_loss,1,1,0.5279492390241435
next_participation,next_participation_lightgbm,history_depth,unknown_experience,calibration_bias,1,1,0.4101867036485198
next_participation,next_participation_lightgbm,history_depth,unknown_experience,roc_auc,1,1,
next_participation,next_participation_lightgbm,history_depth,veteran_with_history,brier,4258,8,0.16489043692264235
next_participation,next_participation_lightgbm,history_depth,veteran_with_history,log_loss,4258,8,0.49821357681226414
next_participation,next_participation_lightgbm,history_depth,veteran_with_history,calibration_bias,4258,8,0.008233639870290039
next_participation,next_participation_lightgbm,history_depth,veteran_with_history,roc_auc,4258,8,0.8363652422775312
next_participation,next_participation_lightgbm,experience_group,rookie,brier,1093,8,0.17742801555273108
next_participation,next_participation_lightgbm,experience_group,rookie,log_loss,1093,8,0.5288584912079775
next_participation,next_participation_lightgbm,experience_group,rookie,calibration_bias,1093,8,0.048824621151997184
next_participation,next_participation_lightgbm,experience_group,rookie,roc_auc,1093,8,0.8156005731709801
next_participation,next_participation_lightgbm,experience_group,second_year,brier,1201,8,0.16444738572975595
next_participation,next_participation_lightgbm,experience_group,second_year,log_loss,1201,8,0.4999904061190388
next_participation,next_participation_lightgbm,experience_group,second_year,calibration_bias,1201,8,0.0474602421196324
next_participation,next_participation_lightgbm,experience_group,second_year,roc_auc,1201,8,0.8382202031295937
next_participation,next_participation_lightgbm,experience_group,unknown,brier,1,1,0.1682531318500386
next_participation,next_participation_lightgbm,experience_group,unknown,log_loss,1,1,0.5279492390241435
next_participation,next_participation_lightgbm,experience_group,unknown,calibration_bias,1,1,0.4101867036485198
next_participation,next_participation_lightgbm,experience_group,unknown,roc_auc,1,1,
next_participation,next_participation_lightgbm,experience_group,year_10_plus,brier,345,8,0.17827646150281692
next_participation,next_participation_lightgbm,experience_group,year_10_plus,log_loss,345,8,0.5349804120599866
next_participation,next_participation_lightgbm,experience_group,year_10_plus,calibration_bias,345,8,0.01651738854601818
next_participation,next_participation_lightgbm,experience_group,year_10_plus,roc_auc,345,8,0.811136487592037
next_participation,next_participation_lightgbm,experience_group,year_2_3,brier,1957,8,0.1607634139123217
next_participation,next_participation_lightgbm,experience_group,year_2_3,log_loss,1957,8,0.4877305016343475
next_participation,next_participation_lightgbm,experience_group,year_2_3,calibration_bias,1957,8,0.016336095224450353
next_participation,next_participation_lightgbm,experience_group,year_2_3,roc_auc,1957,8,0.8430066568433814
next_participation,next_participation_lightgbm,experience_group,year_4_6,brier,1721,8,0.15924924032868262
next_participation,next_participation_lightgbm,experience_group,year_4_6,log_loss,1721,8,0.48793726880650756
next_participation,next_participation_lightgbm,experience_group,year_4_6,calibration_bias,1721,8,0.020282514893725713
next_participation,next_participation_lightgbm,experience_group,year_4_6,roc_auc,1721,8,0.8475799391505943
next_participation,next_participation_lightgbm,experience_group,year_7_9,brier,670,8,0.1736346005941371
next_participation,next_participation_lightgbm,experience_group,year_7_9,log_loss,670,8,0.5198776728043009
next_participation,next_participation_lightgbm,experience_group,year_7_9,calibration_bias,670,8,0.0007460175477549621
next_participation,next_participation_lightgbm,experience_group,year_7_9,roc_auc,670,8,0.8196479500891266
next_participation,next_participation_logistic,pooled,all,brier,6988,8,0.1749062035171901
next_participation,next_participation_logistic,pooled,all,log_loss,6988,8,0.5237614326518842
next_participation,next_participation_logistic,pooled,all,calibration_bias,6988,8,0.045253602635655275
next_participation,next_participation_logistic,pooled,all,roc_auc,6988,8,0.8177308058804613
next_participation,next_participation_logistic,recent,2022_2024,brier,2449,3,0.16587327258851256
next_participation,next_participation_logistic,recent,2022_2024,log_loss,2449,3,0.5009942935959449
next_participation,next_participation_logistic,recent,2022_2024,calibration_bias,2449,3,0.04283370253456766
next_participation,next_participation_logistic,recent,2022_2024,roc_auc,2449,3,0.8369566965542197
next_participation,next_participation_logistic,origin_season,2017,brier,974,1,0.19551740608644172
next_participation,next_participation_logistic,origin_season,2017,log_loss,974,1,0.5750832391037325
next_participation,next_participation_logistic,origin_season,2017,calibration_bias,974,1,0.13337125882907727
next_participation,next_participation_logistic,origin_season,2017,roc_auc,974,1,0.81017620020429
next_participation,next_participation_logistic,origin_season,2018,brier,1004,1,0.1921677423629088
next_participation,next_participation_logistic,origin_season,2018,log_loss,1004,1,0.5691666886177632
next_participation,next_participation_logistic,origin_season,2018,calibration_bias,1004,1,0.09648622034198401
next_participation,next_participation_logistic,origin_season,2018,roc_auc,1004,1,0.7881865745510372
next_participation,next_participation_logistic,origin_season,2019,brier,908,1,0.16505867543207792
next_participation,next_participation_logistic,origin_season,2019,log_loss,908,1,0.49476799527627063
next_participation,next_participation_logistic,origin_season,2019,calibration_bias,908,1,0.016822965402094478
next_participation,next_participation_logistic,origin_season,2019,roc_auc,908,1,0.8338501555319386
next_participation,next_participation_logistic,origin_season,2020,brier,823,1,0.17394416485273093
next_participation,next_participation_logistic,origin_season,2020,log_loss,823,1,0.5286979867351311
next_participation,next_participation_logistic,origin_season,2020,calibration_bias,823,1,-0.03250412408166993
next_participation,next_participation_logistic,origin_season,2020,roc_auc,823,1,0.8169804729379737
next_participation,next_participation_logistic,origin_season,2021,brier,830,1,0.1682183298580457
next_participation,next_participation_logistic,origin_season,2021,log_loss,830,1,0.5026116304840498
next_participation,next_participation_logistic,origin_season,2021,calibration_bias,830,1,-0.004780351901153914
next_participation,next_participation_logistic,origin_season,2021,roc_auc,830,1,0.8236292550451841
next_participation,next_participation_logistic,origin_season,2022,brier,841,1,0.1586413824396556
next_participation,next_participation_logistic,origin_season,2022,log_loss,841,1,0.48191389719226196
next_participation,next_participation_logistic,origin_season,2022,calibration_bias,841,1,0.04436859282363343
next_participation,next_participation_logistic,origin_season,2022,roc_auc,841,1,0.8522491936852827
next_participation,next_participation_logistic,origin_season,2023,brier,834,1,0.163568180341963
next_participation,next_participation_logistic,origin_season,2023,log_loss,834,1,0.492530499747379
next_participation,next_participation_logistic,origin_season,2023,calibration_bias,834,1,0.04338011162119217
next_participation,next_participation_logistic,origin_season,2023,roc_auc,834,1,0.8426297920905648
next_participation,next_participation_logistic,origin_season,2024,brier,774,1,0.1762149606360721
next_participation,next_participation_logistic,origin_season,2024,log_loss,774,1,0.530846254119461
next_participation,next_participation_logistic,origin_season,2024,calibration_bias,774,1,0.040577180685279324
next_participation,next_participation_logistic,origin_season,2024,roc_auc,774,1,0.8125442948263641
next_participation,next_participation_logistic,position,QB,brier,968,8,0.1749462181056787
next_participation,next_participation_logistic,position,QB,log_loss,968,8,0.5363369074231704
next_participation,next_participation_logistic,position,QB,calibration_bias,968,8,0.016127687166001718
next_participation,next_participation_logistic,position,QB,roc_auc,968,8,0.782505063910037
next_participation,next_participation_logistic,position,RB,brier,1795,8,0.18005408952223317
next_participation,next_participation_logistic,position,RB,log_loss,1795,8,0.5343750475029858
next_participation,next_participation_logistic,position,RB,calibration_bias,1795,8,0.06764179049330889
next_participation,next_participation_logistic,position,RB,roc_auc,1795,8,0.8136432622413929
next_participation,next_participation_logistic,position,TE,brier,1447,8,0.17709919051536108
next_participation,next_participation_logistic,position,TE,log_loss,1447,8,0.5269725138463474
next_participation,next_participation_logistic,position,TE,calibration_bias,1447,8,0.019569311244868836
next_participation,next_participation_logistic,position,TE,roc_auc,1447,8,0.8130092173879576
next_participation,next_participation_logistic,position,WR,brier,2778,8,0.1704236831114799
next_participation,next_participation_logistic,position,WR,log_loss,2778,8,0.5108489298712072
next_participation,next_participation_logistic,position,WR,calibration_bias,2778,8,0.05431489083313706
next_participation,next_participation_logistic,position,WR,roc_auc,2778,8,0.8282021760136691
next_participation,next_participation_logistic,history_depth,other_no_history,brier,435,8,0.1561898620004498
next_participation,next_participation_logistic,history_depth,other_no_history,log_loss,435,8,0.49313390382005345
next_participation,next_participation_logistic,history_depth,other_no_history,calibration_bias,435,8,0.10544094340919033
next_participation,next_participation_logistic,history_depth,other_no_history,roc_auc,435,8,0.47735012275283123
next_participation,next_participation_logistic,history_depth,rookie,brier,1093,8,0.19736024752839304
next_participation,next_participation_logistic,history_depth,rookie,log_loss,1093,8,0.5694497209183875
next_participation,next_participation_logistic,history_depth,rookie,calibration_bias,1093,8,0.10846590957152336
next_participation,next_participation_logistic,history_depth,rookie,roc_auc,1093,8,0.809383297906296
next_participation,next_participation_logistic,history_depth,second_year,brier,1201,8,0.17111792227523823
next_participation,next_participation_logistic,history_depth,second_year,log_loss,1201,8,0.5173653663697482
next_participation,next_participation_logistic,history_depth,second_year,calibration_bias,1201,8,0.07562169604375514
next_participation,next_participation_logistic,history_depth,second_year,roc_auc,1201,8,0.8310618541261046
next_participation,next_participation_logistic,history_depth,unknown_experience,brier,1,1,0.04051357482906525
next_participation,next_participation_logistic,history_depth,unknown_experience,log_loss,1,1,0.22474463496894836
next_participation,next_participation_logistic,history_depth,unknown_experience,calibration_bias,1,1,0.20127984208326785
next_participation,next_participation_logistic,history_depth,unknown_experience,roc_auc,1,1,
next_participation,next_participation_logistic,history_depth,veteran_with_history,brier,4258,8,0.17215454942038627
next_participation,next_participation_logistic,history_depth,veteran_with_history,log_loss,4258,8,0.5170367657587622
next_participation,next_participation_logistic,history_depth,veteran_with_history,calibration_bias,4258,8,0.014276465214338428
next_participation,next_participation_logistic,history_depth,veteran_with_history,roc_auc,4258,8,0.820098080989385
next_participation,next_participation_logistic,experience_group,rookie,brier,1093,8,0.19736024752839304
next_participation,next_participation_logistic,experience_group,rookie,log_loss,1093,8,0.5694497209183875
next_participation,next_participation_logistic,experience_group,rookie,calibration_bias,1093,8,0.10846590957152336
next_participation,next_participation_logistic,experience_group,rookie,roc_auc,1093,8,0.809383297906296
next_participation,next_participation_logistic,experience_group,second_year,brier,1201,8,0.17111792227523823
next_participation,next_participation_logistic,experience_group,second_year,log_loss,1201,8,0.5173653663697482
next_participation,next_participation_logistic,experience_group,second_year,calibration_bias,1201,8,0.07562169604375514
next_participation,next_participation_logistic,experience_group,second_year,roc_auc,1201,8,0.8310618541261046
next_participation,next_participation_logistic,experience_group,unknown,brier,1,1,0.04051357482906525
next_participation,next_participation_logistic,experience_group,unknown,log_loss,1,1,0.22474463496894836
next_participation,next_participation_logistic,experience_group,unknown,calibration_bias,1,1,0.20127984208326785
next_participation,next_participation_logistic,experience_group,unknown,roc_auc,1,1,
next_participation,next_participation_logistic,experience_group,year_10_plus,brier,345,8,0.1932922925202331
next_participation,next_participation_logistic,experience_group,year_10_plus,log_loss,345,8,0.5807136665396716
next_participation,next_participation_logistic,experience_group,year_10_plus,calibration_bias,345,8,-0.058171786737669824
next_participation,next_participation_logistic,experience_group,year_10_plus,roc_auc,345,8,0.7746795745841287
next_participation,next_participation_logistic,experience_group,year_2_3,brier,1957,8,0.16733075863301428
next_participation,next_participation_logistic,experience_group,year_2_3,log_loss,1957,8,0.5024702263213279
next_participation,next_participation_logistic,experience_group,year_2_3,calibration_bias,1957,8,0.0426021623798181
next_participation,next_participation_logistic,experience_group,year_2_3,roc_auc,1957,8,0.8301324053463752
next_participation,next_participation_logistic,experience_group,year_4_6,brier,1721,8,0.1647637519009653
next_participation,next_participation_logistic,experience_group,year_4_6,log_loss,1721,8,0.5021453276052419
next_participation,next_participation_logistic,experience_group,year_4_6,calibration_bias,1721,8,0.027573175619887067
next_participation,next_participation_logistic,experience_group,year_4_6,roc_auc,1721,8,0.8361605429971846
next_participation,next_participation_logistic,experience_group,year_7_9,brier,670,8,0.1839792668900743
next_participation,next_participation_logistic,experience_group,year_7_9,log_loss,670,8,0.5495272240102775
next_participation,next_participation_logistic,experience_group,year_7_9,calibration_bias,670,8,-0.006120300491019043
next_participation,next_participation_logistic,experience_group,year_7_9,roc_auc,670,8,0.797843137254902
next_participation,next_participation_position_experience_prior,pooled,all,brier,6988,8,0.2644810987366634
next_participation,next_participation_position_experience_prior,pooled,all,log_loss,6988,8,0.7247560813402849
next_participation,next_participation_position_experience_prior,pooled,all,calibration_bias,6988,8,0.10224487640757327
next_participation,next_participation_position_experience_prior,pooled,all,roc_auc,6988,8,0.4995131056248162
next_participation,next_participation_position_experience_prior,recent,2022_2024,brier,2449,3,0.2498462505073497
next_participation,next_participation_position_experience_prior,recent,2022_2024,log_loss,2449,3,0.6930683080576806
next_participation,next_participation_position_experience_prior,recent,2022_2024,calibration_bias,2449,3,0.044190961299136605
next_participation,next_participation_position_experience_prior,recent,2022_2024,roc_auc,2449,3,0.5269004731079034
next_participation,next_participation_position_experience_prior,origin_season,2017,brier,974,1,0.3029887888513609
next_participation,next_participation_position_experience_prior,origin_season,2017,log_loss,974,1,0.8097976441730896
next_participation,next_participation_position_experience_prior,origin_season,2017,calibration_bias,974,1,0.22852986357818555
next_participation,next_participation_position_experience_prior,origin_season,2017,roc_auc,974,1,0.5088653387810691
next_participation,next_participation_position_experience_prior,origin_season,2018,brier,1004,1,0.2957006154631204
next_participation,next_participation_position_experience_prior,origin_season,2018,log_loss,1004,1,0.7905955257951611
next_participation,next_participation_position_experience_prior,origin_season,2018,calibration_bias,1004,1,0.22524086032077933
next_participation,next_participation_position_experience_prior,origin_season,2018,roc_auc,1004,1,0.5378340706623841
next_participation,next_participation_position_experience_prior,origin_season,2019,brier,908,1,0.26135484697790107
next_participation,next_participation_position_experience_prior,origin_season,2019,log_loss,908,1,0.7172502482307479
next_participation,next_participation_position_experience_prior,origin_season,2019,calibration_bias,908,1,0.11400005832654748
next_participation,next_participation_position_experience_prior,origin_season,2019,roc_auc,908,1,0.5468973683316591
next_participation,next_participation_position_experience_prior,origin_season,2020,brier,823,1,0.243147071620517
next_participation,next_participation_position_experience_prior,origin_season,2020,log_loss,823,1,0.6794869466047133
next_participation,next_participation_position_experience_prior,origin_season,2020,calibration_bias,823,1,0.02468542343627376
next_participation,next_participation_position_experience_prior,origin_season,2020,roc_auc,823,1,0.5502210497151049
next_participation,next_participation_position_experience_prior,origin_season,2021,brier,830,1,0.2492839894138392
next_participation,next_participation_position_experience_prior,origin_season,2021,log_loss,830,1,0.6919149568680997
next_participation,next_participation_position_experience_prior,origin_season,2021,calibration_bias,830,1,0.0406089937093528
next_participation,next_participation_position_experience_prior,origin_season,2021,roc_auc,830,1,0.5370165519501802
next_participation,next_participation_position_experience_prior,origin_season,2022,brier,841,1,0.25455726892960046
next_participation,next_participation_position_experience_prior,origin_season,2022,log_loss,841,1,0.7026021711957011
next_participation,next_participation_position_experience_prior,origin_season,2022,calibration_bias,841,1,0.0731337799103211
next_participation,next_participation_position_experience_prior,origin_season,2022,roc_auc,841,1,0.5282860861200701
next_participation,next_participation_position_experience_prior,origin_season,2023,brier,834,1,0.2519116043198921
next_participation,next_participation_position_experience_prior,origin_season,2023,log_loss,834,1,0.6972831005100486
next_participation,next_participation_position_experience_prior,origin_season,2023,calibration_bias,834,1,0.0557370057327682
next_participation,next_participation_position_experience_prior,origin_season,2023,roc_auc,834,1,0.5297886321322965
next_participation,next_participation_position_experience_prior,origin_season,2024,brier,774,1,0.24250197198955473
next_participation,next_participation_position_experience_prior,origin_season,2024,log_loss,774,1,0.6781676416437917
next_participation,next_participation_position_experience_prior,origin_season,2024,calibration_bias,774,1,0.000301669942993317
next_participation,next_participation_position_experience_prior,origin_season,2024,roc_auc,774,1,0.543742844681895
next_participation,next_participation_position_experience_prior,position,QB,brier,968,8,0.25869323035871034
next_participation,next_participation_position_experience_prior,position,QB,log_loss,968,8,0.710863748190176
next_participation,next_participation_position_experience_prior,position,QB,calibration_bias,968,8,0.10120157036773163
next_participation,next_participation_position_experience_prior,position,QB,roc_auc,968,8,0.4963592233009709
next_participation,next_participation_position_experience_prior,position,RB,brier,1795,8,0.2689385473934353
next_participation,next_participation_position_experience_prior,position,RB,log_loss,1795,8,0.7364369300217867
next_participation,next_participation_position_experience_prior,position,RB,calibration_bias,1795,8,0.12823439067913317
next_participation,next_participation_position_experience_prior,position,RB,roc_auc,1795,8,0.49345245227254586
next_participation,next_participation_position_experience_prior,position,TE,brier,1447,8,0.2559716269741733
next_participation,next_participation_position_experience_prior,position,TE,log_loss,1447,8,0.7061885464493017
next_participation,next_participation_position_experience_prior,position,TE,calibration_bias,1447,8,0.06625783869474598
next_participation,next_participation_position_experience_prior,position,TE,roc_auc,1447,8,0.47669963630765677
next_participation,next_participation_position_experience_prior,position,WR,brier,2778,8,0.26805012029579806
next_participation,next_participation_position_experience_prior,position,WR,log_loss,2778,8,0.7317207602795444
next_participation,next_participation_position_experience_prior,position,WR,calibration_bias,2778,8,0.10456020603305122
next_participation,next_participation_position_experience_prior,position,WR,roc_auc,2778,8,0.4519883547810508
next_participation,next_participation_position_experience_prior,history_depth,other_no_history,brier,435,8,0.34560050278528864
next_participation,next_participation_position_experience_prior,history_depth,other_no_history,log_loss,435,8,0.8945037341933098
next_participation,next_participation_position_experience_prior,history_depth,other_no_history,calibration_bias,435,8,0.44846820422493044
next_participation,next_participation_position_experience_prior,history_depth,other_no_history,roc_auc,435,8,0.42933792666508275
next_participation,next_participation_position_experience_prior,history_depth,rookie,brier,1093,8,0.25469681141289807
next_participation,next_participation_position_experience_prior,history_depth,rookie,log_loss,1093,8,0.7045558571666846
next_participation,next_participation_position_experience_prior,history_depth,rookie,calibration_bias,1093,8,0.058302499225859505
next_participation,next_participation_position_experience_prior,history_depth,rookie,roc_auc,1093,8,0.48739057799267915
next_participation,next_participation_position_experience_prior,history_depth,second_year,brier,1201,8,0.2727274813012755
next_participation,next_participation_position_experience_prior,history_depth,second_year,log_loss,1201,8,0.7427106306937521
next_participation,next_participation_position_experience_prior,history_depth,second_year,calibration_bias,1201,8,0.12796818374759425
next_participation,next_participation_position_experience_prior,history_depth,second_year,roc_auc,1201,8,0.4773115559771244
next_participation,next_participation_position_experience_prior,history_depth,unknown_experience,brier,1,1,0.2926447857344808
next_participation,next_participation_position_experience_prior,history_depth,unknown_experience,log_loss,1,1,0.778632150487151
next_participation,next_participation_position_experience_prior,history_depth,unknown_experience,calibration_bias,1,1,0.5409665292182879
next_participation,next_participation_position_experience_prior,history_depth,unknown_experience,roc_auc,1,1,
next_participation,next_participation_position_experience_prior,history_depth,veteran_with_history,brier,4258,8,0.25637288270487063
next_participation,next_participation_position_experience_prior,history_depth,veteran_with_history,log_loss,4258,8,0.7075229498672972
next_participation,next_participation_position_experience_prior,history_depth,veteran_with_history,calibration_bias,4258,8,0.07079571175066553
next_participation,next_participation_position_experience_prior,history_depth,veteran_with_history,roc_auc,4258,8,0.5114256940412848
next_participation,next_participation_position_experience_prior,experience_group,rookie,brier,1093,8,0.25469681141289807
next_participation,next_participation_position_experience_prior,experience_group,rookie,log_loss,1093,8,0.7045558571666846
next_participation,next_participation_position_experience_prior,experience_group,rookie,calibration_bias,1093,8,0.058302499225859505
next_participation,next_participation_position_experience_prior,experience_group,rookie,roc_auc,1093,8,0.48739057799267915
next_participation,next_participation_position_experience_prior,experience_group,second_year,brier,1201,8,0.2727274813012755
next_participation,next_participation_position_experience_prior,experience_group,second_year,log_loss,1201,8,0.7427106306937521
next_participation,next_participation_position_experience_prior,experience_group,second_year,calibration_bias,1201,8,0.12796818374759425
next_participation,next_participation_position_experience_prior,experience_group,second_year,roc_auc,1201,8,0.4773115559771244
next_participation,next_participation_position_experience_prior,experience_group,unknown,brier,1,1,0.2926447857344808
next_participation,next_participation_position_experience_prior,experience_group,unknown,log_loss,1,1,0.778632150487151
next_participation,next_participation_position_experience_prior,experience_group,unknown,calibration_bias,1,1,0.5409665292182879
next_participation,next_participation_position_experience_prior,experience_group,unknown,roc_auc,1,1,
next_participation,next_participation_position_experience_prior,experience_group,year_10_plus,brier,345,8,0.254627822648504
next_participation,next_participation_position_experience_prior,experience_group,year_10_plus,log_loss,345,8,0.7026838315223171
next_participation,next_participation_position_experience_prior,experience_group,year_10_plus,calibration_bias,345,8,0.09462063469318056
next_participation,next_participation_position_experience_prior,experience_group,year_10_plus,roc_auc,345,8,0.54852399781838
next_participation,next_participation_position_experience_prior,experience_group,year_2_3,brier,1957,8,0.26678955142732574
next_participation,next_participation_position_experience_prior,experience_group,year_2_3,log_loss,1957,8,0.7303789740958606
next_participation,next_participation_position_experience_prior,experience_group,year_2_3,calibration_bias,1957,8,0.11443760286871683
next_participation,next_participation_position_experience_prior,experience_group,year_2_3,roc_auc,1957,8,0.5047564556750374
next_participation,next_participation_position_experience_prior,experience_group,year_4_6,brier,1721,8,0.26478821286231347
next_participation,next_participation_position_experience_prior,experience_group,year_4_6,log_loss,1721,8,0.724743209167019
next_participation,next_participation_position_experience_prior,experience_group,year_4_6,calibration_bias,1721,8,0.10919665051952886
next_participation,next_participation_position_experience_prior,experience_group,year_4_6,roc_auc,1721,8,0.5026878306592379
next_participation,next_participation_position_experience_prior,experience_group,year_7_9,brier,670,8,0.2631607283222209
next_participation,next_participation_position_experience_prior,experience_group,year_7_9,log_loss,670,8,0.7204197130623933
next_participation,next_participation_position_experience_prior,experience_group,year_7_9,calibration_bias,670,8,0.07762069573857203
next_participation,next_participation_position_experience_prior,experience_group,year_7_9,roc_auc,670,8,0.41697860962566846
