method,slice_type,slice_value,metric,n_rows,value
projection_prediction,pooled,all,rmse,3696,3.1326400202596614
projection_prediction,pooled,all,mae,3696,2.4469552295644723
projection_prediction,pooled,all,bias,3696,0.16343682575737115
projection_prediction,pooled,all,spearman,3696,0.8009815801253903
full_prediction,pooled,all,rmse,3696,3.1229683424927983
full_prediction,pooled,all,mae,3696,2.4468077403671087
full_prediction,pooled,all,bias,3696,0.21014023706203014
full_prediction,pooled,all,spearman,3696,0.8039490431700631
no_prior_hybrid,pooled,all,rmse,3696,3.1158682682375862
no_prior_hybrid,pooled,all,mae,3696,2.4340789528339557
no_prior_hybrid,pooled,all,bias,3696,0.14373602136180272
no_prior_hybrid,pooled,all,spearman,3696,0.8041480040582916
limited_history_hybrid,pooled,all,rmse,3696,3.1111064726271738
limited_history_hybrid,pooled,all,mae,3696,2.4278959035687735
limited_history_hybrid,pooled,all,bias,3696,0.12518508303571493
limited_history_hybrid,pooled,all,spearman,3696,0.8041773817461599
causal_router_min_25,pooled,all,rmse,3696,3.1133111116812002
causal_router_min_25,pooled,all,mae,3696,2.4332152907980724
causal_router_min_25,pooled,all,bias,3696,0.18365402925566288
causal_router_min_25,pooled,all,spearman,3696,0.8041828822371206
causal_router_min_50,pooled,all,rmse,3696,3.115770351390395
causal_router_min_50,pooled,all,mae,3696,2.4342923324280337
causal_router_min_50,pooled,all,bias,3696,0.18339876476632608
causal_router_min_50,pooled,all,spearman,3696,0.8041333408016738
causal_router_min_100,pooled,all,rmse,3696,3.1174242521993287
causal_router_min_100,pooled,all,mae,3696,2.4358177219138994
causal_router_min_100,pooled,all,bias,3696,0.1904553402005641
causal_router_min_100,pooled,all,spearman,3696,0.8044832806504436
projection_prediction,season,2017,rmse,407,3.1425673554325293
projection_prediction,season,2017,mae,407,2.45551120961756
projection_prediction,season,2017,bias,407,0.4247547637581609
projection_prediction,season,2017,spearman,407,0.7823115638918787
full_prediction,season,2017,rmse,407,3.1321055322393154
full_prediction,season,2017,mae,407,2.4569435373733097
full_prediction,season,2017,bias,407,0.4648641196494399
full_prediction,season,2017,spearman,407,0.7849762124550681
no_prior_hybrid,season,2017,rmse,407,3.145025590946245
no_prior_hybrid,season,2017,mae,407,2.459179366537808
no_prior_hybrid,season,2017,bias,407,0.40153207453281703
no_prior_hybrid,season,2017,spearman,407,0.7798990169082651
limited_history_hybrid,season,2017,rmse,407,3.1388803088669417
limited_history_hybrid,season,2017,mae,407,2.454768369481434
limited_history_hybrid,season,2017,bias,407,0.3972615429340763
limited_history_hybrid,season,2017,spearman,407,0.7818108137420134
causal_router_min_25,season,2017,rmse,407,3.1321055322393154
causal_router_min_25,season,2017,mae,407,2.4569435373733097
causal_router_min_25,season,2017,bias,407,0.4648641196494399
causal_router_min_25,season,2017,spearman,407,0.7849762124550681
causal_router_min_50,season,2017,rmse,407,3.1321055322393154
causal_router_min_50,season,2017,mae,407,2.4569435373733097
causal_router_min_50,season,2017,bias,407,0.4648641196494399
causal_router_min_50,season,2017,spearman,407,0.7849762124550681
causal_router_min_100,season,2017,rmse,407,3.1321055322393154
causal_router_min_100,season,2017,mae,407,2.4569435373733097
causal_router_min_100,season,2017,bias,407,0.4648641196494399
causal_router_min_100,season,2017,spearman,407,0.7849762124550681
projection_prediction,season,2018,rmse,405,3.3968045133382936
projection_prediction,season,2018,mae,405,2.6431974658797492
projection_prediction,season,2018,bias,405,-0.4261222454703651
projection_prediction,season,2018,spearman,405,0.7915396764107432
full_prediction,season,2018,rmse,405,3.357804913382806
full_prediction,season,2018,mae,405,2.595774126108937
full_prediction,season,2018,bias,405,-0.35215444357880016
full_prediction,season,2018,spearman,405,0.7860371770514346
no_prior_hybrid,season,2018,rmse,405,3.352924536662649
no_prior_hybrid,season,2018,mae,405,2.5856097321729514
no_prior_hybrid,season,2018,bias,405,-0.43253651219226735
no_prior_hybrid,season,2018,spearman,405,0.7913105642769726
limited_history_hybrid,season,2018,rmse,405,3.363811178569715
limited_history_hybrid,season,2018,mae,405,2.594307554896431
limited_history_hybrid,season,2018,bias,405,-0.45430957681134215
limited_history_hybrid,season,2018,spearman,405,0.7907244956293804
causal_router_min_25,season,2018,rmse,405,3.357804913382806
causal_router_min_25,season,2018,mae,405,2.595774126108937
causal_router_min_25,season,2018,bias,405,-0.35215444357880016
causal_router_min_25,season,2018,spearman,405,0.7860371770514346
causal_router_min_50,season,2018,rmse,405,3.357804913382806
causal_router_min_50,season,2018,mae,405,2.595774126108937
causal_router_min_50,season,2018,bias,405,-0.35215444357880016
causal_router_min_50,season,2018,spearman,405,0.7860371770514346
causal_router_min_100,season,2018,rmse,405,3.357804913382806
causal_router_min_100,season,2018,mae,405,2.595774126108937
causal_router_min_100,season,2018,bias,405,-0.35215444357880016
causal_router_min_100,season,2018,spearman,405,0.7860371770514346
projection_prediction,season,2019,rmse,387,3.0877987431191967
projection_prediction,season,2019,mae,387,2.415537035479935
projection_prediction,season,2019,bias,387,-0.03180969334433359
projection_prediction,season,2019,spearman,387,0.7977147521461911
full_prediction,season,2019,rmse,387,3.141438181011097
full_prediction,season,2019,mae,387,2.491793879655002
full_prediction,season,2019,bias,387,-0.015831253402755024
full_prediction,season,2019,spearman,387,0.7867760245052516
no_prior_hybrid,season,2019,rmse,387,3.1098221061652227
no_prior_hybrid,season,2019,mae,387,2.4606640377400764
no_prior_hybrid,season,2019,bias,387,-0.09864871775140047
no_prior_hybrid,season,2019,spearman,387,0.7925267098060499
limited_history_hybrid,season,2019,rmse,387,3.0847781078675887
limited_history_hybrid,season,2019,mae,387,2.4333412371695764
limited_history_hybrid,season,2019,bias,387,-0.1188735824449172
limited_history_hybrid,season,2019,spearman,387,0.7959896488902536
causal_router_min_25,season,2019,rmse,387,3.0936116901518282
causal_router_min_25,season,2019,mae,387,2.436153683098248
causal_router_min_25,season,2019,bias,387,-0.04037236688710931
causal_router_min_25,season,2019,spearman,387,0.7979924263089991
causal_router_min_50,season,2019,rmse,387,3.0936116901518282
causal_router_min_50,season,2019,mae,387,2.436153683098248
causal_router_min_50,season,2019,bias,387,-0.04037236688710931
causal_router_min_50,season,2019,spearman,387,0.7979924263089991
causal_router_min_100,season,2019,rmse,387,3.097492575221962
causal_router_min_100,season,2019,mae,387,2.4458583228911843
causal_router_min_100,season,2019,bias,387,-0.0004033501037407259
causal_router_min_100,season,2019,spearman,387,0.799460787921721
projection_prediction,season,2020,rmse,419,3.212004217494456
projection_prediction,season,2020,mae,419,2.441164117433582
projection_prediction,season,2020,bias,419,-0.20238141248094535
projection_prediction,season,2020,spearman,419,0.8144789461691778
full_prediction,season,2020,rmse,419,3.2451170641033094
full_prediction,season,2020,mae,419,2.475084927898085
full_prediction,season,2020,bias,419,-0.17208129066315897
full_prediction,season,2020,spearman,419,0.807882688712551
no_prior_hybrid,season,2020,rmse,419,3.2368368669689955
no_prior_hybrid,season,2020,mae,419,2.4519085476367333
no_prior_hybrid,season,2020,bias,419,-0.22982430586041822
no_prior_hybrid,season,2020,spearman,419,0.8114240148884486
limited_history_hybrid,season,2020,rmse,419,3.2096200532970984
limited_history_hybrid,season,2020,mae,419,2.431206011113312
limited_history_hybrid,season,2020,bias,419,-0.2562765406491336
limited_history_hybrid,season,2020,spearman,419,0.81379081620981
causal_router_min_25,season,2020,rmse,419,3.203891670656981
causal_router_min_25,season,2020,mae,419,2.4317797038338376
causal_router_min_25,season,2020,bias,419,-0.19933014483140113
causal_router_min_25,season,2020,spearman,419,0.8163500966871954
causal_router_min_50,season,2020,rmse,419,3.2192809372919373
causal_router_min_50,season,2020,mae,419,2.441852387748704
causal_router_min_50,season,2020,bias,419,-0.20040219421093386
causal_router_min_50,season,2020,spearman,419,0.8161758705345529
causal_router_min_100,season,2020,rmse,419,3.2204599702435592
causal_router_min_100,season,2020,mae,419,2.439466332040609
causal_router_min_100,season,2020,bias,419,-0.17210126835492628
causal_router_min_100,season,2020,spearman,419,0.8171751905886668
projection_prediction,season,2021,rmse,417,3.103263010873156
projection_prediction,season,2021,mae,417,2.3880887395971286
projection_prediction,season,2021,bias,417,0.2439828164661686
projection_prediction,season,2021,spearman,417,0.8026963896410485
full_prediction,season,2021,rmse,417,3.0581951743355527
full_prediction,season,2021,mae,417,2.3685482796948945
full_prediction,season,2021,bias,417,0.2119254566926046
full_prediction,season,2021,spearman,417,0.8083547338054956
no_prior_hybrid,season,2021,rmse,417,3.060032505887487
no_prior_hybrid,season,2021,mae,417,2.3730712572441366
no_prior_hybrid,season,2021,bias,417,0.16495928088451475
no_prior_hybrid,season,2021,spearman,417,0.8077738091062399
limited_history_hybrid,season,2021,rmse,417,3.0698814544062025
limited_history_hybrid,season,2021,mae,417,2.372423683761206
limited_history_hybrid,season,2021,bias,417,0.14822292814426835
limited_history_hybrid,season,2021,spearman,417,0.8072869663182043
causal_router_min_25,season,2021,rmse,417,3.0693520770570157
causal_router_min_25,season,2021,mae,417,2.379100167854666
causal_router_min_25,season,2021,bias,417,0.2533117247467391
causal_router_min_25,season,2021,spearman,417,0.8071447023741701
causal_router_min_50,season,2021,rmse,417,3.075284615994543
causal_router_min_50,season,2021,mae,417,2.3785253268570834
causal_router_min_50,season,2021,bias,417,0.25212642771421023
causal_router_min_50,season,2021,spearman,417,0.80675852774049
causal_router_min_100,season,2021,rmse,417,3.078257247462316
causal_router_min_100,season,2021,mae,417,2.3876518681091023
causal_router_min_100,season,2021,bias,417,0.2743880874063359
causal_router_min_100,season,2021,spearman,417,0.8060896934649301
projection_prediction,season,2022,rmse,425,2.872108478668414
projection_prediction,season,2022,mae,425,2.3398662611192704
projection_prediction,season,2022,bias,425,0.5979387593802958
projection_prediction,season,2022,spearman,425,0.8183697199928753
full_prediction,season,2022,rmse,425,2.8530855807463187
full_prediction,season,2022,mae,425,2.321565936709955
full_prediction,season,2022,bias,425,0.6516991724578063
full_prediction,season,2022,spearman,425,0.824280874475963
no_prior_hybrid,season,2022,rmse,425,2.8287073068335062
no_prior_hybrid,season,2022,mae,425,2.3125255151413886
no_prior_hybrid,season,2022,bias,425,0.5693521138914739
no_prior_hybrid,season,2022,spearman,425,0.826391057029634
limited_history_hybrid,season,2022,rmse,425,2.824285567656629
limited_history_hybrid,season,2022,mae,425,2.31253337178347
limited_history_hybrid,season,2022,bias,425,0.5603311828526046
limited_history_hybrid,season,2022,spearman,425,0.8252981638570834
causal_router_min_25,season,2022,rmse,425,2.853446948247264
causal_router_min_25,season,2022,mae,425,2.3282041766509924
causal_router_min_25,season,2022,bias,425,0.6178761142540257
causal_router_min_25,season,2022,spearman,425,0.8220370598339326
causal_router_min_50,season,2022,rmse,425,2.853446948247264
causal_router_min_50,season,2022,mae,425,2.3282041766509924
causal_router_min_50,season,2022,bias,425,0.6178761142540257
causal_router_min_50,season,2022,spearman,425,0.8220370598339326
causal_router_min_100,season,2022,rmse,425,2.855503387285165
causal_router_min_100,season,2022,mae,425,2.3276550694699303
causal_router_min_100,season,2022,bias,425,0.614148184094668
causal_router_min_100,season,2022,spearman,425,0.8219645268257472
projection_prediction,season,2023,rmse,413,3.247802833814017
projection_prediction,season,2023,mae,413,2.5047012617589615
projection_prediction,season,2023,bias,413,0.35469271030140426
projection_prediction,season,2023,spearman,413,0.7880028585941264
full_prediction,season,2023,rmse,413,3.2213311834136884
full_prediction,season,2023,mae,413,2.501403255016204
full_prediction,season,2023,bias,413,0.4650907891515946
full_prediction,season,2023,spearman,413,0.8047725709022564
no_prior_hybrid,season,2023,rmse,413,3.2353173785019678
no_prior_hybrid,season,2023,mae,413,2.493319645663386
no_prior_hybrid,season,2023,bias,413,0.37793940629467043
no_prior_hybrid,season,2023,spearman,413,0.7964310051060753
limited_history_hybrid,season,2023,rmse,413,3.2305857974401095
limited_history_hybrid,season,2023,mae,413,2.4800293485622245
limited_history_hybrid,season,2023,bias,413,0.35349681641887526
limited_history_hybrid,season,2023,spearman,413,0.795789102776381
causal_router_min_25,season,2023,rmse,413,3.2209298353679543
causal_router_min_25,season,2023,mae,413,2.4788368654032
causal_router_min_25,season,2023,bias,413,0.3727795815138646
causal_router_min_25,season,2023,spearman,413,0.7972704388952259
causal_router_min_50,season,2023,rmse,413,3.2209298353679543
causal_router_min_50,season,2023,mae,413,2.4788368654032
causal_router_min_50,season,2023,bias,413,0.3727795815138646
causal_router_min_50,season,2023,spearman,413,0.7972704388952259
causal_router_min_100,season,2023,rmse,413,3.221844010062941
causal_router_min_100,season,2023,mae,413,2.4818470365053695
causal_router_min_100,season,2023,bias,413,0.36814002888184805
causal_router_min_100,season,2023,spearman,413,0.7973063820784224
projection_prediction,season,2024,rmse,407,3.160834095040489
projection_prediction,season,2024,mae,407,2.5613525579991125
projection_prediction,season,2024,bias,407,0.21162206431197883
projection_prediction,season,2024,spearman,407,0.8088683521133229
full_prediction,season,2024,rmse,407,3.147047663890341
full_prediction,season,2024,mae,407,2.5351480576801855
full_prediction,season,2024,bias,407,0.2849860537651897
full_prediction,season,2024,spearman,407,0.8103767188943857
no_prior_hybrid,season,2024,rmse,407,3.1329732324537405
no_prior_hybrid,season,2024,mae,407,2.51801586003239
no_prior_hybrid,season,2024,bias,407,0.22193724133891302
no_prior_hybrid,season,2024,spearman,407,0.8118017251374661
limited_history_hybrid,season,2024,rmse,407,3.1383086898345613
limited_history_hybrid,season,2024,mae,407,2.51744112357802
limited_history_hybrid,season,2024,bias,407,0.1940868893340111
limited_history_hybrid,season,2024,spearman,407,0.8102279004540756
causal_router_min_25,season,2024,rmse,407,3.1457429999556163
causal_router_min_25,season,2024,mae,407,2.5246674872308956
causal_router_min_25,season,2024,bias,407,0.21759210240415025
causal_router_min_25,season,2024,spearman,407,0.8068385351364613
causal_router_min_50,season,2024,rmse,407,3.1457429999556163
causal_router_min_50,season,2024,mae,407,2.5246674872308956
causal_router_min_50,season,2024,bias,407,0.21759210240415025
causal_router_min_50,season,2024,spearman,407,0.8068385351364613
causal_router_min_100,season,2024,rmse,407,3.145789236563951
causal_router_min_100,season,2024,mae,407,2.5214478924974175
causal_router_min_100,season,2024,bias,407,0.21726942854169212
causal_router_min_100,season,2024,spearman,407,0.8070706370879558
projection_prediction,season,2025,rmse,416,2.9503185388550954
projection_prediction,season,2025,mae,416,2.2817538868736884
projection_prediction,season,2025,bias,416,0.27017287256362965
projection_prediction,season,2025,spearman,416,0.8059368091695907
full_prediction,season,2025,rmse,416,2.9336058572367847
full_prediction,season,2025,mae,416,2.287300701596068
full_prediction,season,2025,bias,416,0.32431019579485765
full_prediction,season,2025,spearman,416,0.8193272212238076
no_prior_hybrid,season,2025,rmse,416,2.9206184409973854
no_prior_hybrid,season,2025,mae,416,2.263710757211804
no_prior_hybrid,season,2025,bias,416,0.2891716476542939
no_prior_hybrid,season,2025,spearman,416,0.820253088808991
limited_history_hybrid,season,2025,rmse,416,2.9183653784017314
limited_history_hybrid,season,2025,mae,416,2.2652922563659468
limited_history_hybrid,season,2025,bias,416,0.27269394611572595
limited_history_hybrid,season,2025,spearman,416,0.8175034062659745
causal_router_min_25,season,2025,rmse,416,2.925084983211896
causal_router_min_25,season,2025,mae,416,2.2772143388284953
causal_router_min_25,season,2025,bias,416,0.28991656521544223
causal_router_min_25,season,2025,spearman,416,0.8160753082308573
causal_router_min_50,season,2025,rmse,416,2.925084983211896
causal_router_min_50,season,2025,mae,416,2.2772143388284953
causal_router_min_50,season,2025,bias,416,0.28991656521544223
causal_router_min_50,season,2025,spearman,416,0.8160753082308573
causal_router_min_100,season,2025,rmse,416,2.92937753692083
causal_router_min_100,season,2025,mae,416,2.2757159698928597
causal_router_min_100,season,2025,bias,416,0.27333898613194907
causal_router_min_100,season,2025,spearman,416,0.8159249558027656
projection_prediction,position,QB,rmse,380,3.4987658305294005
projection_prediction,position,QB,mae,380,2.80150242208956
projection_prediction,position,QB,bias,380,-0.11784964744480131
projection_prediction,position,QB,spearman,380,0.5874266020729745
full_prediction,position,QB,rmse,380,3.528342105989344
full_prediction,position,QB,mae,380,2.8078348742737727
full_prediction,position,QB,bias,380,-0.17579647891702185
full_prediction,position,QB,spearman,380,0.5906794764222103
no_prior_hybrid,position,QB,rmse,380,3.5055487175329856
no_prior_hybrid,position,QB,mae,380,2.792800611291202
no_prior_hybrid,position,QB,bias,380,-0.12476928614260854
no_prior_hybrid,position,QB,spearman,380,0.5938015276641118
limited_history_hybrid,position,QB,rmse,380,3.4866036457003253
limited_history_hybrid,position,QB,mae,380,2.7863189604637277
limited_history_hybrid,position,QB,bias,380,-0.11309345760889927
limited_history_hybrid,position,QB,spearman,380,0.5964327240438358
causal_router_min_25,position,QB,rmse,380,3.500406810803376
causal_router_min_25,position,QB,mae,380,2.7997904546847447
causal_router_min_25,position,QB,bias,380,-0.1456081518957267
causal_router_min_25,position,QB,spearman,380,0.592969622163678
causal_router_min_50,position,QB,rmse,380,3.521625103707761
causal_router_min_50,position,QB,mae,380,2.810266101696158
causal_router_min_50,position,QB,bias,380,-0.148090934928855
causal_router_min_50,position,QB,spearman,380,0.5884607337159401
causal_router_min_100,position,QB,rmse,380,3.528342105989344
causal_router_min_100,position,QB,mae,380,2.8078348742737727
causal_router_min_100,position,QB,bias,380,-0.17579647891702185
causal_router_min_100,position,QB,spearman,380,0.5906794764222103
projection_prediction,position,RB,rmse,1011,3.545478497976795
projection_prediction,position,RB,mae,1011,2.796609389157398
projection_prediction,position,RB,bias,1011,0.07964421523600004
projection_prediction,position,RB,spearman,1011,0.7338488345547817
full_prediction,position,RB,rmse,1011,3.4986526405664624
full_prediction,position,RB,mae,1011,2.7616927844947594
full_prediction,position,RB,bias,1011,0.09393737648696297
full_prediction,position,RB,spearman,1011,0.7442227975974158
no_prior_hybrid,position,RB,rmse,1011,3.5093459267041096
no_prior_hybrid,position,RB,mae,1011,2.763433041379577
no_prior_hybrid,position,RB,bias,1011,0.02267806756506243
no_prior_hybrid,position,RB,spearman,1011,0.7422986816338826
limited_history_hybrid,position,RB,rmse,1011,3.5143276320427317
limited_history_hybrid,position,RB,mae,1011,2.763838314735602
limited_history_hybrid,position,RB,bias,1011,0.013198202264363927
limited_history_hybrid,position,RB,spearman,1011,0.7423131261758215
causal_router_min_25,position,RB,rmse,1011,3.4986526405664624
causal_router_min_25,position,RB,mae,1011,2.7616927844947594
causal_router_min_25,position,RB,bias,1011,0.09393737648696297
causal_router_min_25,position,RB,spearman,1011,0.7442227975974158
causal_router_min_50,position,RB,rmse,1011,3.4986526405664624
causal_router_min_50,position,RB,mae,1011,2.7616927844947594
causal_router_min_50,position,RB,bias,1011,0.09393737648696297
causal_router_min_50,position,RB,spearman,1011,0.7442227975974158
causal_router_min_100,position,RB,rmse,1011,3.4986526405664624
causal_router_min_100,position,RB,mae,1011,2.7616927844947594
causal_router_min_100,position,RB,bias,1011,0.09393737648696297
causal_router_min_100,position,RB,spearman,1011,0.7442227975974158
projection_prediction,position,TE,rmse,802,2.3043345450863617
projection_prediction,position,TE,mae,802,1.7915469787813083
projection_prediction,position,TE,bias,802,0.11027941416088738
projection_prediction,position,TE,spearman,802,0.6865933322552593
full_prediction,position,TE,rmse,802,2.3057444218614425
full_prediction,position,TE,mae,802,1.8117203900443999
full_prediction,position,TE,bias,802,0.3151045567489799
full_prediction,position,TE,spearman,802,0.6966253790023739
no_prior_hybrid,position,TE,rmse,802,2.3011145593532216
no_prior_hybrid,position,TE,mae,802,1.80097432937978
no_prior_hybrid,position,TE,bias,802,0.21409578307514943
no_prior_hybrid,position,TE,spearman,802,0.6868356060930003
limited_history_hybrid,position,TE,rmse,802,2.2925541599640495
limited_history_hybrid,position,TE,mae,802,1.7943104456783487
limited_history_hybrid,position,TE,bias,802,0.17559260728232517
limited_history_hybrid,position,TE,spearman,802,0.6844870216120694
causal_router_min_25,position,TE,rmse,802,2.2957550917743568
causal_router_min_25,position,TE,mae,802,1.7932766805665912
causal_router_min_25,position,TE,bias,802,0.2138403090155027
causal_router_min_25,position,TE,spearman,802,0.6887494418564678
causal_router_min_50,position,TE,rmse,802,2.2957550917743568
causal_router_min_50,position,TE,mae,802,1.7932766805665912
causal_router_min_50,position,TE,bias,802,0.2138403090155027
causal_router_min_50,position,TE,spearman,802,0.6887494418564678
causal_router_min_100,position,TE,rmse,802,2.3012090909994125
causal_router_min_100,position,TE,mae,802,1.8014583588212878
causal_router_min_100,position,TE,bias,802,0.25948770243251923
causal_router_min_100,position,TE,spearman,802,0.6924100492934462
projection_prediction,position,WR,rmse,1503,3.12220110912653
projection_prediction,position,WR,mae,1503,2.4718448693649475
projection_prediction,position,WR,bias,1503,0.31928209066376634
projection_prediction,position,WR,spearman,1503,0.7590509897132515
full_prediction,position,WR,rmse,1503,3.1249349547372334
full_prediction,position,WR,mae,1503,2.482603458571517
full_prediction,position,WR,bias,1503,0.3298712149226416
full_prediction,position,WR,spearman,1503,0.7534841909225405
no_prior_hybrid,position,WR,rmse,1503,3.1076999272237193
no_prior_hybrid,position,WR,mae,1503,2.45966690644465
no_prior_hybrid,position,WR,bias,1503,0.25550786384089563
no_prior_hybrid,position,WR,spearman,1503,0.7578558513250925
limited_history_hybrid,position,WR,rmse,1503,3.1009387974274594
limited_history_hybrid,position,WR,mae,1503,2.449384258803886
limited_history_hybrid,position,WR,bias,1503,0.23385956570970554
limited_history_hybrid,position,WR,spearman,1503,0.7585317745884923
causal_router_min_25,position,WR,rmse,1503,3.1130836702150946
causal_router_min_25,position,WR,mae,1503,2.461053918210821
causal_router_min_25,position,WR,bias,1503,0.31114156646078067
causal_router_min_25,position,WR,spearman,1503,0.7562083435703633
causal_router_min_50,position,WR,rmse,1503,3.1130836702150946
causal_router_min_50,position,WR,mae,1503,2.461053918210821
causal_router_min_50,position,WR,bias,1503,0.31114156646078067
causal_router_min_50,position,WR,spearman,1503,0.7562083435703633
causal_router_min_100,position,WR,rmse,1503,3.1130836702150946
causal_router_min_100,position,WR,mae,1503,2.461053918210821
causal_router_min_100,position,WR,bias,1503,0.31114156646078067
causal_router_min_100,position,WR,spearman,1503,0.7562083435703633
projection_prediction,history_depth,other_no_history,rmse,27,2.3643288327942975
projection_prediction,history_depth,other_no_history,mae,27,1.8236393227389536
projection_prediction,history_depth,other_no_history,bias,27,0.6107108019376317
projection_prediction,history_depth,other_no_history,spearman,27,0.5359597447355111
full_prediction,history_depth,other_no_history,rmse,27,2.709995025679246
full_prediction,history_depth,other_no_history,mae,27,2.1413463307538225
full_prediction,history_depth,other_no_history,bias,27,0.6732092724256993
full_prediction,history_depth,other_no_history,spearman,27,0.4566544566544566
no_prior_hybrid,history_depth,other_no_history,rmse,27,2.3643288327942975
no_prior_hybrid,history_depth,other_no_history,mae,27,1.8236393227389536
no_prior_hybrid,history_depth,other_no_history,bias,27,0.6107108019376317
no_prior_hybrid,history_depth,other_no_history,spearman,27,0.5359597447355111
limited_history_hybrid,history_depth,other_no_history,rmse,27,2.3643288327942975
limited_history_hybrid,history_depth,other_no_history,mae,27,1.8236393227389536
limited_history_hybrid,history_depth,other_no_history,bias,27,0.6107108019376317
limited_history_hybrid,history_depth,other_no_history,spearman,27,0.5359597447355111
causal_router_min_25,history_depth,other_no_history,rmse,27,2.570893457030049
causal_router_min_25,history_depth,other_no_history,mae,27,2.032625757677558
causal_router_min_25,history_depth,other_no_history,bias,27,0.7085902347535905
causal_router_min_25,history_depth,other_no_history,spearman,27,0.44688644688644685
causal_router_min_50,history_depth,other_no_history,rmse,27,2.570893457030049
causal_router_min_50,history_depth,other_no_history,mae,27,2.032625757677558
causal_router_min_50,history_depth,other_no_history,bias,27,0.7085902347535905
causal_router_min_50,history_depth,other_no_history,spearman,27,0.44688644688644685
causal_router_min_100,history_depth,other_no_history,rmse,27,2.6907440472593094
causal_router_min_100,history_depth,other_no_history,mae,27,2.109501863749429
causal_router_min_100,history_depth,other_no_history,bias,27,0.6494555767479916
causal_router_min_100,history_depth,other_no_history,spearman,27,0.43650793650793646
projection_prediction,history_depth,rookie,rmse,532,3.422748265769626
projection_prediction,history_depth,rookie,mae,532,2.6903632429224236
projection_prediction,history_depth,rookie,bias,532,-0.12025222546393213
projection_prediction,history_depth,rookie,spearman,532,0.6454183914678658
full_prediction,history_depth,rookie,rmse,532,3.449361256817076
full_prediction,history_depth,rookie,mae,532,2.75433232725577
full_prediction,history_depth,rookie,bias,532,0.3174477507973707
full_prediction,history_depth,rookie,spearman,532,0.6471467059654281
no_prior_hybrid,history_depth,rookie,rmse,532,3.422748265769626
no_prior_hybrid,history_depth,rookie,mae,532,2.6903632429224236
no_prior_hybrid,history_depth,rookie,bias,532,-0.12025222546393213
no_prior_hybrid,history_depth,rookie,spearman,532,0.6454183914678658
limited_history_hybrid,history_depth,rookie,rmse,532,3.422748265769626
limited_history_hybrid,history_depth,rookie,mae,532,2.6903632429224236
limited_history_hybrid,history_depth,rookie,bias,532,-0.12025222546393213
limited_history_hybrid,history_depth,rookie,spearman,532,0.6454183914678658
causal_router_min_25,history_depth,rookie,rmse,532,3.4198682931214726
causal_router_min_25,history_depth,rookie,mae,532,2.706779164916566
causal_router_min_25,history_depth,rookie,bias,532,0.0703499772328487
causal_router_min_25,history_depth,rookie,spearman,532,0.6461361041193454
causal_router_min_50,history_depth,rookie,rmse,532,3.4202969582674125
causal_router_min_50,history_depth,rookie,mae,532,2.708354725867903
causal_router_min_50,history_depth,rookie,bias,532,0.069103836527698
causal_router_min_50,history_depth,rookie,spearman,532,0.646154076052446
causal_router_min_100,history_depth,rookie,rmse,532,3.424854283422239
causal_router_min_100,history_depth,rookie,mae,532,2.714409292330077
causal_router_min_100,history_depth,rookie,bias,532,0.10384136295642718
causal_router_min_100,history_depth,rookie,spearman,532,0.648472296026118
projection_prediction,history_depth,second_year,rmse,568,3.20323432774851
projection_prediction,history_depth,second_year,mae,568,2.4567314001954874
projection_prediction,history_depth,second_year,bias,568,0.05711916099917037
projection_prediction,history_depth,second_year,spearman,568,0.7646767032669232
full_prediction,history_depth,second_year,rmse,568,3.2383974066631893
full_prediction,history_depth,second_year,mae,568,2.5047745458379276
full_prediction,history_depth,second_year,bias,568,0.19699663143415294
full_prediction,history_depth,second_year,spearman,568,0.7620683699481384
no_prior_hybrid,history_depth,second_year,rmse,568,3.233211135826712
no_prior_hybrid,history_depth,second_year,mae,568,2.496964763019634
no_prior_hybrid,history_depth,second_year,bias,568,0.177830900529488
no_prior_hybrid,history_depth,second_year,spearman,568,0.7639755995361586
limited_history_hybrid,history_depth,second_year,rmse,568,3.20323432774851
limited_history_hybrid,history_depth,second_year,mae,568,2.4567314001954874
limited_history_hybrid,history_depth,second_year,bias,568,0.05711916099917037
limited_history_hybrid,history_depth,second_year,spearman,568,0.7646767032669232
causal_router_min_25,history_depth,second_year,rmse,568,3.1908004046555054
causal_router_min_25,history_depth,second_year,mae,568,2.451776526965681
causal_router_min_25,history_depth,second_year,bias,568,0.09368433091040473
causal_router_min_25,history_depth,second_year,spearman,568,0.7647926828787168
causal_router_min_50,history_depth,second_year,rmse,568,3.205953996841386
causal_router_min_50,history_depth,second_year,mae,568,2.4573091809062184
causal_router_min_50,history_depth,second_year,bias,568,0.09319047404869947
causal_router_min_50,history_depth,second_year,spearman,568,0.7645477057649391
causal_router_min_100,history_depth,second_year,rmse,568,3.20718382594897
causal_router_min_100,history_depth,second_year,mae,568,2.457909806465979
causal_router_min_100,history_depth,second_year,bias,568,0.10938303480752179
causal_router_min_100,history_depth,second_year,spearman,568,0.7644213286000393
projection_prediction,history_depth,veteran_with_history,rmse,2569,3.060245351094673
projection_prediction,history_depth,veteran_with_history,mae,2569,2.400938725656119
projection_prediction,history_depth,veteran_with_history,bias,2569,0.2409901972931923
projection_prediction,history_depth,veteran_with_history,spearman,2569,0.8316969026220559
full_prediction,history_depth,veteran_with_history,rmse,2569,3.028476421950535
full_prediction,history_depth,veteran_with_history,mae,2569,2.373518223951136
full_prediction,history_depth,veteran_with_history,bias,2569,0.1859577173012727
full_prediction,history_depth,veteran_with_history,spearman,2569,0.8358201652700641
no_prior_hybrid,history_depth,veteran_with_history,rmse,2569,3.028476421950535
no_prior_hybrid,history_depth,veteran_with_history,mae,2569,2.373518223951136
no_prior_hybrid,history_depth,veteran_with_history,bias,2569,0.1859577173012727
no_prior_hybrid,history_depth,veteran_with_history,spearman,2569,0.8358201652700641
limited_history_hybrid,history_depth,veteran_with_history,rmse,2569,3.028476421950535
limited_history_hybrid,history_depth,veteran_with_history,mae,2569,2.373518223951136
limited_history_hybrid,history_depth,veteran_with_history,bias,2569,0.1859577173012727
limited_history_hybrid,history_depth,veteran_with_history,spearman,2569,0.8358201652700641
causal_router_min_25,history_depth,veteran_with_history,rmse,2569,3.033538626611828
causal_router_min_25,history_depth,veteran_with_history,mae,2569,2.3766707809576726
causal_router_min_25,history_depth,veteran_with_history,bias,2569,0.221492591648734
causal_router_min_25,history_depth,veteran_with_history,spearman,2569,0.8359542901876446
causal_router_min_50,history_depth,veteran_with_history,rmse,2569,3.033538626611828
causal_router_min_50,history_depth,veteran_with_history,mae,2569,2.3766707809576726
causal_router_min_50,history_depth,veteran_with_history,bias,2569,0.221492591648734
causal_router_min_50,history_depth,veteran_with_history,spearman,2569,0.8359542901876446
causal_router_min_100,history_depth,veteran_with_history,rmse,2569,3.033538626611828
causal_router_min_100,history_depth,veteran_with_history,mae,2569,2.3766707809576726
causal_router_min_100,history_depth,veteran_with_history,bias,2569,0.221492591648734
causal_router_min_100,history_depth,veteran_with_history,spearman,2569,0.8359542901876446
