arm,variation,path_index,branch,complete,failure_reason,roster_spend,unused_salary,full_replans,budget_replans,bounded_triggers,bounded_swaps,bounded_rebuilds,guard_rejections,max_projected_slack,roster,salary_map
bounded_replan,5,0,buy,True,,297.0,1.0,0,0,0,0,0,0,3.3120560348931463,Bhayshul Tuten | Bijan Robinson | Chase Brown | Dylan Sampson | Jahmyr Gibbs | Jalen Coker | Jordan Addison | Kyle Pitts | Patrick Mahomes | Rashid Shaheed | Sam LaPorta | Stefon Diggs | Zach Charbonnet,"{""Bhayshul Tuten"": 11.0, ""Bijan Robinson"": 105.0, ""Chase Brown"": 34.0, ""Dylan Sampson"": 2.0, ""Jahmyr Gibbs"": 110.0, ""Jalen Coker"": 3.0, ""Jordan Addison"": 3.0, ""Kyle Pitts"": 6.0, ""Patrick Mahomes"": 5.0, ""Rashid Shaheed"": 2.0, ""Sam LaPorta"": 11.0, ""Stefon Diggs"": 3.0, ""Zach Charbonnet"": 2.0}"
bounded_replan,5,0,pass,True,,262.0,36.0,0,0,11,8,0,0,40.37253554429026,Bhayshul Tuten | Chase Brown | Christian Watson | D'Andre Swift | Dak Prescott | Jahmyr Gibbs | Jonathon Brooks | Jordan Addison | Josh Downs | Kyle Pitts | Michael Wilson | Rome Odunze | Wan'Dale Robinson,"{""Bhayshul Tuten"": 11.0, ""Chase Brown"": 34.0, ""Christian Watson"": 18.0, ""D'Andre Swift"": 27.0, ""Dak Prescott"": 8.0, ""Jahmyr Gibbs"": 110.0, ""Jonathon Brooks"": 8.0, ""Jordan Addison"": 3.0, ""Josh Downs"": 8.0, ""Kyle Pitts"": 6.0, ""Michael Wilson"": 6.0, ""Rome Odunze"": 15.0, ""Wan'Dale Robinson"": 8.0}"
bounded_replan,5,1,buy,True,,293.0,5.0,0,0,0,0,0,0,3.5848717302757223,Bhayshul Tuten | Bijan Robinson | Chase Brown | Chris Godwin Jr. | Dak Prescott | Dallas Goedert | Jahmyr Gibbs | Jerry Jeudy | Khalil Shakir | Romeo Doubs | Stefon Diggs | Wan'Dale Robinson | Zach Charbonnet,"{""Bhayshul Tuten"": 11.0, ""Bijan Robinson"": 105.0, ""Chase Brown"": 34.0, ""Chris Godwin Jr."": 8.0, ""Dak Prescott"": 2.0, ""Dallas Goedert"": 2.0, ""Jahmyr Gibbs"": 110.0, ""Jerry Jeudy"": 2.0, ""Khalil Shakir"": 5.0, ""Romeo Doubs"": 2.0, ""Stefon Diggs"": 2.0, ""Wan'Dale Robinson"": 8.0, ""Zach Charbonnet"": 2.0}"
bounded_replan,5,1,pass,True,,283.0,15.0,0,0,9,8,0,0,19.72758704059595,Bhayshul Tuten | Chase Brown | D'Andre Swift | DK Metcalf | Dallas Goedert | Jahmyr Gibbs | Jalen Hurts | Jordan Addison | Josh Downs | Luther Burden III | Stefon Diggs | Tony Pollard | Wan'Dale Robinson,"{""Bhayshul Tuten"": 11.0, ""Chase Brown"": 34.0, ""D'Andre Swift"": 31.0, ""DK Metcalf"": 15.0, ""Dallas Goedert"": 2.0, ""Jahmyr Gibbs"": 110.0, ""Jalen Hurts"": 13.0, ""Jordan Addison"": 9.0, ""Josh Downs"": 8.0, ""Luther Burden III"": 24.0, ""Stefon Diggs"": 2.0, ""Tony Pollard"": 16.0, ""Wan'Dale Robinson"": 8.0}"
bounded_replan,5,2,buy,True,,297.0,1.0,0,0,0,0,0,0,3.5380423312986977,Bhayshul Tuten | Bijan Robinson | Bo Nix | Chase Brown | Dallas Goedert | Dalton Schultz | Jacory Croskey-Merritt | Jahmyr Gibbs | Jordan Addison | Makai Lemon | Rashid Shaheed | Romeo Doubs | Stefon Diggs,"{""Bhayshul Tuten"": 11.0, ""Bijan Robinson"": 105.0, ""Bo Nix"": 4.0, ""Chase Brown"": 34.0, ""Dallas Goedert"": 4.0, ""Dalton Schultz"": 2.0, ""Jacory Croskey-Merritt"": 7.0, ""Jahmyr Gibbs"": 110.0, ""Jordan Addison"": 4.0, ""Makai Lemon"": 7.0, ""Rashid Shaheed"": 3.0, ""Romeo Doubs"": 2.0, ""Stefon Diggs"": 4.0}"
bounded_replan,5,2,pass,True,,262.0,36.0,0,0,9,6,0,0,35.005622661132975,Bhayshul Tuten | Brian Thomas Jr. | Caleb Williams | Chase Brown | Christian Watson | D'Andre Swift | Jahmyr Gibbs | Jordan Addison | Kenny Gainwell | Kyle Pitts | Parker Washington | Stefon Diggs | Wan'Dale Robinson,"{""Bhayshul Tuten"": 11.0, ""Brian Thomas Jr."": 11.0, ""Caleb Williams"": 4.0, ""Chase Brown"": 34.0, ""Christian Watson"": 19.0, ""D'Andre Swift"": 32.0, ""Jahmyr Gibbs"": 110.0, ""Jordan Addison"": 4.0, ""Kenny Gainwell"": 7.0, ""Kyle Pitts"": 9.0, ""Parker Washington"": 9.0, ""Stefon Diggs"": 4.0, ""Wan'Dale Robinson"": 8.0}"
bounded_replan,5,3,buy,True,,290.0,8.0,0,0,1,1,0,0,6.276338141441897,Bhayshul Tuten | Bijan Robinson | Cade Otton | Chase Brown | Deebo Samuel Sr. | Jahmyr Gibbs | Khalil Shakir | Matthew Golden | Michael Wilson | Stefon Diggs | Tyler Shough | Zach Charbonnet | Zachariah Branch,"{""Bhayshul Tuten"": 11.0, ""Bijan Robinson"": 105.0, ""Cade Otton"": 4.0, ""Chase Brown"": 34.0, ""Deebo Samuel Sr."": 4.0, ""Jahmyr Gibbs"": 110.0, ""Khalil Shakir"": 3.0, ""Matthew Golden"": 1.0, ""Michael Wilson"": 10.0, ""Stefon Diggs"": 3.0, ""Tyler Shough"": 1.0, ""Zach Charbonnet"": 2.0, ""Zachariah Branch"": 2.0}"
bounded_replan,5,3,pass,True,,253.0,45.0,0,0,8,5,0,0,40.95245564213883,Alec Pierce | Bhayshul Tuten | Carnell Tate | Chase Brown | Christian Watson | DK Metcalf | Jahmyr Gibbs | Jared Goff | Jonathon Brooks | Jordan Addison | Kyle Pitts | Stefon Diggs | Tony Pollard,"{""Alec Pierce"": 9.0, ""Bhayshul Tuten"": 11.0, ""Carnell Tate"": 15.0, ""Chase Brown"": 34.0, ""Christian Watson"": 14.0, ""DK Metcalf"": 11.0, ""Jahmyr Gibbs"": 110.0, ""Jared Goff"": 2.0, ""Jonathon Brooks"": 10.0, ""Jordan Addison"": 5.0, ""Kyle Pitts"": 13.0, ""Stefon Diggs"": 3.0, ""Tony Pollard"": 16.0}"
bounded_replan,5,4,buy,True,,293.0,5.0,0,0,0,0,0,0,4.98253224458449,Bhayshul Tuten | Bijan Robinson | Chase Brown | Chris Godwin Jr. | Dylan Sampson | Jahmyr Gibbs | Jake Ferguson | Jordan Addison | Khalil Shakir | Makai Lemon | MarShawn Lloyd | Quentin Johnston | Tyler Shough,"{""Bhayshul Tuten"": 11.0, ""Bijan Robinson"": 105.0, ""Chase Brown"": 34.0, ""Chris Godwin Jr."": 8.0, ""Dylan Sampson"": 2.0, ""Jahmyr Gibbs"": 110.0, ""Jake Ferguson"": 2.0, ""Jordan Addison"": 3.0, ""Khalil Shakir"": 2.0, ""Makai Lemon"": 8.0, ""MarShawn Lloyd"": 2.0, ""Quentin Johnston"": 4.0, ""Tyler Shough"": 2.0}"
bounded_replan,5,4,pass,True,,255.0,43.0,0,0,15,13,0,0,42.179355869853396,Alec Pierce | Bhayshul Tuten | Brian Thomas Jr. | Carnell Tate | Chase Brown | Christian Watson | Jadarian Price | Jahmyr Gibbs | Jaxson Dart | Khalil Shakir | Kyle Pitts | Quentin Johnston | Zach Charbonnet,"{""Alec Pierce"": 13.0, ""Bhayshul Tuten"": 11.0, ""Brian Thomas Jr."": 12.0, ""Carnell Tate"": 15.0, ""Chase Brown"": 34.0, ""Christian Watson"": 15.0, ""Jadarian Price"": 22.0, ""Jahmyr Gibbs"": 110.0, ""Jaxson Dart"": 3.0, ""Khalil Shakir"": 2.0, ""Kyle Pitts"": 10.0, ""Quentin Johnston"": 4.0, ""Zach Charbonnet"": 4.0}"
bounded_replan,5,5,buy,True,,296.0,2.0,0,0,0,0,0,0,1.9731851454652656,Bhayshul Tuten | Bijan Robinson | Brock Purdy | Chase Brown | Dallas Goedert | Jahmyr Gibbs | Jakobi Meyers | Khalil Shakir | Makai Lemon | Michael Wilson | Romeo Doubs | Zach Charbonnet | Zachariah Branch,"{""Bhayshul Tuten"": 11.0, ""Bijan Robinson"": 105.0, ""Brock Purdy"": 5.0, ""Chase Brown"": 34.0, ""Dallas Goedert"": 3.0, ""Jahmyr Gibbs"": 110.0, ""Jakobi Meyers"": 7.0, ""Khalil Shakir"": 2.0, ""Makai Lemon"": 7.0, ""Michael Wilson"": 5.0, ""Romeo Doubs"": 2.0, ""Zach Charbonnet"": 2.0, ""Zachariah Branch"": 3.0}"
bounded_replan,5,5,pass,True,,237.0,61.0,0,0,10,13,1,0,91.2104708040134,Alec Pierce | Bhayshul Tuten | Brock Purdy | Chase Brown | Chuba Hubbard | Courtland Sutton | Harold Fannin Jr. | Jacory Croskey-Merritt | Jahmyr Gibbs | Jordan Addison | Kenny Gainwell | Khalil Shakir | Michael Wilson,"{""Alec Pierce"": 11.0, ""Bhayshul Tuten"": 11.0, ""Brock Purdy"": 5.0, ""Chase Brown"": 34.0, ""Chuba Hubbard"": 10.0, ""Courtland Sutton"": 8.0, ""Harold Fannin Jr."": 13.0, ""Jacory Croskey-Merritt"": 10.0, ""Jahmyr Gibbs"": 110.0, ""Jordan Addison"": 6.0, ""Kenny Gainwell"": 12.0, ""Khalil Shakir"": 2.0, ""Michael Wilson"": 5.0}"
bounded_replan,5,6,buy,True,,296.0,2.0,0,0,1,2,0,0,6.268795058079547,Aaron Jones | Bhayshul Tuten | Bijan Robinson | Brock Purdy | Chase Brown | Germie Bernard | Jahmyr Gibbs | Jake Ferguson | Jakobi Meyers | Jordan Addison | KC Concepcion | Kaelon Black | Khalil Shakir,"{""Aaron Jones"": 3.0, ""Bhayshul Tuten"": 11.0, ""Bijan Robinson"": 105.0, ""Brock Purdy"": 3.0, ""Chase Brown"": 34.0, ""Germie Bernard"": 2.0, ""Jahmyr Gibbs"": 110.0, ""Jake Ferguson"": 4.0, ""Jakobi Meyers"": 2.0, ""Jordan Addison"": 8.0, ""KC Concepcion"": 4.0, ""Kaelon Black"": 3.0, ""Khalil Shakir"": 7.0}"
bounded_replan,5,6,pass,True,,287.0,11.0,0,0,4,2,0,0,12.025371211458435,Bhayshul Tuten | Brian Thomas Jr. | Chase Brown | Christian Watson | D'Andre Swift | DK Metcalf | Jahmyr Gibbs | Jordan Addison | Kyle Pitts | Lamar Jackson | Stefon Diggs | TreVeyon Henderson | Wan'Dale Robinson,"{""Bhayshul Tuten"": 11.0, ""Brian Thomas Jr."": 9.0, ""Chase Brown"": 34.0, ""Christian Watson"": 11.0, ""D'Andre Swift"": 29.0, ""DK Metcalf"": 14.0, ""Jahmyr Gibbs"": 110.0, ""Jordan Addison"": 8.0, ""Kyle Pitts"": 13.0, ""Lamar Jackson"": 13.0, ""Stefon Diggs"": 5.0, ""TreVeyon Henderson"": 20.0, ""Wan'Dale Robinson"": 10.0}"
bounded_replan,5,7,buy,True,,297.0,1.0,0,0,0,0,0,0,3.9443037895188695,Bhayshul Tuten | Bijan Robinson | Bo Nix | Chase Brown | Isaiah Likely | Ja'Kobi Lane | Jahmyr Gibbs | Josh Downs | Kenyon Sadiq | Makai Lemon | Tre Harris | Tyler Allgeier | Wan'Dale Robinson,"{""Bhayshul Tuten"": 11.0, ""Bijan Robinson"": 105.0, ""Bo Nix"": 4.0, ""Chase Brown"": 34.0, ""Isaiah Likely"": 6.0, ""Ja'Kobi Lane"": 2.0, ""Jahmyr Gibbs"": 110.0, ""Josh Downs"": 3.0, ""Kenyon Sadiq"": 2.0, ""Makai Lemon"": 8.0, ""Tre Harris"": 2.0, ""Tyler Allgeier"": 3.0, ""Wan'Dale Robinson"": 7.0}"
bounded_replan,5,7,pass,True,,292.0,6.0,0,0,8,8,0,0,20.390999884073835,Alec Pierce | Bhayshul Tuten | Carnell Tate | Chase Brown | Chuba Hubbard | DK Metcalf | Dak Prescott | Jahmyr Gibbs | Jameson Williams | Jaylen Warren | Jordan Addison | Kyle Pitts | Wan'Dale Robinson,"{""Alec Pierce"": 14.0, ""Bhayshul Tuten"": 11.0, ""Carnell Tate"": 13.0, ""Chase Brown"": 34.0, ""Chuba Hubbard"": 6.0, ""DK Metcalf"": 15.0, ""Dak Prescott"": 9.0, ""Jahmyr Gibbs"": 110.0, ""Jameson Williams"": 25.0, ""Jaylen Warren"": 30.0, ""Jordan Addison"": 7.0, ""Kyle Pitts"": 11.0, ""Wan'Dale Robinson"": 7.0}"
bounded_replan,5,8,buy,True,,294.0,4.0,0,0,0,0,0,0,4.025316872889846,Bhayshul Tuten | Bijan Robinson | Brock Purdy | Chase Brown | Dallas Goedert | Germie Bernard | Jahmyr Gibbs | Jordan Addison | Justice Hill | Romeo Doubs | Stefon Diggs | Wan'Dale Robinson | Zach Charbonnet,"{""Bhayshul Tuten"": 11.0, ""Bijan Robinson"": 105.0, ""Brock Purdy"": 3.0, ""Chase Brown"": 34.0, ""Dallas Goedert"": 4.0, ""Germie Bernard"": 2.0, ""Jahmyr Gibbs"": 110.0, ""Jordan Addison"": 4.0, ""Justice Hill"": 2.0, ""Romeo Doubs"": 2.0, ""Stefon Diggs"": 6.0, ""Wan'Dale Robinson"": 9.0, ""Zach Charbonnet"": 2.0}"
bounded_replan,5,8,pass,True,,274.0,24.0,0,0,13,13,0,0,34.297975604412045,Alec Pierce | Bhayshul Tuten | Chase Brown | DK Metcalf | Emeka Egbuka | Harold Fannin Jr. | Jahmyr Gibbs | Jalen Hurts | Jonathon Brooks | Jordan Addison | Kenny Gainwell | Quentin Johnston | Wan'Dale Robinson,"{""Alec Pierce"": 13.0, ""Bhayshul Tuten"": 11.0, ""Chase Brown"": 34.0, ""DK Metcalf"": 13.0, ""Emeka Egbuka"": 38.0, ""Harold Fannin Jr."": 7.0, ""Jahmyr Gibbs"": 110.0, ""Jalen Hurts"": 9.0, ""Jonathon Brooks"": 7.0, ""Jordan Addison"": 4.0, ""Kenny Gainwell"": 11.0, ""Quentin Johnston"": 8.0, ""Wan'Dale Robinson"": 9.0}"
bounded_replan,5,9,buy,True,,298.0,0.0,0,0,1,1,0,0,5.352568878407794,Bhayshul Tuten | Bijan Robinson | C.J. Stroud | Chase Brown | Chris Godwin Jr. | Dallas Goedert | Jahmyr Gibbs | Jordan Addison | Omar Cooper Jr. | Rashid Shaheed | Seth McGowan | Stefon Diggs | Zach Charbonnet,"{""Bhayshul Tuten"": 11.0, ""Bijan Robinson"": 105.0, ""C.J. Stroud"": 3.0, ""Chase Brown"": 34.0, ""Chris Godwin Jr."": 9.0, ""Dallas Goedert"": 5.0, ""Jahmyr Gibbs"": 110.0, ""Jordan Addison"": 7.0, ""Omar Cooper Jr."": 3.0, ""Rashid Shaheed"": 3.0, ""Seth McGowan"": 2.0, ""Stefon Diggs"": 4.0, ""Zach Charbonnet"": 2.0}"
bounded_replan,5,9,pass,True,,289.0,9.0,0,0,12,7,0,0,40.00470483549668,Alec Pierce | Bhayshul Tuten | Brian Thomas Jr. | Bucky Irving | Chase Brown | Courtland Sutton | DK Metcalf | Jacory Croskey-Merritt | Jahmyr Gibbs | Jordan Addison | Kyle Pitts | Lamar Jackson | Wan'Dale Robinson,"{""Alec Pierce"": 11.0, ""Bhayshul Tuten"": 11.0, ""Brian Thomas Jr."": 14.0, ""Bucky Irving"": 29.0, ""Chase Brown"": 34.0, ""Courtland Sutton"": 16.0, ""DK Metcalf"": 17.0, ""Jacory Croskey-Merritt"": 9.0, ""Jahmyr Gibbs"": 110.0, ""Jordan Addison"": 7.0, ""Kyle Pitts"": 10.0, ""Lamar Jackson"": 11.0, ""Wan'Dale Robinson"": 10.0}"
bounded_replan,5,10,buy,True,,295.0,3.0,0,0,0,0,0,0,4.008767904184765,Antonio Williams | Bhayshul Tuten | Bijan Robinson | Cade Otton | Caleb Williams | Chase Brown | Chig Okonkwo | Chris Godwin Jr. | Jahmyr Gibbs | Jordan Addison | Michael Pittman | Samaje Perine | Zach Charbonnet,"{""Antonio Williams"": 2.0, ""Bhayshul Tuten"": 11.0, ""Bijan Robinson"": 105.0, ""Cade Otton"": 2.0, ""Caleb Williams"": 7.0, ""Chase Brown"": 34.0, ""Chig Okonkwo"": 2.0, ""Chris Godwin Jr."": 3.0, ""Jahmyr Gibbs"": 110.0, ""Jordan Addison"": 2.0, ""Michael Pittman"": 12.0, ""Samaje Perine"": 3.0, ""Zach Charbonnet"": 2.0}"
bounded_replan,5,10,pass,True,,276.0,22.0,0,0,11,8,0,0,27.909410634963876,Bhayshul Tuten | Brian Thomas Jr. | Chase Brown | Chris Godwin Jr. | Christian Watson | Courtland Sutton | D'Andre Swift | Jahmyr Gibbs | Jordan Addison | Quentin Johnston | Tony Pollard | Trevor Lawrence | Tyler Warren,"{""Bhayshul Tuten"": 11.0, ""Brian Thomas Jr."": 12.0, ""Chase Brown"": 34.0, ""Chris Godwin Jr."": 3.0, ""Christian Watson"": 13.0, ""Courtland Sutton"": 14.0, ""D'Andre Swift"": 26.0, ""Jahmyr Gibbs"": 110.0, ""Jordan Addison"": 2.0, ""Quentin Johnston"": 5.0, ""Tony Pollard"": 18.0, ""Trevor Lawrence"": 4.0, ""Tyler Warren"": 24.0}"
bounded_replan,5,11,buy,True,,294.0,4.0,0,0,0,0,0,0,4.25180013336518,Bhayshul Tuten | Bijan Robinson | Caleb Douglas | Chase Brown | Chig Okonkwo | Isaiah Likely | Jahmyr Gibbs | Jaylin Noel | Kaytron Allen | Makai Lemon | Patrick Mahomes | Quentin Johnston | Zachariah Branch,"{""Bhayshul Tuten"": 11.0, ""Bijan Robinson"": 105.0, ""Caleb Douglas"": 2.0, ""Chase Brown"": 34.0, ""Chig Okonkwo"": 2.0, ""Isaiah Likely"": 5.0, ""Jahmyr Gibbs"": 110.0, ""Jaylin Noel"": 2.0, ""Kaytron Allen"": 3.0, ""Makai Lemon"": 5.0, ""Patrick Mahomes"": 4.0, ""Quentin Johnston"": 9.0, ""Zachariah Branch"": 2.0}"
bounded_replan,5,11,pass,True,,273.0,25.0,0,0,7,2,0,0,25.926121629555098,Bhayshul Tuten | Chase Brown | Christian Watson | D'Andre Swift | J.K. Dobbins | Jahmyr Gibbs | Jordan Addison | Josh Downs | Kyle Pitts | Makai Lemon | Matthew Stafford | Sam LaPorta | Wan'Dale Robinson,"{""Bhayshul Tuten"": 11.0, ""Chase Brown"": 34.0, ""Christian Watson"": 18.0, ""D'Andre Swift"": 30.0, ""J.K. Dobbins"": 17.0, ""Jahmyr Gibbs"": 110.0, ""Jordan Addison"": 7.0, ""Josh Downs"": 9.0, ""Kyle Pitts"": 7.0, ""Makai Lemon"": 5.0, ""Matthew Stafford"": 3.0, ""Sam LaPorta"": 16.0, ""Wan'Dale Robinson"": 6.0}"
bounded_replan,5,12,buy,True,,293.0,5.0,0,0,0,0,0,0,4.285810831627998,Bhayshul Tuten | Bijan Robinson | Chase Brown | Chig Okonkwo | Dallas Goedert | Deebo Samuel Sr. | Jahmyr Gibbs | Jayden Reed | Keaton Mitchell | Khalil Shakir | Kimani Vidal | Patrick Mahomes | Rashid Shaheed,"{""Bhayshul Tuten"": 11.0, ""Bijan Robinson"": 105.0, ""Chase Brown"": 34.0, ""Chig Okonkwo"": 2.0, ""Dallas Goedert"": 3.0, ""Deebo Samuel Sr."": 2.0, ""Jahmyr Gibbs"": 110.0, ""Jayden Reed"": 9.0, ""Keaton Mitchell"": 5.0, ""Khalil Shakir"": 5.0, ""Kimani Vidal"": 2.0, ""Patrick Mahomes"": 3.0, ""Rashid Shaheed"": 2.0}"
bounded_replan,5,12,pass,True,,265.0,33.0,0,0,16,13,0,0,38.78467467546267,Bhayshul Tuten | Chase Brown | DJ Moore | Harold Fannin Jr. | Jacory Croskey-Merritt | Jahmyr Gibbs | Jameson Williams | Jonathon Brooks | Michael Pittman | Michael Wilson | Patrick Mahomes | Quentin Johnston | Rachaad White,"{""Bhayshul Tuten"": 11.0, ""Chase Brown"": 34.0, ""DJ Moore"": 17.0, ""Harold Fannin Jr."": 10.0, ""Jacory Croskey-Merritt"": 5.0, ""Jahmyr Gibbs"": 110.0, ""Jameson Williams"": 16.0, ""Jonathon Brooks"": 17.0, ""Michael Pittman"": 10.0, ""Michael Wilson"": 11.0, ""Patrick Mahomes"": 3.0, ""Quentin Johnston"": 11.0, ""Rachaad White"": 10.0}"
bounded_replan,5,13,buy,True,,294.0,4.0,0,0,1,1,0,0,5.98245334881517,Aaron Jones | Bhayshul Tuten | Bijan Robinson | Chase Brown | George Kittle | Jahmyr Gibbs | KC Concepcion | Makai Lemon | Patrick Mahomes | Quentin Johnston | Rachaad White | Romeo Doubs | Tre Harris,"{""Aaron Jones"": 4.0, ""Bhayshul Tuten"": 11.0, ""Bijan Robinson"": 105.0, ""Chase Brown"": 34.0, ""George Kittle"": 3.0, ""Jahmyr Gibbs"": 110.0, ""KC Concepcion"": 4.0, ""Makai Lemon"": 4.0, ""Patrick Mahomes"": 2.0, ""Quentin Johnston"": 4.0, ""Rachaad White"": 9.0, ""Romeo Doubs"": 2.0, ""Tre Harris"": 2.0}"
bounded_replan,5,13,pass,True,,269.0,29.0,0,0,8,6,0,0,26.53150864369229,Bhayshul Tuten | Chase Brown | Christian Watson | DJ Moore | DK Metcalf | Harold Fannin Jr. | Jahmyr Gibbs | Jayden Reed | KC Concepcion | Patrick Mahomes | Rhamondre Stevenson | Rico Dowdle | TreVeyon Henderson,"{""Bhayshul Tuten"": 11.0, ""Chase Brown"": 34.0, ""Christian Watson"": 14.0, ""DJ Moore"": 20.0, ""DK Metcalf"": 8.0, ""Harold Fannin Jr."": 12.0, ""Jahmyr Gibbs"": 110.0, ""Jayden Reed"": 6.0, ""KC Concepcion"": 4.0, ""Patrick Mahomes"": 2.0, ""Rhamondre Stevenson"": 17.0, ""Rico Dowdle"": 11.0, ""TreVeyon Henderson"": 20.0}"
bounded_replan,5,14,buy,True,,294.0,4.0,0,0,0,0,0,0,4.246573057881449,Antonio Williams | Bhayshul Tuten | Bijan Robinson | Chase Brown | Deebo Samuel Sr. | Jahmyr Gibbs | Jordan Addison | Josh Downs | Makai Lemon | Mark Andrews | Patrick Mahomes | Quentin Johnston | Woody Marks,"{""Antonio Williams"": 2.0, ""Bhayshul Tuten"": 11.0, ""Bijan Robinson"": 105.0, ""Chase Brown"": 34.0, ""Deebo Samuel Sr."": 2.0, ""Jahmyr Gibbs"": 110.0, ""Jordan Addison"": 4.0, ""Josh Downs"": 9.0, ""Makai Lemon"": 4.0, ""Mark Andrews"": 2.0, ""Patrick Mahomes"": 2.0, ""Quentin Johnston"": 6.0, ""Woody Marks"": 3.0}"
bounded_replan,5,14,pass,True,,285.0,13.0,0,0,7,4,0,0,17.687618769082746,Bhayshul Tuten | Brian Thomas Jr. | Chase Brown | Chuba Hubbard | DJ Moore | Harold Fannin Jr. | Jahmyr Gibbs | Jaylen Warren | Luther Burden III | Marvin Harrison Jr. | Michael Pittman | Patrick Mahomes | Tony Pollard,"{""Bhayshul Tuten"": 11.0, ""Brian Thomas Jr."": 8.0, ""Chase Brown"": 34.0, ""Chuba Hubbard"": 6.0, ""DJ Moore"": 24.0, ""Harold Fannin Jr."": 12.0, ""Jahmyr Gibbs"": 110.0, ""Jaylen Warren"": 19.0, ""Luther Burden III"": 17.0, ""Marvin Harrison Jr."": 19.0, ""Michael Pittman"": 6.0, ""Patrick Mahomes"": 2.0, ""Tony Pollard"": 17.0}"
bounded_replan,5,15,buy,True,,293.0,5.0,0,0,1,2,0,0,5.2696765529445315,Antonio Williams | Bhayshul Tuten | Bijan Robinson | Chase Brown | Dak Prescott | Dallas Goedert | George Kittle | Jahmyr Gibbs | Jayden Reed | Josh Downs | KC Concepcion | Matthew Golden | Rashid Shaheed,"{""Antonio Williams"": 3.0, ""Bhayshul Tuten"": 11.0, ""Bijan Robinson"": 105.0, ""Chase Brown"": 34.0, ""Dak Prescott"": 7.0, ""Dallas Goedert"": 2.0, ""George Kittle"": 7.0, ""Jahmyr Gibbs"": 110.0, ""Jayden Reed"": 5.0, ""Josh Downs"": 2.0, ""KC Concepcion"": 3.0, ""Matthew Golden"": 2.0, ""Rashid Shaheed"": 2.0}"
bounded_replan,5,15,pass,True,,264.0,34.0,0,0,12,6,0,0,32.57294989118185,Bhayshul Tuten | Carnell Tate | Chase Brown | Christian Watson | Chuba Hubbard | Harold Fannin Jr. | Jahmyr Gibbs | Luther Burden III | Matthew Golden | Patrick Mahomes | Rhamondre Stevenson | Rico Dowdle | Wan'Dale Robinson,"{""Bhayshul Tuten"": 11.0, ""Carnell Tate"": 17.0, ""Chase Brown"": 34.0, ""Christian Watson"": 11.0, ""Chuba Hubbard"": 7.0, ""Harold Fannin Jr."": 11.0, ""Jahmyr Gibbs"": 110.0, ""Luther Burden III"": 17.0, ""Matthew Golden"": 2.0, ""Patrick Mahomes"": 3.0, ""Rhamondre Stevenson"": 17.0, ""Rico Dowdle"": 17.0, ""Wan'Dale Robinson"": 7.0}"
bounded_replan,5,16,buy,True,,297.0,1.0,0,0,0,0,0,0,2.3467806306136367,Bhayshul Tuten | Bijan Robinson | Chase Brown | Dallas Goedert | De'Zhaun Stribling | Jahmyr Gibbs | Jakobi Meyers | Jalen Coker | Jayden Reed | KC Concepcion | Patrick Mahomes | Sean Tucker | Wan'Dale Robinson,"{""Bhayshul Tuten"": 11.0, ""Bijan Robinson"": 105.0, ""Chase Brown"": 34.0, ""Dallas Goedert"": 2.0, ""De'Zhaun Stribling"": 2.0, ""Jahmyr Gibbs"": 110.0, ""Jakobi Meyers"": 7.0, ""Jalen Coker"": 3.0, ""Jayden Reed"": 4.0, ""KC Concepcion"": 4.0, ""Patrick Mahomes"": 5.0, ""Sean Tucker"": 3.0, ""Wan'Dale Robinson"": 7.0}"
bounded_replan,5,16,pass,True,,263.0,35.0,0,0,9,3,0,0,35.575567460605214,Bhayshul Tuten | Chase Brown | Dallas Goedert | J.K. Dobbins | Jahmyr Gibbs | Luther Burden III | Marvin Harrison Jr. | Michael Wilson | Patrick Mahomes | Quentin Johnston | Rachaad White | Tony Pollard | Wan'Dale Robinson,"{""Bhayshul Tuten"": 11.0, ""Chase Brown"": 34.0, ""Dallas Goedert"": 2.0, ""J.K. Dobbins"": 14.0, ""Jahmyr Gibbs"": 110.0, ""Luther Burden III"": 23.0, ""Marvin Harrison Jr."": 12.0, ""Michael Wilson"": 5.0, ""Patrick Mahomes"": 5.0, ""Quentin Johnston"": 8.0, ""Rachaad White"": 18.0, ""Tony Pollard"": 14.0, ""Wan'Dale Robinson"": 7.0}"
bounded_replan,5,17,buy,True,,295.0,3.0,0,0,0,0,0,0,3.4660426237168167,Bhayshul Tuten | Bijan Robinson | Chase Brown | Dalton Kincaid | Emanuel Wilson | Jahmyr Gibbs | Jerry Jeudy | Jordan Addison | Josh Downs | KC Concepcion | Matthew Golden | Trevor Lawrence | Wan'Dale Robinson,"{""Bhayshul Tuten"": 11.0, ""Bijan Robinson"": 105.0, ""Chase Brown"": 34.0, ""Dalton Kincaid"": 2.0, ""Emanuel Wilson"": 2.0, ""Jahmyr Gibbs"": 110.0, ""Jerry Jeudy"": 2.0, ""Jordan Addison"": 8.0, ""Josh Downs"": 7.0, ""KC Concepcion"": 2.0, ""Matthew Golden"": 6.0, ""Trevor Lawrence"": 2.0, ""Wan'Dale Robinson"": 4.0}"
bounded_replan,5,17,pass,True,,269.0,29.0,0,0,7,4,0,0,20.20129339327491,Aaron Jones | Bhayshul Tuten | Brian Thomas Jr. | Chase Brown | Christian Watson | DJ Moore | Harold Fannin Jr. | Jahmyr Gibbs | Jameson Williams | Michael Pittman | Rhamondre Stevenson | Tony Pollard | Trevor Lawrence,"{""Aaron Jones"": 3.0, ""Bhayshul Tuten"": 11.0, ""Brian Thomas Jr."": 8.0, ""Chase Brown"": 34.0, ""Christian Watson"": 13.0, ""DJ Moore"": 19.0, ""Harold Fannin Jr."": 6.0, ""Jahmyr Gibbs"": 110.0, ""Jameson Williams"": 17.0, ""Michael Pittman"": 8.0, ""Rhamondre Stevenson"": 17.0, ""Tony Pollard"": 21.0, ""Trevor Lawrence"": 2.0}"
bounded_replan,5,18,buy,True,,292.0,6.0,0,0,1,1,0,0,7.539729981809614,Bhayshul Tuten | Bijan Robinson | Chase Brown | Chig Okonkwo | Deebo Samuel Sr. | Emmett Johnson | Jahmyr Gibbs | Jakobi Meyers | Jerry Jeudy | Khalil Shakir | Patrick Mahomes | Wan'Dale Robinson | Zach Charbonnet,"{""Bhayshul Tuten"": 11.0, ""Bijan Robinson"": 105.0, ""Chase Brown"": 34.0, ""Chig Okonkwo"": 5.0, ""Deebo Samuel Sr."": 2.0, ""Emmett Johnson"": 2.0, ""Jahmyr Gibbs"": 110.0, ""Jakobi Meyers"": 3.0, ""Jerry Jeudy"": 2.0, ""Khalil Shakir"": 5.0, ""Patrick Mahomes"": 5.0, ""Wan'Dale Robinson"": 5.0, ""Zach Charbonnet"": 3.0}"
bounded_replan,5,18,pass,True,,283.0,15.0,0,0,9,3,0,0,22.57570934756086,Bhayshul Tuten | Brian Thomas Jr. | Chase Brown | Christian Watson | George Kittle | Jahmyr Gibbs | Jaylen Warren | Kyle Pitts | Luther Burden III | Patrick Mahomes | Quentin Johnston | Rhamondre Stevenson | Wan'Dale Robinson,"{""Bhayshul Tuten"": 11.0, ""Brian Thomas Jr."": 16.0, ""Chase Brown"": 34.0, ""Christian Watson"": 21.0, ""George Kittle"": 2.0, ""Jahmyr Gibbs"": 110.0, ""Jaylen Warren"": 20.0, ""Kyle Pitts"": 16.0, ""Luther Burden III"": 23.0, ""Patrick Mahomes"": 5.0, ""Quentin Johnston"": 6.0, ""Rhamondre Stevenson"": 14.0, ""Wan'Dale Robinson"": 5.0}"
bounded_replan,5,19,buy,True,,293.0,5.0,0,0,1,3,0,0,5.010860276964763,Bhayshul Tuten | Bijan Robinson | Chase Brown | Chris Rodriguez Jr. | De'Zhaun Stribling | Deebo Samuel Sr. | Jahmyr Gibbs | Jayden Reed | KC Concepcion | Kyle Pitts | Matthew Stafford | Romeo Doubs | Wan'Dale Robinson,"{""Bhayshul Tuten"": 11.0, ""Bijan Robinson"": 105.0, ""Chase Brown"": 34.0, ""Chris Rodriguez Jr."": 2.0, ""De'Zhaun Stribling"": 3.0, ""Deebo Samuel Sr."": 3.0, ""Jahmyr Gibbs"": 110.0, ""Jayden Reed"": 4.0, ""KC Concepcion"": 5.0, ""Kyle Pitts"": 3.0, ""Matthew Stafford"": 2.0, ""Romeo Doubs"": 4.0, ""Wan'Dale Robinson"": 7.0}"
bounded_replan,5,19,pass,True,,250.0,48.0,0,0,13,6,0,0,38.79677507583449,Bhayshul Tuten | Chase Brown | Chris Godwin Jr. | Christian Watson | Jahmyr Gibbs | Jayden Reed | Kyle Pitts | Matthew Stafford | Quentin Johnston | Rhamondre Stevenson | Rico Dowdle | Tony Pollard | Wan'Dale Robinson,"{""Bhayshul Tuten"": 11.0, ""Chase Brown"": 34.0, ""Chris Godwin Jr."": 7.0, ""Christian Watson"": 11.0, ""Jahmyr Gibbs"": 110.0, ""Jayden Reed"": 4.0, ""Kyle Pitts"": 3.0, ""Matthew Stafford"": 2.0, ""Quentin Johnston"": 9.0, ""Rhamondre Stevenson"": 21.0, ""Rico Dowdle"": 8.0, ""Tony Pollard"": 23.0, ""Wan'Dale Robinson"": 7.0}"
bounded_replan,5,20,buy,True,,293.0,5.0,0,0,0,0,0,0,3.0232433500912066,Antonio Williams | Bhayshul Tuten | Bijan Robinson | Braelon Allen | Chase Brown | Daniel Jones | Jahmyr Gibbs | KC Concepcion | Keenan Allen | Kenyon Sadiq | Makai Lemon | Michael Wilson | Wan'Dale Robinson,"{""Antonio Williams"": 2.0, ""Bhayshul Tuten"": 11.0, ""Bijan Robinson"": 105.0, ""Braelon Allen"": 2.0, ""Chase Brown"": 34.0, ""Daniel Jones"": 2.0, ""Jahmyr Gibbs"": 110.0, ""KC Concepcion"": 3.0, ""Keenan Allen"": 2.0, ""Kenyon Sadiq"": 2.0, ""Makai Lemon"": 7.0, ""Michael Wilson"": 6.0, ""Wan'Dale Robinson"": 7.0}"
bounded_replan,5,20,pass,True,,273.0,25.0,0,0,10,8,0,0,38.1730204076685,Bhayshul Tuten | Chase Brown | Jahmyr Gibbs | Jared Goff | Jayden Reed | KC Concepcion | Kyle Pitts | Michael Wilson | Rhamondre Stevenson | Rico Dowdle | TreVeyon Henderson | Wan'Dale Robinson | Zay Flowers,"{""Bhayshul Tuten"": 11.0, ""Chase Brown"": 34.0, ""Jahmyr Gibbs"": 110.0, ""Jared Goff"": 2.0, ""Jayden Reed"": 6.0, ""KC Concepcion"": 3.0, ""Kyle Pitts"": 8.0, ""Michael Wilson"": 6.0, ""Rhamondre Stevenson"": 23.0, ""Rico Dowdle"": 10.0, ""TreVeyon Henderson"": 20.0, ""Wan'Dale Robinson"": 7.0, ""Zay Flowers"": 33.0}"
bounded_replan,5,21,buy,True,,297.0,1.0,0,0,1,1,0,0,5.044269004111641,Antonio Williams | Bhayshul Tuten | Bijan Robinson | Chase Brown | Daniel Jones | George Kittle | Jahmyr Gibbs | Jayden Reed | Jordan Addison | Josh Downs | MarShawn Lloyd | Rashid Shaheed | Wan'Dale Robinson,"{""Antonio Williams"": 2.0, ""Bhayshul Tuten"": 11.0, ""Bijan Robinson"": 105.0, ""Chase Brown"": 34.0, ""Daniel Jones"": 2.0, ""George Kittle"": 3.0, ""Jahmyr Gibbs"": 110.0, ""Jayden Reed"": 5.0, ""Jordan Addison"": 4.0, ""Josh Downs"": 9.0, ""MarShawn Lloyd"": 3.0, ""Rashid Shaheed"": 3.0, ""Wan'Dale Robinson"": 6.0}"
bounded_replan,5,21,pass,True,,292.0,6.0,0,0,7,8,1,0,55.747959313371496,Aaron Jones | Bhayshul Tuten | Carnell Tate | Chase Brown | Dallas Goedert | Jahmyr Gibbs | Jaxson Dart | Jordan Addison | Malik Nabers | Michael Wilson | Terry McLaurin | TreVeyon Henderson | Wan'Dale Robinson,"{""Aaron Jones"": 4.0, ""Bhayshul Tuten"": 11.0, ""Carnell Tate"": 12.0, ""Chase Brown"": 34.0, ""Dallas Goedert"": 2.0, ""Jahmyr Gibbs"": 110.0, ""Jaxson Dart"": 2.0, ""Jordan Addison"": 4.0, ""Malik Nabers"": 46.0, ""Michael Wilson"": 10.0, ""Terry McLaurin"": 23.0, ""TreVeyon Henderson"": 28.0, ""Wan'Dale Robinson"": 6.0}"
bounded_replan,5,22,buy,True,,292.0,6.0,0,0,3,3,0,0,8.263427143549507,Bhayshul Tuten | Bijan Robinson | Chase Brown | Chris Godwin Jr. | Dallas Goedert | Deebo Samuel Sr. | Denzel Boston | Germie Bernard | Jahmyr Gibbs | Jared Goff | Jayden Reed | KC Concepcion | Zach Charbonnet,"{""Bhayshul Tuten"": 11.0, ""Bijan Robinson"": 105.0, ""Chase Brown"": 34.0, ""Chris Godwin Jr."": 8.0, ""Dallas Goedert"": 2.0, ""Deebo Samuel Sr."": 2.0, ""Denzel Boston"": 4.0, ""Germie Bernard"": 3.0, ""Jahmyr Gibbs"": 110.0, ""Jared Goff"": 2.0, ""Jayden Reed"": 5.0, ""KC Concepcion"": 2.0, ""Zach Charbonnet"": 4.0}"
bounded_replan,5,22,pass,True,,271.0,27.0,0,0,7,4,0,0,27.97194886977161,Bhayshul Tuten | Chase Brown | DeVonta Smith | Deebo Samuel Sr. | Harold Fannin Jr. | Jahmyr Gibbs | Jared Goff | Jaylen Warren | KC Concepcion | Michael Wilson | Quentin Johnston | Rhamondre Stevenson | Rico Dowdle,"{""Bhayshul Tuten"": 11.0, ""Chase Brown"": 34.0, ""DeVonta Smith"": 34.0, ""Deebo Samuel Sr."": 2.0, ""Harold Fannin Jr."": 13.0, ""Jahmyr Gibbs"": 110.0, ""Jared Goff"": 2.0, ""Jaylen Warren"": 15.0, ""KC Concepcion"": 2.0, ""Michael Wilson"": 11.0, ""Quentin Johnston"": 5.0, ""Rhamondre Stevenson"": 21.0, ""Rico Dowdle"": 11.0}"
bounded_replan,5,23,buy,True,,295.0,3.0,0,0,0,0,0,0,2.9824526363627797,Bhayshul Tuten | Bijan Robinson | Bo Nix | Chase Brown | Chris Godwin Jr. | Dallas Goedert | George Kittle | Jahmyr Gibbs | Jordan Addison | KC Concepcion | Makai Lemon | Quentin Johnston | Tank Bigsby,"{""Bhayshul Tuten"": 11.0, ""Bijan Robinson"": 105.0, ""Bo Nix"": 5.0, ""Chase Brown"": 34.0, ""Chris Godwin Jr."": 3.0, ""Dallas Goedert"": 2.0, ""George Kittle"": 6.0, ""Jahmyr Gibbs"": 110.0, ""Jordan Addison"": 4.0, ""KC Concepcion"": 3.0, ""Makai Lemon"": 4.0, ""Quentin Johnston"": 6.0, ""Tank Bigsby"": 2.0}"
bounded_replan,5,23,pass,True,,249.0,49.0,0,0,10,10,1,0,64.73661501234085,Bhayshul Tuten | Chase Brown | DK Metcalf | Harold Fannin Jr. | Jahmyr Gibbs | Jameson Williams | Jordan Addison | Mike Washington Jr. | Patrick Mahomes | Quentin Johnston | Rachaad White | Rome Odunze | Wan'Dale Robinson,"{""Bhayshul Tuten"": 11.0, ""Chase Brown"": 34.0, ""DK Metcalf"": 9.0, ""Harold Fannin Jr."": 8.0, ""Jahmyr Gibbs"": 110.0, ""Jameson Williams"": 21.0, ""Jordan Addison"": 4.0, ""Mike Washington Jr."": 2.0, ""Patrick Mahomes"": 3.0, ""Quentin Johnston"": 6.0, ""Rachaad White"": 8.0, ""Rome Odunze"": 23.0, ""Wan'Dale Robinson"": 10.0}"
bounded_replan,5,24,buy,True,,297.0,1.0,0,0,1,2,0,0,12.36632015589771,Bhayshul Tuten | Bijan Robinson | Caleb Douglas | Calvin Ridley | Chase Brown | Dak Prescott | Dalton Kincaid | Jahmyr Gibbs | Jakobi Meyers | Kimani Vidal | Ryan Flournoy | Stefon Diggs | Zach Charbonnet,"{""Bhayshul Tuten"": 11.0, ""Bijan Robinson"": 105.0, ""Caleb Douglas"": 2.0, ""Calvin Ridley"": 2.0, ""Chase Brown"": 34.0, ""Dak Prescott"": 10.0, ""Dalton Kincaid"": 4.0, ""Jahmyr Gibbs"": 110.0, ""Jakobi Meyers"": 3.0, ""Kimani Vidal"": 2.0, ""Ryan Flournoy"": 2.0, ""Stefon Diggs"": 6.0, ""Zach Charbonnet"": 6.0}"
bounded_replan,5,24,pass,True,,271.0,27.0,0,0,10,7,0,0,26.52202814887545,Bhayshul Tuten | Chase Brown | Christian Watson | Jadarian Price | Jahmyr Gibbs | Jakobi Meyers | Jameson Williams | Jaxson Dart | Jaylen Warren | Josh Downs | Mark Andrews | Michael Wilson | Rome Odunze,"{""Bhayshul Tuten"": 11.0, ""Chase Brown"": 34.0, ""Christian Watson"": 10.0, ""Jadarian Price"": 26.0, ""Jahmyr Gibbs"": 110.0, ""Jakobi Meyers"": 3.0, ""Jameson Williams"": 24.0, ""Jaxson Dart"": 6.0, ""Jaylen Warren"": 11.0, ""Josh Downs"": 5.0, ""Mark Andrews"": 2.0, ""Michael Wilson"": 13.0, ""Rome Odunze"": 16.0}"
bounded_replan,5,25,buy,True,,296.0,2.0,0,0,0,0,0,0,2.788797181930363,Bhayshul Tuten | Bijan Robinson | Chase Brown | Chris Godwin Jr. | Harold Fannin Jr. | Jahmyr Gibbs | Jakobi Meyers | Jayden Reed | Patrick Mahomes | Ryan Flournoy | Sean Tucker | Woody Marks | Xavier Worthy,"{""Bhayshul Tuten"": 11.0, ""Bijan Robinson"": 105.0, ""Chase Brown"": 34.0, ""Chris Godwin Jr."": 8.0, ""Harold Fannin Jr."": 3.0, ""Jahmyr Gibbs"": 110.0, ""Jakobi Meyers"": 2.0, ""Jayden Reed"": 9.0, ""Patrick Mahomes"": 3.0, ""Ryan Flournoy"": 2.0, ""Sean Tucker"": 2.0, ""Woody Marks"": 2.0, ""Xavier Worthy"": 5.0}"
bounded_replan,5,25,pass,True,,277.0,21.0,0,0,9,8,1,0,82.14768243415423,Bhayshul Tuten | Chase Brown | Christian Watson | Dalton Kincaid | Drake Maye | Harold Fannin Jr. | Jahmyr Gibbs | Jakobi Meyers | Jaylen Waddle | Jordan Mason | Josh Downs | Michael Wilson | Rome Odunze,"{""Bhayshul Tuten"": 11.0, ""Chase Brown"": 34.0, ""Christian Watson"": 19.0, ""Dalton Kincaid"": 2.0, ""Drake Maye"": 16.0, ""Harold Fannin Jr."": 3.0, ""Jahmyr Gibbs"": 110.0, ""Jakobi Meyers"": 2.0, ""Jaylen Waddle"": 28.0, ""Jordan Mason"": 18.0, ""Josh Downs"": 5.0, ""Michael Wilson"": 12.0, ""Rome Odunze"": 17.0}"
bounded_replan,5,26,buy,True,,295.0,3.0,0,0,0,0,0,0,3.9826156820799383,Alvin Kamara | Bhayshul Tuten | Bijan Robinson | Cade Otton | Chase Brown | Devaughn Vele | Jahmyr Gibbs | Jerry Jeudy | Patrick Mahomes | Rashid Shaheed | Stefon Diggs | Wan'Dale Robinson | Woody Marks,"{""Alvin Kamara"": 3.0, ""Bhayshul Tuten"": 11.0, ""Bijan Robinson"": 105.0, ""Cade Otton"": 3.0, ""Chase Brown"": 34.0, ""Devaughn Vele"": 2.0, ""Jahmyr Gibbs"": 110.0, ""Jerry Jeudy"": 2.0, ""Patrick Mahomes"": 4.0, ""Rashid Shaheed"": 2.0, ""Stefon Diggs"": 8.0, ""Wan'Dale Robinson"": 8.0, ""Woody Marks"": 3.0}"
bounded_replan,5,26,pass,True,,285.0,13.0,0,0,9,7,0,0,31.25226828082714,Aaron Jones | Bhayshul Tuten | Carnell Tate | Chase Brown | Chris Godwin Jr. | Drake Maye | Jahmyr Gibbs | Jaylen Waddle | Jordan Mason | Quentin Johnston | Rome Odunze | Tyler Warren | Wan'Dale Robinson,"{""Aaron Jones"": 4.0, ""Bhayshul Tuten"": 11.0, ""Carnell Tate"": 22.0, ""Chase Brown"": 34.0, ""Chris Godwin Jr."": 3.0, ""Drake Maye"": 12.0, ""Jahmyr Gibbs"": 110.0, ""Jaylen Waddle"": 30.0, ""Jordan Mason"": 7.0, ""Quentin Johnston"": 7.0, ""Rome Odunze"": 18.0, ""Tyler Warren"": 19.0, ""Wan'Dale Robinson"": 8.0}"
bounded_replan,5,27,buy,True,,296.0,2.0,0,0,2,2,0,0,6.19520246929784,Bhayshul Tuten | Bijan Robinson | Chase Brown | Chris Godwin Jr. | Denzel Boston | Devaughn Vele | George Kittle | Jahmyr Gibbs | Jordan Addison | Patrick Mahomes | Tyler Allgeier | Wan'Dale Robinson | Zach Charbonnet,"{""Bhayshul Tuten"": 11.0, ""Bijan Robinson"": 105.0, ""Chase Brown"": 34.0, ""Chris Godwin Jr."": 7.0, ""Denzel Boston"": 3.0, ""Devaughn Vele"": 2.0, ""George Kittle"": 2.0, ""Jahmyr Gibbs"": 110.0, ""Jordan Addison"": 5.0, ""Patrick Mahomes"": 5.0, ""Tyler Allgeier"": 3.0, ""Wan'Dale Robinson"": 7.0, ""Zach Charbonnet"": 2.0}"
bounded_replan,5,27,pass,True,,259.0,39.0,0,0,13,11,0,0,39.28328837543859,Bhayshul Tuten | Chase Brown | Chris Godwin Jr. | George Kittle | Jahmyr Gibbs | Jameson Williams | Jordan Addison | Kenny Gainwell | Lamar Jackson | Rome Odunze | Tony Pollard | Tyler Allgeier | Wan'Dale Robinson,"{""Bhayshul Tuten"": 11.0, ""Chase Brown"": 34.0, ""Chris Godwin Jr."": 7.0, ""George Kittle"": 2.0, ""Jahmyr Gibbs"": 110.0, ""Jameson Williams"": 27.0, ""Jordan Addison"": 5.0, ""Kenny Gainwell"": 6.0, ""Lamar Jackson"": 14.0, ""Rome Odunze"": 18.0, ""Tony Pollard"": 15.0, ""Tyler Allgeier"": 3.0, ""Wan'Dale Robinson"": 7.0}"
bounded_replan,5,28,buy,True,,298.0,0.0,0,0,0,0,0,0,7.118994720543753,Alvin Kamara | Bhayshul Tuten | Bijan Robinson | Chase Brown | Dalton Kincaid | Jahmyr Gibbs | Jake Ferguson | Jordan James | Jordyn Tyson | Justin Herbert | Keenan Allen | Pat Bryant | Rashid Shaheed,"{""Alvin Kamara"": 3.0, ""Bhayshul Tuten"": 11.0, ""Bijan Robinson"": 105.0, ""Chase Brown"": 34.0, ""Dalton Kincaid"": 6.0, ""Jahmyr Gibbs"": 110.0, ""Jake Ferguson"": 4.0, ""Jordan James"": 2.0, ""Jordyn Tyson"": 11.0, ""Justin Herbert"": 5.0, ""Keenan Allen"": 3.0, ""Pat Bryant"": 2.0, ""Rashid Shaheed"": 2.0}"
bounded_replan,5,28,pass,True,,273.0,25.0,0,0,12,10,0,0,28.32149792242359,Bhayshul Tuten | Brian Thomas Jr. | Chase Brown | Chris Godwin Jr. | Chuba Hubbard | Jahmyr Gibbs | Jameson Williams | Josh Downs | Lamar Jackson | Michael Pittman | Rhamondre Stevenson | Rome Odunze | Travis Kelce,"{""Bhayshul Tuten"": 11.0, ""Brian Thomas Jr."": 14.0, ""Chase Brown"": 34.0, ""Chris Godwin Jr."": 4.0, ""Chuba Hubbard"": 6.0, ""Jahmyr Gibbs"": 110.0, ""Jameson Williams"": 21.0, ""Josh Downs"": 6.0, ""Lamar Jackson"": 15.0, ""Michael Pittman"": 6.0, ""Rhamondre Stevenson"": 22.0, ""Rome Odunze"": 22.0, ""Travis Kelce"": 2.0}"
bounded_replan,5,29,buy,True,,296.0,2.0,0,0,0,0,0,0,3.2669626008704995,Bhayshul Tuten | Bijan Robinson | Chase Brown | Dallas Goedert | De'Zhaun Stribling | Jahmyr Gibbs | Jalen McMillan | Jared Goff | Jauan Jennings | Kenny Gainwell | Matthew Golden | Rashid Shaheed | Zach Charbonnet,"{""Bhayshul Tuten"": 11.0, ""Bijan Robinson"": 105.0, ""Chase Brown"": 34.0, ""Dallas Goedert"": 4.0, ""De'Zhaun Stribling"": 3.0, ""Jahmyr Gibbs"": 110.0, ""Jalen McMillan"": 2.0, ""Jared Goff"": 3.0, ""Jauan Jennings"": 4.0, ""Kenny Gainwell"": 5.0, ""Matthew Golden"": 7.0, ""Rashid Shaheed"": 2.0, ""Zach Charbonnet"": 6.0}"
bounded_replan,5,29,pass,True,,271.0,27.0,0,0,9,7,0,0,28.415559674449923,Bhayshul Tuten | Chase Brown | Christian Watson | Colston Loveland | Harold Fannin Jr. | Jahmyr Gibbs | Jalen Hurts | Jameson Williams | Jordan Addison | Jordan Mason | Kyle Monangai | Marvin Harrison Jr. | Quentin Johnston,"{""Bhayshul Tuten"": 11.0, ""Chase Brown"": 34.0, ""Christian Watson"": 21.0, ""Colston Loveland"": 25.0, ""Harold Fannin Jr."": 6.0, ""Jahmyr Gibbs"": 110.0, ""Jalen Hurts"": 10.0, ""Jameson Williams"": 17.0, ""Jordan Addison"": 4.0, ""Jordan Mason"": 5.0, ""Kyle Monangai"": 5.0, ""Marvin Harrison Jr."": 18.0, ""Quentin Johnston"": 5.0}"
bounded_replan,5,30,buy,True,,295.0,3.0,0,0,0,0,0,0,2.982482498378374,Aaron Jones | Bhayshul Tuten | Bijan Robinson | Chase Brown | Dalton Kincaid | Germie Bernard | Jahmyr Gibbs | Jaxson Dart | Jordan Addison | Josh Downs | Juwan Johnson | Rachaad White | Rashid Shaheed,"{""Aaron Jones"": 8.0, ""Bhayshul Tuten"": 11.0, ""Bijan Robinson"": 105.0, ""Chase Brown"": 34.0, ""Dalton Kincaid"": 2.0, ""Germie Bernard"": 2.0, ""Jahmyr Gibbs"": 110.0, ""Jaxson Dart"": 3.0, ""Jordan Addison"": 8.0, ""Josh Downs"": 3.0, ""Juwan Johnson"": 2.0, ""Rachaad White"": 5.0, ""Rashid Shaheed"": 2.0}"
bounded_replan,5,30,pass,True,,282.0,16.0,0,0,6,9,1,0,69.03520509608734,Bhayshul Tuten | Brian Thomas Jr. | Chase Brown | Christian Watson | Courtland Sutton | Dalton Kincaid | George Kittle | Jahmyr Gibbs | Josh Downs | Lamar Jackson | Quentin Johnston | Rhamondre Stevenson | Rome Odunze,"{""Bhayshul Tuten"": 11.0, ""Brian Thomas Jr."": 9.0, ""Chase Brown"": 34.0, ""Christian Watson"": 19.0, ""Courtland Sutton"": 23.0, ""Dalton Kincaid"": 2.0, ""George Kittle"": 2.0, ""Jahmyr Gibbs"": 110.0, ""Josh Downs"": 3.0, ""Lamar Jackson"": 18.0, ""Quentin Johnston"": 8.0, ""Rhamondre Stevenson"": 18.0, ""Rome Odunze"": 25.0}"
bounded_replan,5,31,buy,True,,296.0,2.0,0,0,0,0,0,0,3.286714694077375,Bhayshul Tuten | Bijan Robinson | Caleb Douglas | Chase Brown | Dalton Schultz | Jahmyr Gibbs | Josh Downs | Kimani Vidal | Makai Lemon | Malik Willis | Michael Wilson | Zach Charbonnet | Zachariah Branch,"{""Bhayshul Tuten"": 11.0, ""Bijan Robinson"": 105.0, ""Caleb Douglas"": 4.0, ""Chase Brown"": 34.0, ""Dalton Schultz"": 2.0, ""Jahmyr Gibbs"": 110.0, ""Josh Downs"": 9.0, ""Kimani Vidal"": 2.0, ""Makai Lemon"": 2.0, ""Malik Willis"": 2.0, ""Michael Wilson"": 9.0, ""Zach Charbonnet"": 4.0, ""Zachariah Branch"": 2.0}"
bounded_replan,5,31,pass,True,,264.0,34.0,0,0,11,13,1,0,80.09798752766667,Bhayshul Tuten | Chase Brown | Christian Watson | Dak Prescott | George Kittle | J.K. Dobbins | Jahmyr Gibbs | Matthew Golden | Michael Wilson | Quentin Johnston | Rome Odunze | TreVeyon Henderson | Wan'Dale Robinson,"{""Bhayshul Tuten"": 11.0, ""Chase Brown"": 34.0, ""Christian Watson"": 12.0, ""Dak Prescott"": 5.0, ""George Kittle"": 2.0, ""J.K. Dobbins"": 18.0, ""Jahmyr Gibbs"": 110.0, ""Matthew Golden"": 5.0, ""Michael Wilson"": 9.0, ""Quentin Johnston"": 7.0, ""Rome Odunze"": 22.0, ""TreVeyon Henderson"": 19.0, ""Wan'Dale Robinson"": 10.0}"
bounded_replan,5,32,buy,True,,295.0,3.0,0,0,0,0,0,0,4.827090103223782,Alec Pierce | Bhayshul Tuten | Bijan Robinson | Chase Brown | Chris Godwin Jr. | Dalton Kincaid | Jahmyr Gibbs | Jordan Addison | Josh Downs | Makai Lemon | Patrick Mahomes | Rachaad White | Wan'Dale Robinson,"{""Alec Pierce"": 6.0, ""Bhayshul Tuten"": 11.0, ""Bijan Robinson"": 105.0, ""Chase Brown"": 34.0, ""Chris Godwin Jr."": 3.0, ""Dalton Kincaid"": 2.0, ""Jahmyr Gibbs"": 110.0, ""Jordan Addison"": 4.0, ""Josh Downs"": 3.0, ""Makai Lemon"": 5.0, ""Patrick Mahomes"": 3.0, ""Rachaad White"": 5.0, ""Wan'Dale Robinson"": 4.0}"
bounded_replan,5,32,pass,True,,249.0,49.0,0,0,8,5,0,0,47.10441570372183,Alec Pierce | Bhayshul Tuten | Chase Brown | Courtland Sutton | Drake Maye | George Kittle | Jahmyr Gibbs | Jakobi Meyers | Jordan Addison | Michael Wilson | Rhamondre Stevenson | Rico Dowdle | Rome Odunze,"{""Alec Pierce"": 6.0, ""Bhayshul Tuten"": 11.0, ""Chase Brown"": 34.0, ""Courtland Sutton"": 8.0, ""Drake Maye"": 9.0, ""George Kittle"": 4.0, ""Jahmyr Gibbs"": 110.0, ""Jakobi Meyers"": 5.0, ""Jordan Addison"": 4.0, ""Michael Wilson"": 8.0, ""Rhamondre Stevenson"": 17.0, ""Rico Dowdle"": 12.0, ""Rome Odunze"": 21.0}"
bounded_replan,5,33,buy,True,,296.0,2.0,0,0,3,4,0,0,7.448012062894861,Bhayshul Tuten | Bijan Robinson | Chase Brown | Christian Watson | Jahmyr Gibbs | KC Concepcion | Michael Wilson | Patrick Mahomes | Quentin Johnston | Ryan Flournoy | Sam LaPorta | Samaje Perine | Zach Charbonnet,"{""Bhayshul Tuten"": 11.0, ""Bijan Robinson"": 105.0, ""Chase Brown"": 34.0, ""Christian Watson"": 10.0, ""Jahmyr Gibbs"": 110.0, ""KC Concepcion"": 2.0, ""Michael Wilson"": 5.0, ""Patrick Mahomes"": 2.0, ""Quentin Johnston"": 8.0, ""Ryan Flournoy"": 2.0, ""Sam LaPorta"": 3.0, ""Samaje Perine"": 2.0, ""Zach Charbonnet"": 2.0}"
bounded_replan,5,33,pass,True,,257.0,41.0,0,0,7,6,0,0,34.18167722166481,Bhayshul Tuten | Chase Brown | Christian Watson | Jacory Croskey-Merritt | Jahmyr Gibbs | Jakobi Meyers | Jalen Hurts | Jameson Williams | KC Concepcion | Michael Wilson | Rhamondre Stevenson | Rome Odunze | Sam LaPorta,"{""Bhayshul Tuten"": 11.0, ""Chase Brown"": 34.0, ""Christian Watson"": 10.0, ""Jacory Croskey-Merritt"": 10.0, ""Jahmyr Gibbs"": 110.0, ""Jakobi Meyers"": 5.0, ""Jalen Hurts"": 10.0, ""Jameson Williams"": 17.0, ""KC Concepcion"": 2.0, ""Michael Wilson"": 5.0, ""Rhamondre Stevenson"": 22.0, ""Rome Odunze"": 18.0, ""Sam LaPorta"": 3.0}"
bounded_replan,5,34,buy,True,,293.0,5.0,0,0,1,1,0,0,5.878128497367243,Bhayshul Tuten | Bijan Robinson | Brian Robinson | Chase Brown | Harold Fannin Jr. | Ja'Kobi Lane | Jahmyr Gibbs | Jaxson Dart | Josh Downs | KC Concepcion | Kaytron Allen | Matthew Golden | Sam LaPorta,"{""Bhayshul Tuten"": 11.0, ""Bijan Robinson"": 105.0, ""Brian Robinson"": 2.0, ""Chase Brown"": 34.0, ""Harold Fannin Jr."": 3.0, ""Ja'Kobi Lane"": 2.0, ""Jahmyr Gibbs"": 110.0, ""Jaxson Dart"": 4.0, ""Josh Downs"": 5.0, ""KC Concepcion"": 2.0, ""Kaytron Allen"": 2.0, ""Matthew Golden"": 3.0, ""Sam LaPorta"": 10.0}"
bounded_replan,5,34,pass,True,,288.0,10.0,0,0,11,16,1,0,112.24393503374077,Aaron Jones | Bhayshul Tuten | CeeDee Lamb | Chase Brown | Christian Watson | Drake Maye | George Kittle | Harold Fannin Jr. | Jahmyr Gibbs | Josh Downs | KC Concepcion | Matthew Golden | Michael Wilson,"{""Aaron Jones"": 6.0, ""Bhayshul Tuten"": 11.0, ""CeeDee Lamb"": 68.0, ""Chase Brown"": 34.0, ""Christian Watson"": 18.0, ""Drake Maye"": 12.0, ""George Kittle"": 5.0, ""Harold Fannin Jr."": 3.0, ""Jahmyr Gibbs"": 110.0, ""Josh Downs"": 5.0, ""KC Concepcion"": 2.0, ""Matthew Golden"": 3.0, ""Michael Wilson"": 11.0}"
bounded_replan,5,35,buy,True,,297.0,1.0,0,0,2,2,0,0,5.778671410978234,Antonio Williams | Bhayshul Tuten | Bijan Robinson | Chase Brown | Isaiah Likely | Jahmyr Gibbs | Jayden Reed | Kaytron Allen | Rachaad White | Romeo Doubs | T.J. Hockenson | Tre Harris | Trevor Lawrence,"{""Antonio Williams"": 2.0, ""Bhayshul Tuten"": 11.0, ""Bijan Robinson"": 105.0, ""Chase Brown"": 34.0, ""Isaiah Likely"": 5.0, ""Jahmyr Gibbs"": 110.0, ""Jayden Reed"": 4.0, ""Kaytron Allen"": 2.0, ""Rachaad White"": 11.0, ""Romeo Doubs"": 2.0, ""T.J. Hockenson"": 2.0, ""Tre Harris"": 2.0, ""Trevor Lawrence"": 7.0}"
bounded_replan,5,35,pass,True,,269.0,29.0,0,0,10,9,0,0,33.822632604199725,Bhayshul Tuten | Brock Purdy | Chase Brown | Christian Watson | Jahmyr Gibbs | Jameson Williams | Jayden Reed | Jaylen Warren | Jordan Addison | Kenny Gainwell | Kyle Pitts | Michael Wilson | Rome Odunze,"{""Bhayshul Tuten"": 11.0, ""Brock Purdy"": 3.0, ""Chase Brown"": 34.0, ""Christian Watson"": 17.0, ""Jahmyr Gibbs"": 110.0, ""Jameson Williams"": 26.0, ""Jayden Reed"": 4.0, ""Jaylen Warren"": 15.0, ""Jordan Addison"": 9.0, ""Kenny Gainwell"": 7.0, ""Kyle Pitts"": 4.0, ""Michael Wilson"": 7.0, ""Rome Odunze"": 22.0}"
bounded_replan,5,36,buy,True,,291.0,7.0,0,0,3,2,0,0,6.10255103431399,Bhayshul Tuten | Bijan Robinson | Chase Brown | Chris Rodriguez Jr. | George Kittle | Jahmyr Gibbs | Jakobi Meyers | Jalen Coker | Juwan Johnson | KC Concepcion | Matthew Stafford | Romeo Doubs | Stefon Diggs,"{""Bhayshul Tuten"": 11.0, ""Bijan Robinson"": 105.0, ""Chase Brown"": 34.0, ""Chris Rodriguez Jr."": 2.0, ""George Kittle"": 5.0, ""Jahmyr Gibbs"": 110.0, ""Jakobi Meyers"": 4.0, ""Jalen Coker"": 3.0, ""Juwan Johnson"": 2.0, ""KC Concepcion"": 6.0, ""Matthew Stafford"": 4.0, ""Romeo Doubs"": 3.0, ""Stefon Diggs"": 2.0}"
bounded_replan,5,36,pass,True,,291.0,7.0,0,0,6,7,0,0,33.46345557066036,Alec Pierce | Bhayshul Tuten | Chase Brown | Christian Watson | DJ Moore | Harold Fannin Jr. | Jahmyr Gibbs | Jalen Hurts | Jameson Williams | Luther Burden III | RJ Harvey | Stefon Diggs | Tony Pollard,"{""Alec Pierce"": 9.0, ""Bhayshul Tuten"": 11.0, ""Chase Brown"": 34.0, ""Christian Watson"": 12.0, ""DJ Moore"": 18.0, ""Harold Fannin Jr."": 13.0, ""Jahmyr Gibbs"": 110.0, ""Jalen Hurts"": 12.0, ""Jameson Williams"": 24.0, ""Luther Burden III"": 23.0, ""RJ Harvey"": 7.0, ""Stefon Diggs"": 2.0, ""Tony Pollard"": 16.0}"
bounded_replan,5,37,buy,True,,295.0,3.0,0,0,0,0,0,0,4.312490424124576,Bhayshul Tuten | Bijan Robinson | Chase Brown | Chig Okonkwo | Hunter Henry | Jahmyr Gibbs | Jordan Love | KC Concepcion | Kaelon Black | Omar Cooper Jr. | Quentin Johnston | Rachaad White | Tre Harris,"{""Bhayshul Tuten"": 11.0, ""Bijan Robinson"": 105.0, ""Chase Brown"": 34.0, ""Chig Okonkwo"": 2.0, ""Hunter Henry"": 3.0, ""Jahmyr Gibbs"": 110.0, ""Jordan Love"": 2.0, ""KC Concepcion"": 5.0, ""Kaelon Black"": 4.0, ""Omar Cooper Jr."": 2.0, ""Quentin Johnston"": 10.0, ""Rachaad White"": 5.0, ""Tre Harris"": 2.0}"
bounded_replan,5,37,pass,True,,297.0,1.0,0,0,3,5,2,0,94.59418351089053,Bhayshul Tuten | Chase Brown | Dak Prescott | Emmett Johnson | Hunter Henry | Jahmyr Gibbs | Jayden Reed | Josh Jacobs | Khalil Shakir | Malik Nabers | Rachaad White | Tee Higgins | Tre Harris,"{""Bhayshul Tuten"": 11.0, ""Chase Brown"": 34.0, ""Dak Prescott"": 7.0, ""Emmett Johnson"": 2.0, ""Hunter Henry"": 3.0, ""Jahmyr Gibbs"": 110.0, ""Jayden Reed"": 3.0, ""Josh Jacobs"": 56.0, ""Khalil Shakir"": 6.0, ""Malik Nabers"": 34.0, ""Rachaad White"": 5.0, ""Tee Higgins"": 24.0, ""Tre Harris"": 2.0}"
bounded_replan,5,38,buy,True,,295.0,3.0,0,0,2,2,0,0,7.029263161503877,Bhayshul Tuten | Bijan Robinson | Chase Brown | Dak Prescott | Dallas Goedert | Jahmyr Gibbs | Jakobi Meyers | Jalen Coker | KC Concepcion | Kaelon Black | Romeo Doubs | Stefon Diggs | Xavier Worthy,"{""Bhayshul Tuten"": 11.0, ""Bijan Robinson"": 105.0, ""Chase Brown"": 34.0, ""Dak Prescott"": 9.0, ""Dallas Goedert"": 2.0, ""Jahmyr Gibbs"": 110.0, ""Jakobi Meyers"": 8.0, ""Jalen Coker"": 3.0, ""KC Concepcion"": 2.0, ""Kaelon Black"": 2.0, ""Romeo Doubs"": 3.0, ""Stefon Diggs"": 3.0, ""Xavier Worthy"": 3.0}"
bounded_replan,5,38,pass,True,,269.0,29.0,0,0,9,11,0,0,25.605678812888414,Alec Pierce | Bhayshul Tuten | Chase Brown | DK Metcalf | David Montgomery | Harold Fannin Jr. | Jahmyr Gibbs | Joe Burrow | Jordyn Tyson | Parker Washington | Rachaad White | Rico Dowdle | Stefon Diggs,"{""Alec Pierce"": 13.0, ""Bhayshul Tuten"": 11.0, ""Chase Brown"": 34.0, ""DK Metcalf"": 8.0, ""David Montgomery"": 35.0, ""Harold Fannin Jr."": 12.0, ""Jahmyr Gibbs"": 110.0, ""Joe Burrow"": 10.0, ""Jordyn Tyson"": 6.0, ""Parker Washington"": 9.0, ""Rachaad White"": 11.0, ""Rico Dowdle"": 7.0, ""Stefon Diggs"": 3.0}"
bounded_replan,5,39,buy,True,,293.0,5.0,0,0,0,0,0,0,4.864146757320782,Alec Pierce | Bhayshul Tuten | Bijan Robinson | Chase Brown | Jahmyr Gibbs | Jalen Coker | Josh Downs | Mark Andrews | Romeo Doubs | Sam Darnold | Wan'Dale Robinson | Woody Marks | Xavier Worthy,"{""Alec Pierce"": 7.0, ""Bhayshul Tuten"": 11.0, ""Bijan Robinson"": 105.0, ""Chase Brown"": 34.0, ""Jahmyr Gibbs"": 110.0, ""Jalen Coker"": 3.0, ""Josh Downs"": 8.0, ""Mark Andrews"": 2.0, ""Romeo Doubs"": 3.0, ""Sam Darnold"": 2.0, ""Wan'Dale Robinson"": 3.0, ""Woody Marks"": 3.0, ""Xavier Worthy"": 2.0}"
bounded_replan,5,39,pass,True,,279.0,19.0,0,0,13,14,0,0,35.150717218147065,Alec Pierce | Bhayshul Tuten | Carnell Tate | Chase Brown | Christian Watson | Drake Maye | Jacory Croskey-Merritt | Jadarian Price | Jahmyr Gibbs | Jameson Williams | Luther Burden III | Mark Andrews | Stefon Diggs,"{""Alec Pierce"": 7.0, ""Bhayshul Tuten"": 11.0, ""Carnell Tate"": 21.0, ""Chase Brown"": 34.0, ""Christian Watson"": 13.0, ""Drake Maye"": 16.0, ""Jacory Croskey-Merritt"": 8.0, ""Jadarian Price"": 19.0, ""Jahmyr Gibbs"": 110.0, ""Jameson Williams"": 17.0, ""Luther Burden III"": 17.0, ""Mark Andrews"": 2.0, ""Stefon Diggs"": 4.0}"
bounded_replan,5,40,buy,True,,295.0,3.0,0,0,0,0,0,0,2.8645698019935253,Alvin Kamara | Bhayshul Tuten | Bijan Robinson | Chase Brown | De'Zhaun Stribling | Deebo Samuel Sr. | Jahmyr Gibbs | KC Concepcion | Matthew Stafford | Romeo Doubs | Stefon Diggs | Travis Kelce | Tyler Allgeier,"{""Alvin Kamara"": 3.0, ""Bhayshul Tuten"": 11.0, ""Bijan Robinson"": 105.0, ""Chase Brown"": 34.0, ""De'Zhaun Stribling"": 4.0, ""Deebo Samuel Sr."": 3.0, ""Jahmyr Gibbs"": 110.0, ""KC Concepcion"": 5.0, ""Matthew Stafford"": 7.0, ""Romeo Doubs"": 2.0, ""Stefon Diggs"": 3.0, ""Travis Kelce"": 4.0, ""Tyler Allgeier"": 4.0}"
bounded_replan,5,40,pass,True,,271.0,27.0,0,0,11,13,0,0,40.61403273526935,Bhayshul Tuten | Chase Brown | Christian Watson | DJ Moore | Drake Maye | Harold Fannin Jr. | Jahmyr Gibbs | Jakobi Meyers | Jordyn Tyson | Makai Lemon | Marvin Harrison Jr. | RJ Harvey | Tyler Warren,"{""Bhayshul Tuten"": 11.0, ""Chase Brown"": 34.0, ""Christian Watson"": 20.0, ""DJ Moore"": 16.0, ""Drake Maye"": 9.0, ""Harold Fannin Jr."": 9.0, ""Jahmyr Gibbs"": 110.0, ""Jakobi Meyers"": 6.0, ""Jordyn Tyson"": 9.0, ""Makai Lemon"": 5.0, ""Marvin Harrison Jr."": 14.0, ""RJ Harvey"": 9.0, ""Tyler Warren"": 19.0}"
bounded_replan,5,41,buy,True,,293.0,5.0,0,0,0,0,0,0,4.72240196018538,Bhayshul Tuten | Bijan Robinson | Chase Brown | Chris Rodriguez Jr. | Dalton Kincaid | Jahmyr Gibbs | Jalen McMillan | Jayden Reed | Jaydon Blue | KC Concepcion | Matthew Stafford | Rashid Shaheed | Stefon Diggs,"{""Bhayshul Tuten"": 11.0, ""Bijan Robinson"": 105.0, ""Chase Brown"": 34.0, ""Chris Rodriguez Jr."": 2.0, ""Dalton Kincaid"": 2.0, ""Jahmyr Gibbs"": 110.0, ""Jalen McMillan"": 3.0, ""Jayden Reed"": 8.0, ""Jaydon Blue"": 2.0, ""KC Concepcion"": 5.0, ""Matthew Stafford"": 4.0, ""Rashid Shaheed"": 3.0, ""Stefon Diggs"": 4.0}"
bounded_replan,5,41,pass,True,,291.0,7.0,0,0,11,12,0,0,33.264702071843544,Bhayshul Tuten | Blake Corum | Carnell Tate | Chase Brown | DK Metcalf | Harold Fannin Jr. | Jadarian Price | Jahmyr Gibbs | Matthew Stafford | Parker Washington | Quentin Johnston | Rico Dowdle | Stefon Diggs,"{""Bhayshul Tuten"": 11.0, ""Blake Corum"": 9.0, ""Carnell Tate"": 23.0, ""Chase Brown"": 34.0, ""DK Metcalf"": 10.0, ""Harold Fannin Jr."": 10.0, ""Jadarian Price"": 31.0, ""Jahmyr Gibbs"": 110.0, ""Matthew Stafford"": 4.0, ""Parker Washington"": 15.0, ""Quentin Johnston"": 12.0, ""Rico Dowdle"": 18.0, ""Stefon Diggs"": 4.0}"
bounded_replan,5,42,buy,True,,290.0,8.0,0,0,0,0,0,0,4.459920352872359,Bhayshul Tuten | Bijan Robinson | Chase Brown | Chris Rodriguez Jr. | Dalton Kincaid | Jahmyr Gibbs | Jared Goff | KC Concepcion | Khalil Shakir | Makai Lemon | Rashid Shaheed | Romeo Doubs | Xavier Worthy,"{""Bhayshul Tuten"": 11.0, ""Bijan Robinson"": 105.0, ""Chase Brown"": 34.0, ""Chris Rodriguez Jr."": 3.0, ""Dalton Kincaid"": 2.0, ""Jahmyr Gibbs"": 110.0, ""Jared Goff"": 2.0, ""KC Concepcion"": 5.0, ""Khalil Shakir"": 6.0, ""Makai Lemon"": 3.0, ""Rashid Shaheed"": 2.0, ""Romeo Doubs"": 2.0, ""Xavier Worthy"": 5.0}"
bounded_replan,5,42,pass,True,,271.0,27.0,0,0,11,9,0,0,33.35138331109391,Alec Pierce | Bhayshul Tuten | Bo Nix | Carnell Tate | Chase Brown | Chuba Hubbard | D'Andre Swift | DK Metcalf | Harold Fannin Jr. | Jahmyr Gibbs | Parker Washington | Quentin Johnston | Rashid Shaheed,"{""Alec Pierce"": 10.0, ""Bhayshul Tuten"": 11.0, ""Bo Nix"": 3.0, ""Carnell Tate"": 17.0, ""Chase Brown"": 34.0, ""Chuba Hubbard"": 9.0, ""D'Andre Swift"": 29.0, ""DK Metcalf"": 10.0, ""Harold Fannin Jr."": 14.0, ""Jahmyr Gibbs"": 110.0, ""Parker Washington"": 17.0, ""Quentin Johnston"": 5.0, ""Rashid Shaheed"": 2.0}"
bounded_replan,5,43,buy,True,,291.0,7.0,0,0,3,1,0,0,8.879887557333006,Bhayshul Tuten | Bijan Robinson | Chase Brown | Dallas Goedert | Isaiah Likely | Jahmyr Gibbs | Jaxson Dart | Jayden Reed | Josh Downs | KC Concepcion | Pat Bryant | Woody Marks | Xavier Worthy,"{""Bhayshul Tuten"": 11.0, ""Bijan Robinson"": 105.0, ""Chase Brown"": 34.0, ""Dallas Goedert"": 2.0, ""Isaiah Likely"": 5.0, ""Jahmyr Gibbs"": 110.0, ""Jaxson Dart"": 3.0, ""Jayden Reed"": 3.0, ""Josh Downs"": 8.0, ""KC Concepcion"": 2.0, ""Pat Bryant"": 2.0, ""Woody Marks"": 3.0, ""Xavier Worthy"": 3.0}"
bounded_replan,5,43,pass,True,,284.0,14.0,0,0,7,5,0,0,38.87234985805958,Alec Pierce | Bhayshul Tuten | Chase Brown | Christian Watson | D'Andre Swift | Isaiah Likely | Jahmyr Gibbs | Jalen Hurts | Jameson Williams | Jayden Reed | Quentin Johnston | Tony Pollard | Xavier Worthy,"{""Alec Pierce"": 9.0, ""Bhayshul Tuten"": 11.0, ""Chase Brown"": 34.0, ""Christian Watson"": 18.0, ""D'Andre Swift"": 33.0, ""Isaiah Likely"": 5.0, ""Jahmyr Gibbs"": 110.0, ""Jalen Hurts"": 12.0, ""Jameson Williams"": 17.0, ""Jayden Reed"": 3.0, ""Quentin Johnston"": 10.0, ""Tony Pollard"": 19.0, ""Xavier Worthy"": 3.0}"
bounded_replan,5,44,buy,True,,296.0,2.0,0,0,0,0,0,0,1.245572721640258,Bhayshul Tuten | Bijan Robinson | Caleb Douglas | Chase Brown | George Kittle | Jacory Croskey-Merritt | Jahmyr Gibbs | KC Concepcion | Matthew Stafford | Romeo Doubs | Stefon Diggs | T.J. Hockenson | Woody Marks,"{""Bhayshul Tuten"": 11.0, ""Bijan Robinson"": 105.0, ""Caleb Douglas"": 2.0, ""Chase Brown"": 34.0, ""George Kittle"": 3.0, ""Jacory Croskey-Merritt"": 5.0, ""Jahmyr Gibbs"": 110.0, ""KC Concepcion"": 6.0, ""Matthew Stafford"": 5.0, ""Romeo Doubs"": 4.0, ""Stefon Diggs"": 4.0, ""T.J. Hockenson"": 2.0, ""Woody Marks"": 5.0}"
bounded_replan,5,44,pass,True,,281.0,17.0,0,0,9,6,0,0,37.18173573911855,Bhayshul Tuten | Chase Brown | Christian Watson | Harold Fannin Jr. | Jahmyr Gibbs | Jameson Williams | Jordyn Tyson | KC Concepcion | Kaelon Black | Matthew Stafford | Rachaad White | Tee Higgins | TreVeyon Henderson,"{""Bhayshul Tuten"": 11.0, ""Chase Brown"": 34.0, ""Christian Watson"": 17.0, ""Harold Fannin Jr."": 11.0, ""Jahmyr Gibbs"": 110.0, ""Jameson Williams"": 21.0, ""Jordyn Tyson"": 5.0, ""KC Concepcion"": 6.0, ""Kaelon Black"": 3.0, ""Matthew Stafford"": 5.0, ""Rachaad White"": 6.0, ""Tee Higgins"": 34.0, ""TreVeyon Henderson"": 18.0}"
bounded_replan,5,45,buy,True,,289.0,9.0,0,0,4,2,0,0,6.82301104698854,Aaron Jones | Bhayshul Tuten | Bijan Robinson | Chase Brown | Dalton Kincaid | De'Zhaun Stribling | Deebo Samuel Sr. | Hunter Henry | Jahmyr Gibbs | Jalen Coker | Jaxson Dart | Rashid Shaheed | Stefon Diggs,"{""Aaron Jones"": 4.0, ""Bhayshul Tuten"": 11.0, ""Bijan Robinson"": 105.0, ""Chase Brown"": 34.0, ""Dalton Kincaid"": 2.0, ""De'Zhaun Stribling"": 3.0, ""Deebo Samuel Sr."": 2.0, ""Hunter Henry"": 2.0, ""Jahmyr Gibbs"": 110.0, ""Jalen Coker"": 3.0, ""Jaxson Dart"": 8.0, ""Rashid Shaheed"": 3.0, ""Stefon Diggs"": 2.0}"
bounded_replan,5,45,pass,True,,276.0,22.0,0,0,8,6,0,0,25.141101856846888,Alec Pierce | Bhayshul Tuten | Bo Nix | Chase Brown | Christian Watson | David Montgomery | Harold Fannin Jr. | J.K. Dobbins | Jahmyr Gibbs | Luther Burden III | Marvin Harrison Jr. | Michael Pittman | Quentin Johnston,"{""Alec Pierce"": 6.0, ""Bhayshul Tuten"": 11.0, ""Bo Nix"": 3.0, ""Chase Brown"": 34.0, ""Christian Watson"": 16.0, ""David Montgomery"": 29.0, ""Harold Fannin Jr."": 10.0, ""J.K. Dobbins"": 7.0, ""Jahmyr Gibbs"": 110.0, ""Luther Burden III"": 20.0, ""Marvin Harrison Jr."": 16.0, ""Michael Pittman"": 5.0, ""Quentin Johnston"": 9.0}"
bounded_replan,5,46,buy,True,,291.0,7.0,0,0,1,0,0,0,5.085974383340954,Baker Mayfield | Bhayshul Tuten | Bijan Robinson | Chase Brown | Dylan Sampson | George Kittle | Jahmyr Gibbs | Jalen Coker | Jayden Reed | Jordan Addison | Makai Lemon | Romeo Doubs | Tre Harris,"{""Baker Mayfield"": 2.0, ""Bhayshul Tuten"": 11.0, ""Bijan Robinson"": 105.0, ""Chase Brown"": 34.0, ""Dylan Sampson"": 2.0, ""George Kittle"": 2.0, ""Jahmyr Gibbs"": 110.0, ""Jalen Coker"": 2.0, ""Jayden Reed"": 3.0, ""Jordan Addison"": 7.0, ""Makai Lemon"": 7.0, ""Romeo Doubs"": 4.0, ""Tre Harris"": 2.0}"
bounded_replan,5,46,pass,True,,263.0,35.0,0,0,9,10,0,0,40.50864638836771,Bhayshul Tuten | Carnell Tate | Chase Brown | Christian Watson | DK Metcalf | Dak Prescott | Harold Fannin Jr. | Jahmyr Gibbs | Jaylen Warren | Parker Washington | Stefon Diggs | Tony Pollard | Wan'Dale Robinson,"{""Bhayshul Tuten"": 11.0, ""Carnell Tate"": 19.0, ""Chase Brown"": 34.0, ""Christian Watson"": 17.0, ""DK Metcalf"": 10.0, ""Dak Prescott"": 5.0, ""Harold Fannin Jr."": 9.0, ""Jahmyr Gibbs"": 110.0, ""Jaylen Warren"": 12.0, ""Parker Washington"": 11.0, ""Stefon Diggs"": 4.0, ""Tony Pollard"": 18.0, ""Wan'Dale Robinson"": 3.0}"
bounded_replan,5,47,buy,True,,297.0,1.0,0,0,0,0,0,0,2.6019620508304797,Bhayshul Tuten | Bijan Robinson | Braelon Allen | Chase Brown | Chris Rodriguez Jr. | Dallas Goedert | Deebo Samuel Sr. | Jahmyr Gibbs | Jakobi Meyers | Justin Herbert | KC Concepcion | Matthew Golden | Xavier Worthy,"{""Bhayshul Tuten"": 11.0, ""Bijan Robinson"": 105.0, ""Braelon Allen"": 2.0, ""Chase Brown"": 34.0, ""Chris Rodriguez Jr."": 5.0, ""Dallas Goedert"": 2.0, ""Deebo Samuel Sr."": 3.0, ""Jahmyr Gibbs"": 110.0, ""Jakobi Meyers"": 4.0, ""Justin Herbert"": 6.0, ""KC Concepcion"": 4.0, ""Matthew Golden"": 6.0, ""Xavier Worthy"": 5.0}"
bounded_replan,5,47,pass,True,,282.0,16.0,0,0,7,4,0,0,24.879697076510297,Bhayshul Tuten | Caleb Williams | Chase Brown | Christian Watson | David Montgomery | Harold Fannin Jr. | Jahmyr Gibbs | Jakobi Meyers | Jordyn Tyson | KC Concepcion | Quentin Johnston | Rhamondre Stevenson | Tee Higgins,"{""Bhayshul Tuten"": 11.0, ""Caleb Williams"": 3.0, ""Chase Brown"": 34.0, ""Christian Watson"": 18.0, ""David Montgomery"": 27.0, ""Harold Fannin Jr."": 10.0, ""Jahmyr Gibbs"": 110.0, ""Jakobi Meyers"": 4.0, ""Jordyn Tyson"": 5.0, ""KC Concepcion"": 4.0, ""Quentin Johnston"": 10.0, ""Rhamondre Stevenson"": 20.0, ""Tee Higgins"": 26.0}"
