lock_version,model_run_id,candidate_id,forecast_origin,model_name,parameters_json,selection_end_season,selection_metric,selection_score,selection_seasons,selection_start_season
v2_conditional_ppg_2026_candidate_beta_v1,v2_locked_final_beta_20260826T202939Z_2f0e82ba,0,2017,expert_recalibrated_ridge,"{""alpha"": 1.0}",2016,rmse,3.3614294145840886,4,2013
v2_conditional_ppg_2026_candidate_beta_v1,v2_locked_final_beta_20260826T202939Z_2f0e82ba,0,2018,expert_recalibrated_ridge,"{""alpha"": 1.0}",2017,rmse,3.277659874053284,5,2013
v2_conditional_ppg_2026_candidate_beta_v1,v2_locked_final_beta_20260826T202939Z_2f0e82ba,0,2019,expert_recalibrated_ridge,"{""alpha"": 1.0}",2018,rmse,3.2421109290930747,6,2013
v2_conditional_ppg_2026_candidate_beta_v1,v2_locked_final_beta_20260826T202939Z_2f0e82ba,0,2020,expert_recalibrated_ridge,"{""alpha"": 1.0}",2019,rmse,3.202166566056514,7,2013
v2_conditional_ppg_2026_candidate_beta_v1,v2_locked_final_beta_20260826T202939Z_2f0e82ba,0,2021,expert_recalibrated_ridge,"{""alpha"": 1.0}",2020,rmse,3.202724456556421,8,2013
v2_conditional_ppg_2026_candidate_beta_v1,v2_locked_final_beta_20260826T202939Z_2f0e82ba,0,2022,expert_recalibrated_ridge,"{""alpha"": 1.0}",2021,rmse,3.1649028831268273,9,2013
v2_conditional_ppg_2026_candidate_beta_v1,v2_locked_final_beta_20260826T202939Z_2f0e82ba,0,2023,expert_recalibrated_ridge,"{""alpha"": 1.0}",2022,rmse,3.116179419124243,10,2013
v2_conditional_ppg_2026_candidate_beta_v1,v2_locked_final_beta_20260826T202939Z_2f0e82ba,0,2024,expert_recalibrated_ridge,"{""alpha"": 1.0}",2023,rmse,3.114500992989521,11,2013
v2_conditional_ppg_2026_candidate_beta_v1,v2_locked_final_beta_20260826T202939Z_2f0e82ba,0,2025,expert_recalibrated_ridge,"{""alpha"": 1.0}",2024,rmse,3.1068804983070923,12,2013
v2_conditional_ppg_2026_candidate_beta_v1,v2_locked_final_beta_20260826T202939Z_2f0e82ba,0,2026,expert_recalibrated_ridge,"{""alpha"": 1.0}",2025,rmse,3.082723320719864,13,2013
v2_conditional_ppg_2026_candidate_beta_v1,v2_locked_final_beta_20260826T202939Z_2f0e82ba,3,2017,conditional_ppg_lasso,"{""alpha"": 0.03}",2016,rmse,3.3711392635586974,4,2013
v2_conditional_ppg_2026_candidate_beta_v1,v2_locked_final_beta_20260826T202939Z_2f0e82ba,3,2018,conditional_ppg_lasso,"{""alpha"": 0.03}",2017,rmse,3.2811217844574307,5,2013
v2_conditional_ppg_2026_candidate_beta_v1,v2_locked_final_beta_20260826T202939Z_2f0e82ba,2,2019,conditional_ppg_lasso,"{""alpha"": 0.01}",2018,rmse,3.243869692147404,6,2013
v2_conditional_ppg_2026_candidate_beta_v1,v2_locked_final_beta_20260826T202939Z_2f0e82ba,2,2020,conditional_ppg_lasso,"{""alpha"": 0.01}",2019,rmse,3.215962658646723,7,2013
v2_conditional_ppg_2026_candidate_beta_v1,v2_locked_final_beta_20260826T202939Z_2f0e82ba,2,2021,conditional_ppg_lasso,"{""alpha"": 0.01}",2020,rmse,3.2091039728397406,8,2013
v2_conditional_ppg_2026_candidate_beta_v1,v2_locked_final_beta_20260826T202939Z_2f0e82ba,2,2022,conditional_ppg_lasso,"{""alpha"": 0.01}",2021,rmse,3.169574295901501,9,2013
v2_conditional_ppg_2026_candidate_beta_v1,v2_locked_final_beta_20260826T202939Z_2f0e82ba,2,2023,conditional_ppg_lasso,"{""alpha"": 0.01}",2022,rmse,3.1100765477876715,10,2013
v2_conditional_ppg_2026_candidate_beta_v1,v2_locked_final_beta_20260826T202939Z_2f0e82ba,2,2024,conditional_ppg_lasso,"{""alpha"": 0.01}",2023,rmse,3.0977832958487572,11,2013
v2_conditional_ppg_2026_candidate_beta_v1,v2_locked_final_beta_20260826T202939Z_2f0e82ba,2,2025,conditional_ppg_lasso,"{""alpha"": 0.01}",2024,rmse,3.087115760192777,12,2013
v2_conditional_ppg_2026_candidate_beta_v1,v2_locked_final_beta_20260826T202939Z_2f0e82ba,2,2026,conditional_ppg_lasso,"{""alpha"": 0.01}",2025,rmse,3.063797657516211,13,2013
v2_conditional_ppg_2026_candidate_beta_v1,v2_locked_final_beta_20260826T202939Z_2f0e82ba,2,2017,conditional_ppg_random_forest,"{""bootstrap"": true, ""max_depth"": 6, ""max_features"": 0.5, ""min_samples_leaf"": 15, ""n_estimators"": 250, ""random_state"": 1234}",2016,rmse,3.333400392718967,4,2013
v2_conditional_ppg_2026_candidate_beta_v1,v2_locked_final_beta_20260826T202939Z_2f0e82ba,0,2018,conditional_ppg_random_forest,"{""bootstrap"": true, ""max_depth"": 6, ""max_features"": 0.5, ""min_samples_leaf"": 5, ""n_estimators"": 250, ""random_state"": 1234}",2017,rmse,3.2406025184139353,5,2013
v2_conditional_ppg_2026_candidate_beta_v1,v2_locked_final_beta_20260826T202939Z_2f0e82ba,0,2019,conditional_ppg_random_forest,"{""bootstrap"": true, ""max_depth"": 6, ""max_features"": 0.5, ""min_samples_leaf"": 5, ""n_estimators"": 250, ""random_state"": 1234}",2018,rmse,3.2017400497065656,6,2013
v2_conditional_ppg_2026_candidate_beta_v1,v2_locked_final_beta_20260826T202939Z_2f0e82ba,0,2020,conditional_ppg_random_forest,"{""bootstrap"": true, ""max_depth"": 6, ""max_features"": 0.5, ""min_samples_leaf"": 5, ""n_estimators"": 250, ""random_state"": 1234}",2019,rmse,3.160223836637482,7,2013
v2_conditional_ppg_2026_candidate_beta_v1,v2_locked_final_beta_20260826T202939Z_2f0e82ba,0,2021,conditional_ppg_random_forest,"{""bootstrap"": true, ""max_depth"": 6, ""max_features"": 0.5, ""min_samples_leaf"": 5, ""n_estimators"": 250, ""random_state"": 1234}",2020,rmse,3.15393183416626,8,2013
v2_conditional_ppg_2026_candidate_beta_v1,v2_locked_final_beta_20260826T202939Z_2f0e82ba,0,2022,conditional_ppg_random_forest,"{""bootstrap"": true, ""max_depth"": 6, ""max_features"": 0.5, ""min_samples_leaf"": 5, ""n_estimators"": 250, ""random_state"": 1234}",2021,rmse,3.1135581366843867,9,2013
v2_conditional_ppg_2026_candidate_beta_v1,v2_locked_final_beta_20260826T202939Z_2f0e82ba,0,2023,conditional_ppg_random_forest,"{""bootstrap"": true, ""max_depth"": 6, ""max_features"": 0.5, ""min_samples_leaf"": 5, ""n_estimators"": 250, ""random_state"": 1234}",2022,rmse,3.0673585753647723,10,2013
v2_conditional_ppg_2026_candidate_beta_v1,v2_locked_final_beta_20260826T202939Z_2f0e82ba,0,2024,conditional_ppg_random_forest,"{""bootstrap"": true, ""max_depth"": 6, ""max_features"": 0.5, ""min_samples_leaf"": 5, ""n_estimators"": 250, ""random_state"": 1234}",2023,rmse,3.0575071123578113,11,2013
v2_conditional_ppg_2026_candidate_beta_v1,v2_locked_final_beta_20260826T202939Z_2f0e82ba,0,2025,conditional_ppg_random_forest,"{""bootstrap"": true, ""max_depth"": 6, ""max_features"": 0.5, ""min_samples_leaf"": 5, ""n_estimators"": 250, ""random_state"": 1234}",2024,rmse,3.0520833797025637,12,2013
v2_conditional_ppg_2026_candidate_beta_v1,v2_locked_final_beta_20260826T202939Z_2f0e82ba,0,2026,conditional_ppg_random_forest,"{""bootstrap"": true, ""max_depth"": 6, ""max_features"": 0.5, ""min_samples_leaf"": 5, ""n_estimators"": 250, ""random_state"": 1234}",2025,rmse,3.0289909731902074,13,2013
v2_conditional_ppg_2026_candidate_beta_v1,v2_locked_final_beta_20260826T202939Z_2f0e82ba,6,2017,conditional_ppg_lightgbm,"{""learning_rate"": 0.03, ""max_depth"": 3, ""min_child_samples"": 20, ""n_estimators"": 100, ""num_leaves"": 15, ""reg_lambda"": 1.0}",2016,rmse,3.3641025793186667,4,2013
v2_conditional_ppg_2026_candidate_beta_v1,v2_locked_final_beta_20260826T202939Z_2f0e82ba,6,2018,conditional_ppg_lightgbm,"{""learning_rate"": 0.03, ""max_depth"": 3, ""min_child_samples"": 20, ""n_estimators"": 100, ""num_leaves"": 15, ""reg_lambda"": 1.0}",2017,rmse,3.280346529327191,5,2013
v2_conditional_ppg_2026_candidate_beta_v1,v2_locked_final_beta_20260826T202939Z_2f0e82ba,4,2019,conditional_ppg_lightgbm,"{""learning_rate"": 0.03, ""max_depth"": 4, ""min_child_samples"": 40, ""n_estimators"": 200, ""num_leaves"": 15, ""reg_lambda"": 1.0}",2018,rmse,3.232449442308925,6,2013
v2_conditional_ppg_2026_candidate_beta_v1,v2_locked_final_beta_20260826T202939Z_2f0e82ba,3,2020,conditional_ppg_lightgbm,"{""learning_rate"": 0.05, ""max_depth"": 3, ""min_child_samples"": 40, ""n_estimators"": 100, ""num_leaves"": 15, ""reg_lambda"": 5.0}",2019,rmse,3.194287269897294,7,2013
v2_conditional_ppg_2026_candidate_beta_v1,v2_locked_final_beta_20260826T202939Z_2f0e82ba,3,2021,conditional_ppg_lightgbm,"{""learning_rate"": 0.05, ""max_depth"": 3, ""min_child_samples"": 40, ""n_estimators"": 100, ""num_leaves"": 15, ""reg_lambda"": 5.0}",2020,rmse,3.182893924341072,8,2013
v2_conditional_ppg_2026_candidate_beta_v1,v2_locked_final_beta_20260826T202939Z_2f0e82ba,3,2022,conditional_ppg_lightgbm,"{""learning_rate"": 0.05, ""max_depth"": 3, ""min_child_samples"": 40, ""n_estimators"": 100, ""num_leaves"": 15, ""reg_lambda"": 5.0}",2021,rmse,3.142892225518149,9,2013
v2_conditional_ppg_2026_candidate_beta_v1,v2_locked_final_beta_20260826T202939Z_2f0e82ba,3,2023,conditional_ppg_lightgbm,"{""learning_rate"": 0.05, ""max_depth"": 3, ""min_child_samples"": 40, ""n_estimators"": 100, ""num_leaves"": 15, ""reg_lambda"": 5.0}",2022,rmse,3.091827266967417,10,2013
v2_conditional_ppg_2026_candidate_beta_v1,v2_locked_final_beta_20260826T202939Z_2f0e82ba,3,2024,conditional_ppg_lightgbm,"{""learning_rate"": 0.05, ""max_depth"": 3, ""min_child_samples"": 40, ""n_estimators"": 100, ""num_leaves"": 15, ""reg_lambda"": 5.0}",2023,rmse,3.0814418770410383,11,2013
v2_conditional_ppg_2026_candidate_beta_v1,v2_locked_final_beta_20260826T202939Z_2f0e82ba,3,2025,conditional_ppg_lightgbm,"{""learning_rate"": 0.05, ""max_depth"": 3, ""min_child_samples"": 40, ""n_estimators"": 100, ""num_leaves"": 15, ""reg_lambda"": 5.0}",2024,rmse,3.0754812452693145,12,2013
v2_conditional_ppg_2026_candidate_beta_v1,v2_locked_final_beta_20260826T202939Z_2f0e82ba,3,2026,conditional_ppg_lightgbm,"{""learning_rate"": 0.05, ""max_depth"": 3, ""min_child_samples"": 40, ""n_estimators"": 100, ""num_leaves"": 15, ""reg_lambda"": 5.0}",2025,rmse,3.0508984154054555,13,2013
v2_conditional_ppg_2026_candidate_beta_v1,v2_locked_final_beta_20260826T202939Z_2f0e82ba,1,2017,participation_logistic,"{""C"": 1.0}",2016,brier,0.14189479008894523,4,2013
v2_conditional_ppg_2026_candidate_beta_v1,v2_locked_final_beta_20260826T202939Z_2f0e82ba,1,2018,participation_logistic,"{""C"": 1.0}",2017,brier,0.14512898412063452,5,2013
v2_conditional_ppg_2026_candidate_beta_v1,v2_locked_final_beta_20260826T202939Z_2f0e82ba,1,2019,participation_logistic,"{""C"": 1.0}",2018,brier,0.14718539969238367,6,2013
v2_conditional_ppg_2026_candidate_beta_v1,v2_locked_final_beta_20260826T202939Z_2f0e82ba,1,2020,participation_logistic,"{""C"": 1.0}",2019,brier,0.14588108526600338,7,2013
v2_conditional_ppg_2026_candidate_beta_v1,v2_locked_final_beta_20260826T202939Z_2f0e82ba,1,2021,participation_logistic,"{""C"": 1.0}",2020,brier,0.14443807943572048,8,2013
v2_conditional_ppg_2026_candidate_beta_v1,v2_locked_final_beta_20260826T202939Z_2f0e82ba,1,2022,participation_logistic,"{""C"": 1.0}",2021,brier,0.1443747574253991,9,2013
v2_conditional_ppg_2026_candidate_beta_v1,v2_locked_final_beta_20260826T202939Z_2f0e82ba,1,2023,participation_logistic,"{""C"": 1.0}",2022,brier,0.1414207080707753,10,2013
v2_conditional_ppg_2026_candidate_beta_v1,v2_locked_final_beta_20260826T202939Z_2f0e82ba,1,2024,participation_logistic,"{""C"": 1.0}",2023,brier,0.13969273116554257,11,2013
v2_conditional_ppg_2026_candidate_beta_v1,v2_locked_final_beta_20260826T202939Z_2f0e82ba,1,2025,participation_logistic,"{""C"": 1.0}",2024,brier,0.13986522269910343,12,2013
v2_conditional_ppg_2026_candidate_beta_v1,v2_locked_final_beta_20260826T202939Z_2f0e82ba,1,2026,participation_logistic,"{""C"": 1.0}",2025,brier,0.14000722842443872,13,2013
v2_conditional_ppg_2026_candidate_beta_v1,v2_locked_final_beta_20260826T202939Z_2f0e82ba,2,2017,participation_lightgbm,"{""learning_rate"": 0.05, ""max_depth"": 4, ""min_child_samples"": 20, ""n_estimators"": 200, ""num_leaves"": 7, ""reg_lambda"": 5.0}",2016,brier,0.13309343880356161,4,2013
v2_conditional_ppg_2026_candidate_beta_v1,v2_locked_final_beta_20260826T202939Z_2f0e82ba,2,2018,participation_lightgbm,"{""learning_rate"": 0.05, ""max_depth"": 4, ""min_child_samples"": 20, ""n_estimators"": 200, ""num_leaves"": 7, ""reg_lambda"": 5.0}",2017,brier,0.13037959303482263,5,2013
v2_conditional_ppg_2026_candidate_beta_v1,v2_locked_final_beta_20260826T202939Z_2f0e82ba,5,2019,participation_lightgbm,"{""learning_rate"": 0.05, ""max_depth"": 4, ""min_child_samples"": 20, ""n_estimators"": 200, ""num_leaves"": 15, ""reg_lambda"": 5.0}",2018,brier,0.1294554556648296,6,2013
v2_conditional_ppg_2026_candidate_beta_v1,v2_locked_final_beta_20260826T202939Z_2f0e82ba,5,2020,participation_lightgbm,"{""learning_rate"": 0.05, ""max_depth"": 4, ""min_child_samples"": 20, ""n_estimators"": 200, ""num_leaves"": 15, ""reg_lambda"": 5.0}",2019,brier,0.12778011551466145,7,2013
v2_conditional_ppg_2026_candidate_beta_v1,v2_locked_final_beta_20260826T202939Z_2f0e82ba,5,2021,participation_lightgbm,"{""learning_rate"": 0.05, ""max_depth"": 4, ""min_child_samples"": 20, ""n_estimators"": 200, ""num_leaves"": 15, ""reg_lambda"": 5.0}",2020,brier,0.12709566911745376,8,2013
v2_conditional_ppg_2026_candidate_beta_v1,v2_locked_final_beta_20260826T202939Z_2f0e82ba,5,2022,participation_lightgbm,"{""learning_rate"": 0.05, ""max_depth"": 4, ""min_child_samples"": 20, ""n_estimators"": 200, ""num_leaves"": 15, ""reg_lambda"": 5.0}",2021,brier,0.1271173367275894,9,2013
v2_conditional_ppg_2026_candidate_beta_v1,v2_locked_final_beta_20260826T202939Z_2f0e82ba,5,2023,participation_lightgbm,"{""learning_rate"": 0.05, ""max_depth"": 4, ""min_child_samples"": 20, ""n_estimators"": 200, ""num_leaves"": 15, ""reg_lambda"": 5.0}",2022,brier,0.12583816824769872,10,2013
v2_conditional_ppg_2026_candidate_beta_v1,v2_locked_final_beta_20260826T202939Z_2f0e82ba,5,2024,participation_lightgbm,"{""learning_rate"": 0.05, ""max_depth"": 4, ""min_child_samples"": 20, ""n_estimators"": 200, ""num_leaves"": 15, ""reg_lambda"": 5.0}",2023,brier,0.1252074534587939,11,2013
v2_conditional_ppg_2026_candidate_beta_v1,v2_locked_final_beta_20260826T202939Z_2f0e82ba,5,2025,participation_lightgbm,"{""learning_rate"": 0.05, ""max_depth"": 4, ""min_child_samples"": 20, ""n_estimators"": 200, ""num_leaves"": 15, ""reg_lambda"": 5.0}",2024,brier,0.12662200606091412,12,2013
v2_conditional_ppg_2026_candidate_beta_v1,v2_locked_final_beta_20260826T202939Z_2f0e82ba,5,2026,participation_lightgbm,"{""learning_rate"": 0.05, ""max_depth"": 4, ""min_child_samples"": 20, ""n_estimators"": 200, ""num_leaves"": 15, ""reg_lambda"": 5.0}",2025,brier,0.1276967185224791,13,2013
v2_conditional_ppg_2026_candidate_beta_v1,v2_locked_final_beta_20260826T202939Z_2f0e82ba,3,2017,conditional_ppg_log_adp_lasso,"{""alpha"": 0.03}",2016,rmse,3.367534229665379,4,2013
v2_conditional_ppg_2026_candidate_beta_v1,v2_locked_final_beta_20260826T202939Z_2f0e82ba,3,2018,conditional_ppg_log_adp_lasso,"{""alpha"": 0.03}",2017,rmse,3.272899563452603,5,2013
v2_conditional_ppg_2026_candidate_beta_v1,v2_locked_final_beta_20260826T202939Z_2f0e82ba,3,2019,conditional_ppg_log_adp_lasso,"{""alpha"": 0.03}",2018,rmse,3.2223001085172616,6,2013
v2_conditional_ppg_2026_candidate_beta_v1,v2_locked_final_beta_20260826T202939Z_2f0e82ba,3,2020,conditional_ppg_log_adp_lasso,"{""alpha"": 0.03}",2019,rmse,3.190333707302672,7,2013
v2_conditional_ppg_2026_candidate_beta_v1,v2_locked_final_beta_20260826T202939Z_2f0e82ba,3,2021,conditional_ppg_log_adp_lasso,"{""alpha"": 0.03}",2020,rmse,3.182498478679749,8,2013
v2_conditional_ppg_2026_candidate_beta_v1,v2_locked_final_beta_20260826T202939Z_2f0e82ba,3,2022,conditional_ppg_log_adp_lasso,"{""alpha"": 0.03}",2021,rmse,3.1422235314835927,9,2013
v2_conditional_ppg_2026_candidate_beta_v1,v2_locked_final_beta_20260826T202939Z_2f0e82ba,3,2023,conditional_ppg_log_adp_lasso,"{""alpha"": 0.03}",2022,rmse,3.085207617495721,10,2013
v2_conditional_ppg_2026_candidate_beta_v1,v2_locked_final_beta_20260826T202939Z_2f0e82ba,2,2024,conditional_ppg_log_adp_lasso,"{""alpha"": 0.01}",2023,rmse,3.0748824725193415,11,2013
v2_conditional_ppg_2026_candidate_beta_v1,v2_locked_final_beta_20260826T202939Z_2f0e82ba,2,2025,conditional_ppg_log_adp_lasso,"{""alpha"": 0.01}",2024,rmse,3.066218703541455,12,2013
v2_conditional_ppg_2026_candidate_beta_v1,v2_locked_final_beta_20260826T202939Z_2f0e82ba,2,2026,conditional_ppg_log_adp_lasso,"{""alpha"": 0.01}",2025,rmse,3.0432084298926303,13,2013
