variant,method,slice_type,slice_value,n_rows,n_seasons,rmse
incumbent,controlled_equal_thirds,pooled,all,3622,9,2.885459887404849
incumbent,controlled_equal_thirds,recent,2023_2025,1226,3,2.899234809414372
incumbent,controlled_equal_thirds,source_era,2017_2023,2800,7,2.8913678125895594
incumbent,controlled_equal_thirds,source_era,2024_2025,822,2,2.8652441495057714
incumbent,controlled_equal_thirds,season,2017,402,1,2.868450433973028
incumbent,controlled_equal_thirds,season,2018,365,1,3.011385667067821
incumbent,controlled_equal_thirds,season,2019,385,1,2.9057516083321104
incumbent,controlled_equal_thirds,season,2020,409,1,3.095842146042887
incumbent,controlled_equal_thirds,season,2021,413,1,2.7909070705769436
incumbent,controlled_equal_thirds,season,2022,422,1,2.5968849789029504
incumbent,controlled_equal_thirds,season,2023,404,1,2.9671921599181332
incumbent,controlled_equal_thirds,season,2024,406,1,2.9787260040056918
incumbent,controlled_equal_thirds,season,2025,416,1,2.7499784367171243
incumbent,controlled_equal_thirds,position,QB,306,8,3.9978552558048888
incumbent,controlled_equal_thirds,position,RB,1011,9,3.2998709594537368
incumbent,controlled_equal_thirds,position,TE,802,9,1.9981518439997643
incumbent,controlled_equal_thirds,position,WR,1503,9,2.712012037564744
incumbent,controlled_equal_thirds,history_depth,other_no_history,23,7,2.1896086873670386
incumbent,controlled_equal_thirds,history_depth,rookie,518,9,3.235882934469596
incumbent,controlled_equal_thirds,history_depth,second_year,558,9,2.929419802913935
incumbent,controlled_equal_thirds,history_depth,veteran_with_history,2523,9,2.803771220761321
incumbent,controlled_equal_thirds,rank_availability,available,3577,9,2.8947861113929068
incumbent,controlled_equal_thirds,rank_availability,unavailable,45,9,2.010174659406501
incumbent,controlled_equal_thirds,coverage_band,complete,1602,9,3.361812142912611
incumbent,controlled_equal_thirds,coverage_band,partial_high,1634,9,2.5213246769862008
incumbent,controlled_equal_thirds,coverage_band,partial_low,341,2,2.084419328383406
incumbent,controlled_equal_thirds,coverage_band,unavailable,45,9,2.010174659406501
incumbent,controlled_equal_thirds,coverage_completeness,complete,1602,9,3.361812142912611
incumbent,controlled_equal_thirds,coverage_completeness,incomplete_or_unavailable,2020,9,2.4424950620435903
incumbent,controlled_equal_thirds,shallow_omission,no_omission,1602,9,3.361812142912611
incumbent,controlled_equal_thirds,shallow_omission,omission,2020,9,2.4424950620435903
incumbent,equal_thirds,pooled,all,3622,9,2.8841119750079103
incumbent,equal_thirds,recent,2023_2025,1226,3,2.8956100859371037
incumbent,equal_thirds,source_era,2017_2023,2800,7,2.891203078964004
incumbent,equal_thirds,source_era,2024_2025,822,2,2.859825412500874
incumbent,equal_thirds,season,2017,402,1,2.874270120987745
incumbent,equal_thirds,season,2018,365,1,3.0145761650383087
incumbent,equal_thirds,season,2019,385,1,2.900825140829989
incumbent,equal_thirds,season,2020,409,1,3.09721774397317
incumbent,equal_thirds,season,2021,413,1,2.7886079446190055
incumbent,equal_thirds,season,2022,422,1,2.5922993525537894
incumbent,equal_thirds,season,2023,404,1,2.967087398719588
incumbent,equal_thirds,season,2024,406,1,2.976062793719497
incumbent,equal_thirds,season,2025,416,1,2.7416344539022584
incumbent,equal_thirds,position,QB,306,8,3.994615000482557
incumbent,equal_thirds,position,RB,1011,9,3.293407699675016
incumbent,equal_thirds,position,TE,802,9,2.001387164736455
incumbent,equal_thirds,position,WR,1503,9,2.713540246930285
incumbent,equal_thirds,history_depth,other_no_history,23,7,2.212146995741843
incumbent,equal_thirds,history_depth,rookie,518,9,3.2391217532106955
incumbent,equal_thirds,history_depth,second_year,558,9,2.9288843014127877
incumbent,equal_thirds,history_depth,veteran_with_history,2523,9,2.8009734747020563
incumbent,equal_thirds,rank_availability,available,3577,9,2.8932538108673738
incumbent,equal_thirds,rank_availability,unavailable,45,9,2.0297384593878625
incumbent,equal_thirds,coverage_band,complete,1602,9,3.3580016726055004
incumbent,equal_thirds,coverage_band,partial_high,1634,9,2.521619719156939
incumbent,equal_thirds,coverage_band,partial_low,341,2,2.0892426084685827
incumbent,equal_thirds,coverage_band,unavailable,45,9,2.0297384593878625
incumbent,equal_thirds,coverage_completeness,complete,1602,9,3.3580016726055004
incumbent,equal_thirds,coverage_completeness,incomplete_or_unavailable,2020,9,2.443797189574344
incumbent,equal_thirds,shallow_omission,no_omission,1602,9,3.3580016726055004
incumbent,equal_thirds,shallow_omission,omission,2020,9,2.443797189574344
incumbent,lasso,pooled,all,3622,9,2.9479160381396334
incumbent,lasso,recent,2023_2025,1226,3,2.9565186058738546
incumbent,lasso,source_era,2017_2023,2800,7,2.9526659700986952
incumbent,lasso,source_era,2024_2025,822,2,2.9316784665904754
incumbent,lasso,season,2017,402,1,2.9428357925214494
incumbent,lasso,season,2018,365,1,3.1092754424129256
incumbent,lasso,season,2019,385,1,3.032280533343144
incumbent,lasso,season,2020,409,1,3.1281442106303876
incumbent,lasso,season,2021,413,1,2.8469266606705252
incumbent,lasso,season,2022,422,1,2.603247190297047
incumbent,lasso,season,2023,404,1,3.0064261307265396
incumbent,lasso,season,2024,406,1,3.0000034532012827
incumbent,lasso,season,2025,416,1,2.8634243313905694
incumbent,lasso,position,QB,306,8,4.156468577873536
incumbent,lasso,position,RB,1011,9,3.3462269682624752
incumbent,lasso,position,TE,802,9,2.041414991946932
incumbent,lasso,position,WR,1503,9,2.7693276276978587
incumbent,lasso,history_depth,other_no_history,23,7,2.2105470657737785
incumbent,lasso,history_depth,rookie,518,9,3.3214396303588147
incumbent,lasso,history_depth,second_year,558,9,2.9748703511889336
incumbent,lasso,history_depth,veteran_with_history,2523,9,2.86509829550649
incumbent,lasso,rank_availability,available,3577,9,2.9589260423861257
incumbent,lasso,rank_availability,unavailable,45,9,1.8763529089379936
incumbent,lasso,coverage_band,complete,1602,9,3.3961268968643163
incumbent,lasso,coverage_band,partial_high,1634,9,2.605147886308947
incumbent,lasso,coverage_band,partial_low,341,2,2.265985581342049
incumbent,lasso,coverage_band,unavailable,45,9,1.8763529089379936
incumbent,lasso,coverage_completeness,complete,1602,9,3.3961268968643163
incumbent,lasso,coverage_completeness,incomplete_or_unavailable,2020,9,2.5367579768261272
incumbent,lasso,shallow_omission,no_omission,1602,9,3.3961268968643163
incumbent,lasso,shallow_omission,omission,2020,9,2.5367579768261272
incumbent,lightgbm,pooled,all,3622,9,2.9078921774280677
incumbent,lightgbm,recent,2023_2025,1226,3,2.9147423514692883
incumbent,lightgbm,source_era,2017_2023,2800,7,2.91538348014493
incumbent,lightgbm,source_era,2024_2025,822,2,2.8822282384594375
incumbent,lightgbm,season,2017,402,1,2.915100259790294
incumbent,lightgbm,season,2018,365,1,3.0396915676094225
incumbent,lightgbm,season,2019,385,1,2.9413384737055455
incumbent,lightgbm,season,2020,409,1,3.099317284239161
incumbent,lightgbm,season,2021,413,1,2.8046371091135645
incumbent,lightgbm,season,2022,422,1,2.627974133982544
incumbent,lightgbm,season,2023,404,1,2.979802223416187
incumbent,lightgbm,season,2024,406,1,3.000888923570674
incumbent,lightgbm,season,2025,416,1,2.761507926558667
incumbent,lightgbm,position,QB,306,8,4.0337311286532636
incumbent,lightgbm,position,RB,1011,9,3.3116861228612557
incumbent,lightgbm,position,TE,802,9,2.04320869181806
incumbent,lightgbm,position,WR,1503,9,2.731266396390001
incumbent,lightgbm,history_depth,other_no_history,23,7,2.279412686902868
incumbent,lightgbm,history_depth,rookie,518,9,3.225086872095947
incumbent,lightgbm,history_depth,second_year,558,9,2.958860865479645
incumbent,lightgbm,history_depth,veteran_with_history,2523,9,2.8319643105062653
incumbent,lightgbm,rank_availability,available,3577,9,2.9157276888840884
incumbent,lightgbm,rank_availability,unavailable,45,9,2.1974249095143428
incumbent,lightgbm,coverage_band,complete,1602,9,3.372080713404075
incumbent,lightgbm,coverage_band,partial_high,1634,9,2.55538181953425
incumbent,lightgbm,coverage_band,partial_low,341,2,2.11373285083535
incumbent,lightgbm,coverage_band,unavailable,45,9,2.1974249095143428
incumbent,lightgbm,coverage_completeness,complete,1602,9,3.372080713404075
incumbent,lightgbm,coverage_completeness,incomplete_or_unavailable,2020,9,2.478702761876025
incumbent,lightgbm,shallow_omission,no_omission,1602,9,3.372080713404075
incumbent,lightgbm,shallow_omission,omission,2020,9,2.478702761876025
incumbent,random_forest,pooled,all,3622,9,2.8950979700365433
incumbent,random_forest,recent,2023_2025,1226,3,2.9024350180809186
incumbent,random_forest,source_era,2017_2023,2800,7,2.9033015637351656
incumbent,random_forest,source_era,2024_2025,822,2,2.866977696799968
incumbent,random_forest,season,2017,402,1,2.874190974387528
incumbent,random_forest,season,2018,365,1,3.018121542808674
incumbent,random_forest,season,2019,385,1,2.916893713995079
incumbent,random_forest,season,2020,409,1,3.1163327602620803
incumbent,random_forest,season,2021,413,1,2.7861954306961993
incumbent,random_forest,season,2022,422,1,2.635276862897759
incumbent,random_forest,season,2023,404,1,2.9732732572007405
incumbent,random_forest,season,2024,406,1,2.993327868810646
incumbent,random_forest,season,2025,416,1,2.7380485370712964
incumbent,random_forest,position,QB,306,8,4.009724219687177
incumbent,random_forest,position,RB,1011,9,3.2918777729603628
incumbent,random_forest,position,TE,802,9,2.0608419504949427
incumbent,random_forest,position,WR,1503,9,2.7146975863807308
incumbent,random_forest,history_depth,other_no_history,23,7,2.220961134407403
incumbent,random_forest,history_depth,rookie,518,9,3.232625601982514
incumbent,random_forest,history_depth,second_year,558,9,2.9371007449221267
incumbent,random_forest,history_depth,veteran_with_history,2523,9,2.81677376853826
incumbent,random_forest,rank_availability,available,3577,9,2.9029061058422947
incumbent,random_forest,rank_availability,unavailable,45,9,2.187007731443992
incumbent,random_forest,coverage_band,complete,1602,9,3.3680393258808916
incumbent,random_forest,coverage_band,partial_high,1634,9,2.533037872914744
incumbent,random_forest,coverage_band,partial_low,341,2,2.087597414822268
incumbent,random_forest,coverage_band,unavailable,45,9,2.187007731443992
incumbent,random_forest,coverage_completeness,complete,1602,9,3.3680393258808916
incumbent,random_forest,coverage_completeness,incomplete_or_unavailable,2020,9,2.4561034838008067
incumbent,random_forest,shallow_omission,no_omission,1602,9,3.3680393258808916
incumbent,random_forest,shallow_omission,omission,2020,9,2.4561034838008067
incumbent,random_forest_full_columns,pooled,all,3622,9,2.9079617471989865
incumbent,random_forest_full_columns,recent,2023_2025,1226,3,2.920171336598099
incumbent,random_forest_full_columns,source_era,2017_2023,2800,7,2.912809563568934
incumbent,random_forest_full_columns,source_era,2024_2025,822,2,2.891387506273445
incumbent,random_forest_full_columns,season,2017,402,1,2.8843258426504623
incumbent,random_forest_full_columns,season,2018,365,1,3.002672484403495
incumbent,random_forest_full_columns,season,2019,385,1,2.929792181418317
incumbent,random_forest_full_columns,season,2020,409,1,3.122227637271187
incumbent,random_forest_full_columns,season,2021,413,1,2.8077743581218284
incumbent,random_forest_full_columns,season,2022,422,1,2.6622627397511636
incumbent,random_forest_full_columns,season,2023,404,1,2.97787764637554
incumbent,random_forest_full_columns,season,2024,406,1,3.0080953423743257
incumbent,random_forest_full_columns,season,2025,416,1,2.772752548730457
incumbent,random_forest_full_columns,position,QB,306,8,4.096476972928783
incumbent,random_forest_full_columns,position,RB,1011,9,3.314992791318136
incumbent,random_forest_full_columns,position,TE,802,9,2.038007560951929
incumbent,random_forest_full_columns,position,WR,1503,9,2.711737138606649
incumbent,random_forest_full_columns,history_depth,other_no_history,23,7,2.1593334434996647
incumbent,random_forest_full_columns,history_depth,rookie,518,9,3.228465923984292
incumbent,random_forest_full_columns,history_depth,second_year,558,9,2.94011294741344
incumbent,random_forest_full_columns,history_depth,veteran_with_history,2523,9,2.836449163568967
incumbent,random_forest_full_columns,rank_availability,available,3577,9,2.9164800807864126
incumbent,random_forest_full_columns,rank_availability,unavailable,45,9,2.1242497473086326
incumbent,random_forest_full_columns,coverage_band,complete,1602,9,3.387656340675274
incumbent,random_forest_full_columns,coverage_band,partial_high,1634,9,2.5409814366453336
incumbent,random_forest_full_columns,coverage_band,partial_low,341,2,2.090677060453435
incumbent,random_forest_full_columns,coverage_band,unavailable,45,9,2.1242497473086326
incumbent,random_forest_full_columns,coverage_completeness,complete,1602,9,3.387656340675274
incumbent,random_forest_full_columns,coverage_completeness,incomplete_or_unavailable,2020,9,2.4619489979051674
incumbent,random_forest_full_columns,shallow_omission,no_omission,1602,9,3.387656340675274
incumbent,random_forest_full_columns,shallow_omission,omission,2020,9,2.4619489979051674
normalized_scoring_specific,controlled_equal_thirds,pooled,all,3622,9,2.883177044414924
normalized_scoring_specific,controlled_equal_thirds,recent,2023_2025,1226,3,2.8937993530369592
normalized_scoring_specific,controlled_equal_thirds,source_era,2017_2023,2800,7,2.890098825743467
normalized_scoring_specific,controlled_equal_thirds,source_era,2024_2025,822,2,2.859473460611814
normalized_scoring_specific,controlled_equal_thirds,season,2017,402,1,2.8683354863144612
normalized_scoring_specific,controlled_equal_thirds,season,2018,365,1,3.012958146013525
normalized_scoring_specific,controlled_equal_thirds,season,2019,385,1,2.905005403562798
normalized_scoring_specific,controlled_equal_thirds,season,2020,409,1,3.090072264172848
normalized_scoring_specific,controlled_equal_thirds,season,2021,413,1,2.791122930068834
normalized_scoring_specific,controlled_equal_thirds,season,2022,422,1,2.5984738192007972
normalized_scoring_specific,controlled_equal_thirds,season,2023,404,1,2.9624129902891605
normalized_scoring_specific,controlled_equal_thirds,season,2024,406,1,2.9734151120699925
normalized_scoring_specific,controlled_equal_thirds,season,2025,416,1,2.7437120279003735
normalized_scoring_specific,controlled_equal_thirds,position,QB,306,8,3.9881825782393276
normalized_scoring_specific,controlled_equal_thirds,position,RB,1011,9,3.2996018221285284
normalized_scoring_specific,controlled_equal_thirds,position,TE,802,9,1.9960903037180309
normalized_scoring_specific,controlled_equal_thirds,position,WR,1503,9,2.710090338127056
normalized_scoring_specific,controlled_equal_thirds,history_depth,other_no_history,23,7,2.1907085643440336
normalized_scoring_specific,controlled_equal_thirds,history_depth,rookie,518,9,3.233878778097736
normalized_scoring_specific,controlled_equal_thirds,history_depth,second_year,558,9,2.9292912446318136
normalized_scoring_specific,controlled_equal_thirds,history_depth,veteran_with_history,2523,9,2.8008949824294627
normalized_scoring_specific,controlled_equal_thirds,rank_availability,available,3577,9,2.892331530741449
normalized_scoring_specific,controlled_equal_thirds,rank_availability,unavailable,45,9,2.0273105580508672
normalized_scoring_specific,controlled_equal_thirds,coverage_band,complete,1602,9,3.358394362006879
normalized_scoring_specific,controlled_equal_thirds,coverage_band,partial_high,1634,9,2.520968441819477
normalized_scoring_specific,controlled_equal_thirds,coverage_band,partial_low,341,2,2.07660982499536
normalized_scoring_specific,controlled_equal_thirds,coverage_band,unavailable,45,9,2.0273105580508672
normalized_scoring_specific,controlled_equal_thirds,coverage_completeness,complete,1602,9,3.358394362006879
normalized_scoring_specific,controlled_equal_thirds,coverage_completeness,incomplete_or_unavailable,2020,9,2.4413899239271495
normalized_scoring_specific,controlled_equal_thirds,shallow_omission,no_omission,1602,9,3.358394362006879
normalized_scoring_specific,controlled_equal_thirds,shallow_omission,omission,2020,9,2.4413899239271495
normalized_scoring_specific,equal_thirds,pooled,all,3622,9,2.8821555958131704
normalized_scoring_specific,equal_thirds,recent,2023_2025,1226,3,2.89061837033809
normalized_scoring_specific,equal_thirds,source_era,2017_2023,2800,7,2.8903411013067313
normalized_scoring_specific,equal_thirds,source_era,2024_2025,822,2,2.854096921381147
normalized_scoring_specific,equal_thirds,season,2017,402,1,2.8736513872736795
normalized_scoring_specific,equal_thirds,season,2018,365,1,3.015416086776303
normalized_scoring_specific,equal_thirds,season,2019,385,1,2.9058942302723034
normalized_scoring_specific,equal_thirds,season,2020,409,1,3.0886861744643888
normalized_scoring_specific,equal_thirds,season,2021,413,1,2.7873692451269294
normalized_scoring_specific,equal_thirds,season,2022,422,1,2.595605174599456
normalized_scoring_specific,equal_thirds,season,2023,404,1,2.963537699631613
normalized_scoring_specific,equal_thirds,season,2024,406,1,2.970504951554774
normalized_scoring_specific,equal_thirds,season,2025,416,1,2.735715192502778
normalized_scoring_specific,equal_thirds,position,QB,306,8,3.9910788197759635
normalized_scoring_specific,equal_thirds,position,RB,1011,9,3.2943400353135877
normalized_scoring_specific,equal_thirds,position,TE,802,9,1.997002642788716
normalized_scoring_specific,equal_thirds,position,WR,1503,9,2.710551144960142
normalized_scoring_specific,equal_thirds,history_depth,other_no_history,23,7,2.2084862569109758
normalized_scoring_specific,equal_thirds,history_depth,rookie,518,9,3.2376490537676657
normalized_scoring_specific,equal_thirds,history_depth,second_year,558,9,2.928436682683609
normalized_scoring_specific,equal_thirds,history_depth,veteran_with_history,2523,9,2.7985609142114343
normalized_scoring_specific,equal_thirds,rank_availability,available,3577,9,2.8911344454791923
normalized_scoring_specific,equal_thirds,rank_availability,unavailable,45,9,2.046048712442593
normalized_scoring_specific,equal_thirds,coverage_band,complete,1602,9,3.354941076648439
normalized_scoring_specific,equal_thirds,coverage_band,partial_high,1634,9,2.521993323589357
normalized_scoring_specific,equal_thirds,coverage_band,partial_low,341,2,2.0793824782136454
normalized_scoring_specific,equal_thirds,coverage_band,unavailable,45,9,2.046048712442593
normalized_scoring_specific,equal_thirds,coverage_completeness,complete,1602,9,3.354941076648439
normalized_scoring_specific,equal_thirds,coverage_completeness,incomplete_or_unavailable,2020,9,2.4429922569247013
normalized_scoring_specific,equal_thirds,shallow_omission,no_omission,1602,9,3.354941076648439
normalized_scoring_specific,equal_thirds,shallow_omission,omission,2020,9,2.4429922569247013
normalized_scoring_specific,lasso,pooled,all,3622,9,2.9467231571037154
normalized_scoring_specific,lasso,recent,2023_2025,1226,3,2.956446809879876
normalized_scoring_specific,lasso,source_era,2017_2023,2800,7,2.9506469829537774
normalized_scoring_specific,lasso,source_era,2024_2025,822,2,2.93331793657115
normalized_scoring_specific,lasso,season,2017,402,1,2.942835795485085
normalized_scoring_specific,lasso,season,2018,365,1,3.109275485482208
normalized_scoring_specific,lasso,season,2019,385,1,3.0330649464121486
normalized_scoring_specific,lasso,season,2020,409,1,3.125720214826639
normalized_scoring_specific,lasso,season,2021,413,1,2.844468491802339
normalized_scoring_specific,lasso,season,2022,422,1,2.596501685887027
normalized_scoring_specific,lasso,season,2023,404,1,3.0029561444538486
normalized_scoring_specific,lasso,season,2024,406,1,2.992986103057155
normalized_scoring_specific,lasso,season,2025,416,1,2.873889820797355
normalized_scoring_specific,lasso,position,QB,306,8,4.161742453799963
normalized_scoring_specific,lasso,position,RB,1011,9,3.3458913427677093
normalized_scoring_specific,lasso,position,TE,802,9,2.0415680197654202
normalized_scoring_specific,lasso,position,WR,1503,9,2.7648646223351028
normalized_scoring_specific,lasso,history_depth,other_no_history,23,7,2.2104457579844143
normalized_scoring_specific,lasso,history_depth,rookie,518,9,3.3160069237203995
normalized_scoring_specific,lasso,history_depth,second_year,558,9,2.9751772519361466
normalized_scoring_specific,lasso,history_depth,veteran_with_history,2523,9,2.864558835188212
normalized_scoring_specific,lasso,rank_availability,available,3577,9,2.9574612153769024
normalized_scoring_specific,lasso,rank_availability,unavailable,45,9,1.908827774674435
normalized_scoring_specific,lasso,coverage_band,complete,1602,9,3.3898406286924274
normalized_scoring_specific,lasso,coverage_band,partial_high,1634,9,2.6042689112000716
normalized_scoring_specific,lasso,coverage_band,partial_low,341,2,2.294804968488118
normalized_scoring_specific,lasso,coverage_band,unavailable,45,9,1.908827774674435
normalized_scoring_specific,lasso,coverage_completeness,complete,1602,9,3.3898406286924274
normalized_scoring_specific,lasso,coverage_completeness,incomplete_or_unavailable,2020,9,2.54093761393251
normalized_scoring_specific,lasso,shallow_omission,no_omission,1602,9,3.3898406286924274
normalized_scoring_specific,lasso,shallow_omission,omission,2020,9,2.54093761393251
normalized_scoring_specific,lightgbm,pooled,all,3622,9,2.907267947948564
normalized_scoring_specific,lightgbm,recent,2023_2025,1226,3,2.9089753785365193
normalized_scoring_specific,lightgbm,source_era,2017_2023,2800,7,2.9161273290012346
normalized_scoring_specific,lightgbm,source_era,2024_2025,822,2,2.876885268134628
normalized_scoring_specific,lightgbm,season,2017,402,1,2.9158890373613477
normalized_scoring_specific,lightgbm,season,2018,365,1,3.0423399364698542
normalized_scoring_specific,lightgbm,season,2019,385,1,2.9420419716219586
normalized_scoring_specific,lightgbm,season,2020,409,1,3.0954985984437036
normalized_scoring_specific,lightgbm,season,2021,413,1,2.8067697627841586
normalized_scoring_specific,lightgbm,season,2022,422,1,2.6385204904774375
normalized_scoring_specific,lightgbm,season,2023,404,1,2.9731985533776415
normalized_scoring_specific,lightgbm,season,2024,406,1,3.0033399449082876
normalized_scoring_specific,lightgbm,season,2025,416,1,2.7478648864406297
normalized_scoring_specific,lightgbm,position,QB,306,8,4.031474810928473
normalized_scoring_specific,lightgbm,position,RB,1011,9,3.3116422907659624
normalized_scoring_specific,lightgbm,position,TE,802,9,2.041541386108924
normalized_scoring_specific,lightgbm,position,WR,1503,9,2.7310442483261332
normalized_scoring_specific,lightgbm,history_depth,other_no_history,23,7,2.283660578773416
normalized_scoring_specific,lightgbm,history_depth,rookie,518,9,3.2314892039409666
normalized_scoring_specific,lightgbm,history_depth,second_year,558,9,2.95980877585365
normalized_scoring_specific,lightgbm,history_depth,veteran_with_history,2523,9,2.82929428773952
normalized_scoring_specific,lightgbm,rank_availability,available,3577,9,2.914960069336284
normalized_scoring_specific,lightgbm,rank_availability,unavailable,45,9,2.2118486397797508
normalized_scoring_specific,lightgbm,coverage_band,complete,1602,9,3.3697454255807786
normalized_scoring_specific,lightgbm,coverage_band,partial_high,1634,9,2.556933899909256
normalized_scoring_specific,lightgbm,coverage_band,partial_low,341,2,2.1111277969376823
normalized_scoring_specific,lightgbm,coverage_band,unavailable,45,9,2.2118486397797508
normalized_scoring_specific,lightgbm,coverage_completeness,complete,1602,9,3.3697454255807786
normalized_scoring_specific,lightgbm,coverage_completeness,incomplete_or_unavailable,2020,9,2.4799082072252663
normalized_scoring_specific,lightgbm,shallow_omission,no_omission,1602,9,3.3697454255807786
normalized_scoring_specific,lightgbm,shallow_omission,omission,2020,9,2.4799082072252663
normalized_scoring_specific,random_forest,pooled,all,3622,9,2.895251447947
normalized_scoring_specific,random_forest,recent,2023_2025,1226,3,2.9022009360374272
normalized_scoring_specific,random_forest,source_era,2017_2023,2800,7,2.9035879884841878
normalized_scoring_specific,random_forest,source_era,2024_2025,822,2,2.8666725393654597
normalized_scoring_specific,random_forest,season,2017,402,1,2.874632092976923
normalized_scoring_specific,random_forest,season,2018,365,1,3.015408888260712
normalized_scoring_specific,random_forest,season,2019,385,1,2.935368227399695
normalized_scoring_specific,random_forest,season,2020,409,1,3.099817792029066
normalized_scoring_specific,random_forest,season,2021,413,1,2.7840350154528113
normalized_scoring_specific,random_forest,season,2022,422,1,2.642089304045792
normalized_scoring_specific,random_forest,season,2023,404,1,2.973178510794723
normalized_scoring_specific,random_forest,season,2024,406,1,2.9909522560432373
normalized_scoring_specific,random_forest,season,2025,416,1,2.7399502024956703
normalized_scoring_specific,random_forest,position,QB,306,8,4.010857708002068
normalized_scoring_specific,random_forest,position,RB,1011,9,3.296977135521292
normalized_scoring_specific,random_forest,position,TE,802,9,2.0545807293758953
normalized_scoring_specific,random_forest,position,WR,1503,9,2.7131204816917647
normalized_scoring_specific,random_forest,history_depth,other_no_history,23,7,2.20723382242976
normalized_scoring_specific,random_forest,history_depth,rookie,518,9,3.2297338428069433
normalized_scoring_specific,random_forest,history_depth,second_year,558,9,2.9377171575186094
normalized_scoring_specific,random_forest,history_depth,veteran_with_history,2523,9,2.81763735539486
normalized_scoring_specific,random_forest,rank_availability,available,3577,9,2.903100773876573
normalized_scoring_specific,random_forest,rank_availability,unavailable,45,9,2.18281715022462
normalized_scoring_specific,random_forest,coverage_band,complete,1602,9,3.366320662026171
normalized_scoring_specific,random_forest,coverage_band,partial_high,1634,9,2.5370014861283954
normalized_scoring_specific,random_forest,coverage_band,partial_low,341,2,2.0803843903354586
normalized_scoring_specific,random_forest,coverage_band,unavailable,45,9,2.18281715022462
normalized_scoring_specific,random_forest,coverage_completeness,complete,1602,9,3.366320662026171
normalized_scoring_specific,random_forest,coverage_completeness,incomplete_or_unavailable,2020,9,2.458295521605024
normalized_scoring_specific,random_forest,shallow_omission,no_omission,1602,9,3.366320662026171
normalized_scoring_specific,random_forest,shallow_omission,omission,2020,9,2.458295521605024
normalized_scoring_specific,random_forest_full_columns,pooled,all,3622,9,2.9068711156545555
normalized_scoring_specific,random_forest_full_columns,recent,2023_2025,1226,3,2.9199344773053233
normalized_scoring_specific,random_forest_full_columns,source_era,2017_2023,2800,7,2.9109266492891854
normalized_scoring_specific,random_forest_full_columns,source_era,2024_2025,822,2,2.8930139805211432
normalized_scoring_specific,random_forest_full_columns,season,2017,402,1,2.8823835309912766
normalized_scoring_specific,random_forest_full_columns,season,2018,365,1,3.0051437784149546
normalized_scoring_specific,random_forest_full_columns,season,2019,385,1,2.927783605699485
normalized_scoring_specific,random_forest_full_columns,season,2020,409,1,3.111833630017796
normalized_scoring_specific,random_forest_full_columns,season,2021,413,1,2.8125685369654865
normalized_scoring_specific,random_forest_full_columns,season,2022,422,1,2.661244550199978
normalized_scoring_specific,random_forest_full_columns,season,2023,404,1,2.973956137045205
normalized_scoring_specific,random_forest_full_columns,season,2024,406,1,3.0106046135051563
normalized_scoring_specific,random_forest_full_columns,season,2025,416,1,2.773446842911182
normalized_scoring_specific,random_forest_full_columns,position,QB,306,8,4.0816665280652575
normalized_scoring_specific,random_forest_full_columns,position,RB,1011,9,3.3159236986906255
normalized_scoring_specific,random_forest_full_columns,position,TE,802,9,2.0386053860054676
normalized_scoring_specific,random_forest_full_columns,position,WR,1503,9,2.71246058476869
normalized_scoring_specific,random_forest_full_columns,history_depth,other_no_history,23,7,2.1627209875629885
normalized_scoring_specific,random_forest_full_columns,history_depth,rookie,518,9,3.224940332947011
normalized_scoring_specific,random_forest_full_columns,history_depth,second_year,558,9,2.941592793962751
normalized_scoring_specific,random_forest_full_columns,history_depth,veteran_with_history,2523,9,2.8353046246551674
normalized_scoring_specific,random_forest_full_columns,rank_availability,available,3577,9,2.91539296130547
normalized_scoring_specific,random_forest_full_columns,rank_availability,unavailable,45,9,2.1227209732891823
normalized_scoring_specific,random_forest_full_columns,coverage_band,complete,1602,9,3.385330851124683
normalized_scoring_specific,random_forest_full_columns,coverage_band,partial_high,1634,9,2.5405004478915596
normalized_scoring_specific,random_forest_full_columns,coverage_band,partial_low,341,2,2.095264445220228
normalized_scoring_specific,random_forest_full_columns,coverage_band,unavailable,45,9,2.1227209732891823
normalized_scoring_specific,random_forest_full_columns,coverage_completeness,complete,1602,9,3.385330851124683
normalized_scoring_specific,random_forest_full_columns,coverage_completeness,incomplete_or_unavailable,2020,9,2.4621764266938637
normalized_scoring_specific,random_forest_full_columns,shallow_omission,no_omission,1602,9,3.385330851124683
normalized_scoring_specific,random_forest_full_columns,shallow_omission,omission,2020,9,2.4621764266938637
raw_available_median,controlled_equal_thirds,pooled,all,3622,9,2.8843887526488183
raw_available_median,controlled_equal_thirds,recent,2023_2025,1226,3,2.8961320297052877
raw_available_median,controlled_equal_thirds,source_era,2017_2023,2800,7,2.8915115486608194
raw_available_median,controlled_equal_thirds,source_era,2024_2025,822,2,2.859993062417631
raw_available_median,controlled_equal_thirds,season,2017,402,1,2.871284218995287
raw_available_median,controlled_equal_thirds,season,2018,365,1,3.0120718296700977
raw_available_median,controlled_equal_thirds,season,2019,385,1,2.9044907231865933
raw_available_median,controlled_equal_thirds,season,2020,409,1,3.094717612593573
raw_available_median,controlled_equal_thirds,season,2021,413,1,2.7902974741235567
raw_available_median,controlled_equal_thirds,season,2022,422,1,2.5962855669250966
raw_available_median,controlled_equal_thirds,season,2023,404,1,2.968304262469064
raw_available_median,controlled_equal_thirds,season,2024,406,1,2.975359758124988
raw_available_median,controlled_equal_thirds,season,2025,416,1,2.7427245150316035
raw_available_median,controlled_equal_thirds,position,QB,306,8,3.992900718775772
raw_available_median,controlled_equal_thirds,position,RB,1011,9,3.2987048035513378
raw_available_median,controlled_equal_thirds,position,TE,802,9,1.9964669936298118
raw_available_median,controlled_equal_thirds,position,WR,1503,9,2.712368605099863
raw_available_median,controlled_equal_thirds,history_depth,other_no_history,23,7,2.1899951572964147
raw_available_median,controlled_equal_thirds,history_depth,rookie,518,9,3.2323145637726975
raw_available_median,controlled_equal_thirds,history_depth,second_year,558,9,2.9302065461631916
raw_available_median,controlled_equal_thirds,history_depth,veteran_with_history,2523,9,2.8028493451165075
raw_available_median,controlled_equal_thirds,rank_availability,available,3577,9,2.893602316977068
raw_available_median,controlled_equal_thirds,rank_availability,unavailable,45,9,2.021889349069935
raw_available_median,controlled_equal_thirds,coverage_band,complete,1602,9,3.359831677480488
raw_available_median,controlled_equal_thirds,coverage_band,partial_high,1634,9,2.5210291394365143
raw_available_median,controlled_equal_thirds,coverage_band,partial_low,341,2,2.0838918540746896
raw_available_median,controlled_equal_thirds,coverage_band,unavailable,45,9,2.021889349069935
raw_available_median,controlled_equal_thirds,coverage_completeness,complete,1602,9,3.359831677480488
raw_available_median,controlled_equal_thirds,coverage_completeness,incomplete_or_unavailable,2020,9,2.4423877196992345
raw_available_median,controlled_equal_thirds,shallow_omission,no_omission,1602,9,3.359831677480488
raw_available_median,controlled_equal_thirds,shallow_omission,omission,2020,9,2.4423877196992345
raw_available_median,equal_thirds,pooled,all,3622,9,2.882718055916258
raw_available_median,equal_thirds,recent,2023_2025,1226,3,2.893892011075932
raw_available_median,equal_thirds,source_era,2017_2023,2800,7,2.890475414535235
raw_available_median,equal_thirds,source_era,2024_2025,822,2,2.8561358495234015
raw_available_median,equal_thirds,season,2017,402,1,2.8726257050946553
raw_available_median,equal_thirds,season,2018,365,1,3.012058460105127
raw_available_median,equal_thirds,season,2019,385,1,2.901539996438616
raw_available_median,equal_thirds,season,2020,409,1,3.095840212426572
raw_available_median,equal_thirds,season,2021,413,1,2.786066756919742
raw_available_median,equal_thirds,season,2022,422,1,2.5923722991734026
raw_available_median,equal_thirds,season,2023,404,1,2.9692309047042738
raw_available_median,equal_thirds,season,2024,406,1,2.974073093382068
raw_available_median,equal_thirds,season,2025,416,1,2.7361363331832247
raw_available_median,equal_thirds,position,QB,306,8,3.9946286654703176
raw_available_median,equal_thirds,position,RB,1011,9,3.291681119962553
raw_available_median,equal_thirds,position,TE,802,9,1.9959868713858533
raw_available_median,equal_thirds,position,WR,1503,9,2.713498402444455
raw_available_median,equal_thirds,history_depth,other_no_history,23,7,2.204702793890196
raw_available_median,equal_thirds,history_depth,rookie,518,9,3.235250947376212
raw_available_median,equal_thirds,history_depth,second_year,558,9,2.9302382784870455
raw_available_median,equal_thirds,history_depth,veteran_with_history,2523,9,2.7995719175029654
raw_available_median,equal_thirds,rank_availability,available,3577,9,2.891674565217421
raw_available_median,equal_thirds,rank_availability,unavailable,45,9,2.0491522983511716
raw_available_median,equal_thirds,coverage_band,complete,1602,9,3.3555397703298735
raw_available_median,equal_thirds,coverage_band,partial_high,1634,9,2.5210769195061844
raw_available_median,equal_thirds,coverage_band,partial_low,341,2,2.0880292924885753
raw_available_median,equal_thirds,coverage_band,unavailable,45,9,2.0491522983511716
raw_available_median,equal_thirds,coverage_completeness,complete,1602,9,3.3555397703298735
raw_available_median,equal_thirds,coverage_completeness,incomplete_or_unavailable,2020,9,2.4435300369226067
raw_available_median,equal_thirds,shallow_omission,no_omission,1602,9,3.3555397703298735
raw_available_median,equal_thirds,shallow_omission,omission,2020,9,2.4435300369226067
raw_available_median,lasso,pooled,all,3622,9,2.947891681539258
raw_available_median,lasso,recent,2023_2025,1226,3,2.956518574794605
raw_available_median,lasso,source_era,2017_2023,2800,7,2.952634515705082
raw_available_median,lasso,source_era,2024_2025,822,2,2.9316784598620393
raw_available_median,lasso,season,2017,402,1,2.94283579483163
raw_available_median,lasso,season,2018,365,1,3.1092754424129256
raw_available_median,lasso,season,2019,385,1,3.0320578420221187
raw_available_median,lasso,season,2020,409,1,3.12814420944028
raw_available_median,lasso,season,2021,413,1,2.846926659524479
raw_available_median,lasso,season,2022,422,1,2.603247205234204
raw_available_median,lasso,season,2023,404,1,3.006426051327102
raw_available_median,lasso,season,2024,406,1,3.0000034434052334
raw_available_median,lasso,season,2025,416,1,2.8634243277951152
raw_available_median,lasso,position,QB,306,8,4.156533782141716
raw_available_median,lasso,position,RB,1011,9,3.346207011427161
raw_available_median,lasso,position,TE,802,9,2.0413606485313767
raw_available_median,lasso,position,WR,1503,9,2.76928281787472
raw_available_median,lasso,history_depth,other_no_history,23,7,2.2105677519818943
raw_available_median,lasso,history_depth,rookie,518,9,3.321389923149051
raw_available_median,lasso,history_depth,second_year,558,9,2.9748393311574217
raw_available_median,lasso,history_depth,veteran_with_history,2523,9,2.8650811274369445
raw_available_median,lasso,rank_availability,available,3577,9,2.9589005314506878
raw_available_median,lasso,rank_availability,unavailable,45,9,1.8764706947321166
raw_available_median,lasso,coverage_band,complete,1602,9,3.3961240844619067
raw_available_median,lasso,coverage_band,partial_high,1634,9,2.605088052966014
raw_available_median,lasso,coverage_band,partial_low,341,2,2.265985566983304
raw_available_median,lasso,coverage_band,unavailable,45,9,1.8764706947321166
raw_available_median,lasso,coverage_completeness,complete,1602,9,3.3961240844619067
raw_available_median,lasso,coverage_completeness,incomplete_or_unavailable,2020,9,2.5367102110003104
raw_available_median,lasso,shallow_omission,no_omission,1602,9,3.3961240844619067
raw_available_median,lasso,shallow_omission,omission,2020,9,2.5367102110003104
raw_available_median,lightgbm,pooled,all,3622,9,2.906657560760505
raw_available_median,lightgbm,recent,2023_2025,1226,3,2.9088515655489036
raw_available_median,lightgbm,source_era,2017_2023,2800,7,2.9170542050294723
raw_available_median,lightgbm,source_era,2024_2025,822,2,2.870960666794605
raw_available_median,lightgbm,season,2017,402,1,2.916746142255277
raw_available_median,lightgbm,season,2018,365,1,3.039361163488882
raw_available_median,lightgbm,season,2019,385,1,2.9405508893057197
raw_available_median,lightgbm,season,2020,409,1,3.1008001300426677
raw_available_median,lightgbm,season,2021,413,1,2.809023119510827
raw_available_median,lightgbm,season,2022,422,1,2.6283285879271703
raw_available_median,lightgbm,season,2023,404,1,2.984461622897878
raw_available_median,lightgbm,season,2024,406,1,2.995305485563937
raw_available_median,lightgbm,season,2025,416,1,2.7441774649844795
raw_available_median,lightgbm,position,QB,306,8,4.031837507939354
raw_available_median,lightgbm,position,RB,1011,9,3.3086969030807114
raw_available_median,lightgbm,position,TE,802,9,2.0413024626884706
raw_available_median,lightgbm,position,WR,1503,9,2.7318660771527847
raw_available_median,lightgbm,history_depth,other_no_history,23,7,2.282983798470232
raw_available_median,lightgbm,history_depth,rookie,518,9,3.21829559209372
raw_available_median,lightgbm,history_depth,second_year,558,9,2.9555299558032107
raw_available_median,lightgbm,history_depth,veteran_with_history,2523,9,2.8324739676534247
raw_available_median,lightgbm,rank_availability,available,3577,9,2.9142599472599793
raw_available_median,lightgbm,rank_availability,unavailable,45,9,2.2205961209006873
raw_available_median,lightgbm,coverage_band,complete,1602,9,3.369758735326929
raw_available_median,lightgbm,coverage_band,partial_high,1634,9,2.555333677817705
raw_available_median,lightgbm,coverage_band,partial_low,341,2,2.1101728140708462
raw_available_median,lightgbm,coverage_band,unavailable,45,9,2.2205961209006873
raw_available_median,lightgbm,coverage_completeness,complete,1602,9,3.369758735326929
raw_available_median,lightgbm,coverage_completeness,incomplete_or_unavailable,2020,9,2.4786105846203466
raw_available_median,lightgbm,shallow_omission,no_omission,1602,9,3.369758735326929
raw_available_median,lightgbm,shallow_omission,omission,2020,9,2.4786105846203466
raw_available_median,random_forest,pooled,all,3622,9,2.8941076043012983
raw_available_median,random_forest,recent,2023_2025,1226,3,2.905642224790239
raw_available_median,random_forest,source_era,2017_2023,2800,7,2.9008939456357123
raw_available_median,random_forest,source_era,2024_2025,822,2,2.870870725608048
raw_available_median,random_forest,season,2017,402,1,2.870592185096157
raw_available_median,random_forest,season,2018,365,1,3.0080008179611117
raw_available_median,random_forest,season,2019,385,1,2.9201274230906455
raw_available_median,random_forest,season,2020,409,1,3.1148272999666715
raw_available_median,random_forest,season,2021,413,1,2.7763984062765936
raw_available_median,random_forest,season,2022,422,1,2.6379932647049293
raw_available_median,random_forest,season,2023,404,1,2.975135828062173
raw_available_median,random_forest,season,2024,406,1,2.9954138940752544
raw_available_median,random_forest,season,2025,416,1,2.743876033255453
raw_available_median,random_forest,position,QB,306,8,4.017830353356235
raw_available_median,random_forest,position,RB,1011,9,3.2925706176399787
raw_available_median,random_forest,position,TE,802,9,2.0458857614612023
raw_available_median,random_forest,position,WR,1503,9,2.715183893468467
raw_available_median,random_forest,history_depth,other_no_history,23,7,2.192682743621914
raw_available_median,random_forest,history_depth,rookie,518,9,3.231189721427392
raw_available_median,random_forest,history_depth,second_year,558,9,2.945682817325454
raw_available_median,random_forest,history_depth,veteran_with_history,2523,9,2.813869413446041
raw_available_median,random_forest,rank_availability,available,3577,9,2.901546829637469
raw_available_median,random_forest,rank_availability,unavailable,45,9,2.2245631319661303
raw_available_median,random_forest,coverage_band,complete,1602,9,3.366119424149876
raw_available_median,random_forest,coverage_band,partial_high,1634,9,2.5317594920000417
raw_available_median,random_forest,coverage_band,partial_low,341,2,2.089752487419947
raw_available_median,random_forest,coverage_band,unavailable,45,9,2.2245631319661303
raw_available_median,random_forest,coverage_completeness,complete,1602,9,3.366119424149876
raw_available_median,random_forest,coverage_completeness,incomplete_or_unavailable,2020,9,2.4560980062530455
raw_available_median,random_forest,shallow_omission,no_omission,1602,9,3.366119424149876
raw_available_median,random_forest,shallow_omission,omission,2020,9,2.4560980062530455
raw_available_median,random_forest_full_columns,pooled,all,3622,9,2.906203895870692
raw_available_median,random_forest_full_columns,recent,2023_2025,1226,3,2.917566294053236
raw_available_median,random_forest_full_columns,source_era,2017_2023,2800,7,2.911573101348586
raw_available_median,random_forest_full_columns,source_era,2024_2025,822,2,2.8878397155386546
raw_available_median,random_forest_full_columns,season,2017,402,1,2.890454813705932
raw_available_median,random_forest_full_columns,season,2018,365,1,3.0055964339196977
raw_available_median,random_forest_full_columns,season,2019,385,1,2.9267798644348053
raw_available_median,random_forest_full_columns,season,2020,409,1,3.117794885909326
raw_available_median,random_forest_full_columns,season,2021,413,1,2.8023747814407316
raw_available_median,random_forest_full_columns,season,2022,422,1,2.658522424979595
raw_available_median,random_forest_full_columns,season,2023,404,1,2.977133371575373
raw_available_median,random_forest_full_columns,season,2024,406,1,3.004101277387702
raw_available_median,random_forest_full_columns,season,2025,416,1,2.7696711821385707
raw_available_median,random_forest_full_columns,position,QB,306,8,4.079443763246821
raw_available_median,random_forest_full_columns,position,RB,1011,9,3.3162047687583085
raw_available_median,random_forest_full_columns,position,TE,802,9,2.0353608773845617
raw_available_median,random_forest_full_columns,position,WR,1503,9,2.7124874288930645
raw_available_median,random_forest_full_columns,history_depth,other_no_history,23,7,2.154321799052021
raw_available_median,random_forest_full_columns,history_depth,rookie,518,9,3.22618105380512
raw_available_median,random_forest_full_columns,history_depth,second_year,558,9,2.9456768412584737
raw_available_median,random_forest_full_columns,history_depth,veteran_with_history,2523,9,2.8331526226453105
raw_available_median,random_forest_full_columns,rank_availability,available,3577,9,2.9145933343264976
raw_available_median,random_forest_full_columns,rank_availability,unavailable,45,9,2.1364275498258443
raw_available_median,random_forest_full_columns,coverage_band,complete,1602,9,3.3858102080015637
raw_available_median,random_forest_full_columns,coverage_band,partial_high,1634,9,2.5386563361526906
raw_available_median,random_forest_full_columns,coverage_band,partial_low,341,2,2.0906615641766546
raw_available_median,random_forest_full_columns,coverage_band,unavailable,45,9,2.1364275498258443
raw_available_median,random_forest_full_columns,coverage_completeness,complete,1602,9,3.3858102080015637
raw_available_median,random_forest_full_columns,coverage_completeness,incomplete_or_unavailable,2020,9,2.4602406429329666
raw_available_median,random_forest_full_columns,shallow_omission,no_omission,1602,9,3.3858102080015637
raw_available_median,random_forest_full_columns,shallow_omission,omission,2020,9,2.4602406429329666
raw_log,controlled_equal_thirds,pooled,all,3622,9,2.8831527013519724
raw_log,controlled_equal_thirds,recent,2023_2025,1226,3,2.8947754680055104
raw_log,controlled_equal_thirds,source_era,2017_2023,2800,7,2.8901258013776285
raw_log,controlled_equal_thirds,source_era,2024_2025,822,2,2.859272429000235
raw_log,controlled_equal_thirds,season,2017,402,1,2.871340388277577
raw_log,controlled_equal_thirds,season,2018,365,1,3.0121550380270294
raw_log,controlled_equal_thirds,season,2019,385,1,2.903950160244126
raw_log,controlled_equal_thirds,season,2020,409,1,3.0948754754997254
raw_log,controlled_equal_thirds,season,2021,413,1,2.788231580787591
raw_log,controlled_equal_thirds,season,2022,422,1,2.591291045408376
raw_log,controlled_equal_thirds,season,2023,404,1,2.9657000199475947
raw_log,controlled_equal_thirds,season,2024,406,1,2.973957694204887
raw_log,controlled_equal_thirds,season,2025,416,1,2.7427239494383846
raw_log,controlled_equal_thirds,position,QB,306,8,3.991669245409859
raw_log,controlled_equal_thirds,position,RB,1011,9,3.2978796850098506
raw_log,controlled_equal_thirds,position,TE,802,9,1.9945145437512843
raw_log,controlled_equal_thirds,position,WR,1503,9,2.7110117548729664
raw_log,controlled_equal_thirds,history_depth,other_no_history,23,7,2.186101848485753
raw_log,controlled_equal_thirds,history_depth,rookie,518,9,3.231809707932775
raw_log,controlled_equal_thirds,history_depth,second_year,558,9,2.927791695559316
raw_log,controlled_equal_thirds,history_depth,veteran_with_history,2523,9,2.8017287752563504
raw_log,controlled_equal_thirds,rank_availability,available,3577,9,2.892211822142497
raw_log,controlled_equal_thirds,rank_availability,unavailable,45,9,2.0380708294343672
raw_log,controlled_equal_thirds,coverage_band,complete,1602,9,3.3590738008061454
raw_log,controlled_equal_thirds,coverage_band,partial_high,1634,9,2.5186151701089443
raw_log,controlled_equal_thirds,coverage_band,partial_low,341,2,2.0833700995965225
raw_log,controlled_equal_thirds,coverage_band,unavailable,45,9,2.0380708294343672
raw_log,controlled_equal_thirds,coverage_completeness,complete,1602,9,3.3590738008061454
raw_log,controlled_equal_thirds,coverage_completeness,incomplete_or_unavailable,2020,9,2.4405969378244183
raw_log,controlled_equal_thirds,shallow_omission,no_omission,1602,9,3.3590738008061454
raw_log,controlled_equal_thirds,shallow_omission,omission,2020,9,2.4405969378244183
raw_log,equal_thirds,pooled,all,3622,9,2.8815505951279237
raw_log,equal_thirds,recent,2023_2025,1226,3,2.8927571222545243
raw_log,equal_thirds,source_era,2017_2023,2800,7,2.8890867414135366
raw_log,equal_thirds,source_era,2024_2025,822,2,2.8557307777783127
raw_log,equal_thirds,season,2017,402,1,2.8727560046390908
raw_log,equal_thirds,season,2018,365,1,3.0121120871367246
raw_log,equal_thirds,season,2019,385,1,2.90101827641481
raw_log,equal_thirds,season,2020,409,1,3.0958509320469325
raw_log,equal_thirds,season,2021,413,1,2.7841190521366292
raw_log,equal_thirds,season,2022,422,1,2.5872836288970023
raw_log,equal_thirds,season,2023,404,1,2.9666665786173345
raw_log,equal_thirds,season,2024,406,1,2.972937703616228
raw_log,equal_thirds,season,2025,416,1,2.7365050856267046
raw_log,equal_thirds,position,QB,306,8,3.9934457309606257
raw_log,equal_thirds,position,RB,1011,9,3.2909361366639494
raw_log,equal_thirds,position,TE,802,9,1.9941413198379891
raw_log,equal_thirds,position,WR,1503,9,2.7121962092507093
raw_log,equal_thirds,history_depth,other_no_history,23,7,2.2009247382545594
raw_log,equal_thirds,history_depth,rookie,518,9,3.234789445527025
raw_log,equal_thirds,history_depth,second_year,558,9,2.927745345662934
raw_log,equal_thirds,history_depth,veteran_with_history,2523,9,2.798559736723507
raw_log,equal_thirds,rank_availability,available,3577,9,2.8903485306530827
raw_log,equal_thirds,rank_availability,unavailable,45,9,2.065629384044617
raw_log,equal_thirds,coverage_band,complete,1602,9,3.35483751776262
raw_log,equal_thirds,coverage_band,partial_high,1634,9,2.5186471171464553
raw_log,equal_thirds,coverage_band,partial_low,341,2,2.0881226824005155
raw_log,equal_thirds,coverage_band,unavailable,45,9,2.065629384044617
raw_log,equal_thirds,coverage_completeness,complete,1602,9,3.35483751776262
raw_log,equal_thirds,coverage_completeness,incomplete_or_unavailable,2020,9,2.4418250800997416
raw_log,equal_thirds,shallow_omission,no_omission,1602,9,3.35483751776262
raw_log,equal_thirds,shallow_omission,omission,2020,9,2.4418250800997416
raw_log,lasso,pooled,all,3622,9,2.9419876866662755
raw_log,lasso,recent,2023_2025,1226,3,2.944982776003352
raw_log,lasso,source_era,2017_2023,2800,7,2.9490718886427887
raw_log,lasso,source_era,2024_2025,822,2,2.91772750462001
raw_log,lasso,season,2017,402,1,2.9428357926217332
raw_log,lasso,season,2018,365,1,3.1092754424129256
raw_log,lasso,season,2019,385,1,3.032009021378776
raw_log,lasso,season,2020,409,1,3.1287508921105736
raw_log,lasso,season,2021,413,1,2.8415756822496236
raw_log,lasso,season,2022,422,1,2.5889376391350902
raw_log,lasso,season,2023,404,1,2.999673372108853
raw_log,lasso,season,2024,406,1,2.9947113489596218
raw_log,lasso,season,2025,416,1,2.840583200616173
raw_log,lasso,position,QB,306,8,4.1534204842453475
raw_log,lasso,position,RB,1011,9,3.341062187871885
raw_log,lasso,position,TE,802,9,2.032928193980229
raw_log,lasso,position,WR,1503,9,2.7625839377684263
raw_log,lasso,history_depth,other_no_history,23,7,2.199781297998009
raw_log,lasso,history_depth,rookie,518,9,3.3183136467630456
raw_log,lasso,history_depth,second_year,558,9,2.965171942207096
raw_log,lasso,history_depth,veteran_with_history,2523,9,2.8593874143246585
raw_log,lasso,rank_availability,available,3577,9,2.952626181978759
raw_log,lasso,rank_availability,unavailable,45,9,1.915869900192301
raw_log,lasso,coverage_band,complete,1602,9,3.3914846380295374
raw_log,lasso,coverage_band,partial_high,1634,9,2.600952383488839
raw_log,lasso,coverage_band,partial_low,341,2,2.235336048460195
raw_log,lasso,coverage_band,unavailable,45,9,1.915869900192301
raw_log,lasso,coverage_completeness,complete,1602,9,3.3914846380295374
raw_log,lasso,coverage_completeness,incomplete_or_unavailable,2020,9,2.5293321597881477
raw_log,lasso,shallow_omission,no_omission,1602,9,3.3914846380295374
raw_log,lasso,shallow_omission,omission,2020,9,2.5293321597881477
raw_log,lightgbm,pooled,all,3622,9,2.906646832185353
raw_log,lightgbm,recent,2023_2025,1226,3,2.9088198936650853
raw_log,lightgbm,source_era,2017_2023,2800,7,2.9170542050294723
raw_log,lightgbm,source_era,2024_2025,822,2,2.8709128050944277
raw_log,lightgbm,season,2017,402,1,2.916746142255277
raw_log,lightgbm,season,2018,365,1,3.039361163488882
raw_log,lightgbm,season,2019,385,1,2.9405508893057197
raw_log,lightgbm,season,2020,409,1,3.1008001300426677
raw_log,lightgbm,season,2021,413,1,2.809023119510827
raw_log,lightgbm,season,2022,422,1,2.6283285879271703
raw_log,lightgbm,season,2023,404,1,2.984461622897878
raw_log,lightgbm,season,2024,406,1,2.995305485563937
raw_log,lightgbm,season,2025,416,1,2.7440785218038473
raw_log,lightgbm,position,QB,306,8,4.031837507939354
raw_log,lightgbm,position,RB,1011,9,3.3086969030807114
raw_log,lightgbm,position,TE,802,9,2.041233469030169
raw_log,lightgbm,position,WR,1503,9,2.7318660771527847
raw_log,lightgbm,history_depth,other_no_history,23,7,2.282983798470232
raw_log,lightgbm,history_depth,rookie,518,9,3.21829559209372
raw_log,lightgbm,history_depth,second_year,558,9,2.9555299558032107
raw_log,lightgbm,history_depth,veteran_with_history,2523,9,2.8324581623951905
raw_log,lightgbm,rank_availability,available,3577,9,2.9142491120547533
raw_log,lightgbm,rank_availability,unavailable,45,9,2.2205961209006873
raw_log,lightgbm,coverage_band,complete,1602,9,3.369758735326929
raw_log,lightgbm,coverage_band,partial_high,1634,9,2.555333677817705
raw_log,lightgbm,coverage_band,partial_low,341,2,2.110015840219798
raw_log,lightgbm,coverage_band,unavailable,45,9,2.2205961209006873
raw_log,lightgbm,coverage_completeness,complete,1602,9,3.369758735326929
raw_log,lightgbm,coverage_completeness,incomplete_or_unavailable,2020,9,2.4785880253074017
raw_log,lightgbm,shallow_omission,no_omission,1602,9,3.369758735326929
raw_log,lightgbm,shallow_omission,omission,2020,9,2.4785880253074017
raw_log,random_forest,pooled,all,3622,9,2.8940308514190622
raw_log,random_forest,recent,2023_2025,1226,3,2.9056481435671384
raw_log,random_forest,source_era,2017_2023,2800,7,2.900813060290603
raw_log,random_forest,source_era,2024_2025,822,2,2.8708081931921186
raw_log,random_forest,season,2017,402,1,2.8709651667328515
raw_log,random_forest,season,2018,365,1,3.0081551344836712
raw_log,random_forest,season,2019,385,1,2.920075759815724
raw_log,random_forest,season,2020,409,1,3.1150363842732096
raw_log,random_forest,season,2021,413,1,2.7760513730808207
raw_log,random_forest,season,2022,422,1,2.6368828445822143
raw_log,random_forest,season,2023,404,1,2.9752761382213464
raw_log,random_forest,season,2024,406,1,2.995216361634604
raw_log,random_forest,season,2025,416,1,2.7439572031302415
raw_log,random_forest,position,QB,306,8,4.017708992134718
raw_log,random_forest,position,RB,1011,9,3.292312809214843
raw_log,random_forest,position,TE,802,9,2.0458832603960495
raw_log,random_forest,position,WR,1503,9,2.7152345966998612
raw_log,random_forest,history_depth,other_no_history,23,7,2.192682743621914
raw_log,random_forest,history_depth,rookie,518,9,3.2311399772344678
raw_log,random_forest,history_depth,second_year,558,9,2.9449902149436578
raw_log,random_forest,history_depth,veteran_with_history,2523,9,2.8139281504377314
raw_log,random_forest,rank_availability,available,3577,9,2.901469310428631
raw_log,random_forest,rank_availability,unavailable,45,9,2.2245631319661303
raw_log,random_forest,coverage_band,complete,1602,9,3.3659430508003547
raw_log,random_forest,coverage_band,partial_high,1634,9,2.5318025572218303
raw_log,random_forest,coverage_band,partial_low,341,2,2.0897080956192737
raw_log,random_forest,coverage_band,unavailable,45,9,2.2245631319661303
raw_log,random_forest,coverage_completeness,complete,1602,9,3.3659430508003547
raw_log,random_forest,coverage_completeness,incomplete_or_unavailable,2020,9,2.4561275394187354
raw_log,random_forest,shallow_omission,no_omission,1602,9,3.3659430508003547
raw_log,random_forest,shallow_omission,omission,2020,9,2.4561275394187354
raw_log,random_forest_full_columns,pooled,all,3622,9,2.906198563378357
raw_log,random_forest_full_columns,recent,2023_2025,1226,3,2.917666078816612
raw_log,random_forest_full_columns,source_era,2017_2023,2800,7,2.9115394187604715
raw_log,random_forest_full_columns,source_era,2024_2025,822,2,2.8879317441104946
raw_log,random_forest_full_columns,season,2017,402,1,2.8906283827229324
raw_log,random_forest_full_columns,season,2018,365,1,3.0058681804081457
raw_log,random_forest_full_columns,season,2019,385,1,2.9266332409744455
raw_log,random_forest_full_columns,season,2020,409,1,3.1180849687007584
raw_log,random_forest_full_columns,season,2021,413,1,2.801903030302067
raw_log,random_forest_full_columns,season,2022,422,1,2.6580128453114242
raw_log,random_forest_full_columns,season,2023,404,1,2.9772484948371036
raw_log,random_forest_full_columns,season,2024,406,1,3.0040967877972755
raw_log,random_forest_full_columns,season,2025,416,1,2.769865534242646
raw_log,random_forest_full_columns,position,QB,306,8,4.079736103892414
raw_log,random_forest_full_columns,position,RB,1011,9,3.315931910692397
raw_log,random_forest_full_columns,position,TE,802,9,2.035404079715865
raw_log,random_forest_full_columns,position,WR,1503,9,2.7125912248358626
raw_log,random_forest_full_columns,history_depth,other_no_history,23,7,2.154321799052021
raw_log,random_forest_full_columns,history_depth,rookie,518,9,3.2262075812042528
raw_log,random_forest_full_columns,history_depth,second_year,558,9,2.945665017374945
raw_log,random_forest_full_columns,history_depth,veteran_with_history,2523,9,2.833141286901997
raw_log,random_forest_full_columns,rank_availability,available,3577,9,2.914587950291656
raw_log,random_forest_full_columns,rank_availability,unavailable,45,9,2.1364275498258443
raw_log,random_forest_full_columns,coverage_band,complete,1602,9,3.385784614596453
raw_log,random_forest_full_columns,coverage_band,partial_high,1634,9,2.5386746559428923
raw_log,random_forest_full_columns,coverage_band,partial_low,341,2,2.090670954975248
raw_log,random_forest_full_columns,coverage_band,unavailable,45,9,2.1364275498258443
raw_log,random_forest_full_columns,coverage_completeness,complete,1602,9,3.385784614596453
raw_log,random_forest_full_columns,coverage_completeness,incomplete_or_unavailable,2020,9,2.4602572814806005
raw_log,random_forest_full_columns,shallow_omission,no_omission,1602,9,3.385784614596453
raw_log,random_forest_full_columns,shallow_omission,omission,2020,9,2.4602572814806005
raw_percentile,controlled_equal_thirds,pooled,all,3622,9,2.88654184441274
raw_percentile,controlled_equal_thirds,recent,2023_2025,1226,3,2.8982444501971716
raw_percentile,controlled_equal_thirds,source_era,2017_2023,2800,7,2.8934016327686085
raw_percentile,controlled_equal_thirds,source_era,2024_2025,822,2,2.8630518254048014
raw_percentile,controlled_equal_thirds,season,2017,402,1,2.8812781525127686
raw_percentile,controlled_equal_thirds,season,2018,365,1,3.012854623479907
raw_percentile,controlled_equal_thirds,season,2019,385,1,2.905271979158986
raw_percentile,controlled_equal_thirds,season,2020,409,1,3.09612106704149
raw_percentile,controlled_equal_thirds,season,2021,413,1,2.790184106204301
raw_percentile,controlled_equal_thirds,season,2022,422,1,2.596342896765703
raw_percentile,controlled_equal_thirds,season,2023,404,1,2.9685614929696365
raw_percentile,controlled_equal_thirds,season,2024,406,1,2.9717661325366853
raw_percentile,controlled_equal_thirds,season,2025,416,1,2.7528141668573527
raw_percentile,controlled_equal_thirds,position,QB,306,8,3.999182872002527
raw_percentile,controlled_equal_thirds,position,RB,1011,9,3.2990001702399545
raw_percentile,controlled_equal_thirds,position,TE,802,9,1.999154160938052
raw_percentile,controlled_equal_thirds,position,WR,1503,9,2.714705270267768
raw_percentile,controlled_equal_thirds,history_depth,other_no_history,23,7,2.1989453202234253
raw_percentile,controlled_equal_thirds,history_depth,rookie,518,9,3.2373214515206863
raw_percentile,controlled_equal_thirds,history_depth,second_year,558,9,2.9293036662314633
raw_percentile,controlled_equal_thirds,history_depth,veteran_with_history,2523,9,2.8049890470003427
raw_percentile,controlled_equal_thirds,rank_availability,available,3577,9,2.8958136438992907
raw_percentile,controlled_equal_thirds,rank_availability,unavailable,45,9,2.0175476912063544
raw_percentile,controlled_equal_thirds,coverage_band,complete,1602,9,3.363371879603453
raw_percentile,controlled_equal_thirds,coverage_band,partial_high,1634,9,2.5216980794198385
raw_percentile,controlled_equal_thirds,coverage_band,partial_low,341,2,2.0854053980950398
raw_percentile,controlled_equal_thirds,coverage_band,unavailable,45,9,2.0175476912063544
raw_percentile,controlled_equal_thirds,coverage_completeness,complete,1602,9,3.363371879603453
raw_percentile,controlled_equal_thirds,coverage_completeness,incomplete_or_unavailable,2020,9,2.4430843284730557
raw_percentile,controlled_equal_thirds,shallow_omission,no_omission,1602,9,3.363371879603453
raw_percentile,controlled_equal_thirds,shallow_omission,omission,2020,9,2.4430843284730557
raw_percentile,equal_thirds,pooled,all,3622,9,2.884559037796318
raw_percentile,equal_thirds,recent,2023_2025,1226,3,2.893732092793835
raw_percentile,equal_thirds,source_era,2017_2023,2800,7,2.8931278701820693
raw_percentile,equal_thirds,source_era,2024_2025,822,2,2.8551778138483224
raw_percentile,equal_thirds,season,2017,402,1,2.8835737269708224
raw_percentile,equal_thirds,season,2018,365,1,3.012744596567429
raw_percentile,equal_thirds,season,2019,385,1,2.905202766127737
raw_percentile,equal_thirds,season,2020,409,1,3.0964552541624024
raw_percentile,equal_thirds,season,2021,413,1,2.785543980565297
raw_percentile,equal_thirds,season,2022,422,1,2.5942936661914833
raw_percentile,equal_thirds,season,2023,404,1,2.9706323143697855
raw_percentile,equal_thirds,season,2024,406,1,2.967897870085935
raw_percentile,equal_thirds,season,2025,416,1,2.7407008653725287
raw_percentile,equal_thirds,position,QB,306,8,4.000931735259877
raw_percentile,equal_thirds,position,RB,1011,9,3.2922662376096152
raw_percentile,equal_thirds,position,TE,802,9,1.9987473125086763
raw_percentile,equal_thirds,position,WR,1503,9,2.7147604292582823
raw_percentile,equal_thirds,history_depth,other_no_history,23,7,2.2151784137486303
raw_percentile,equal_thirds,history_depth,rookie,518,9,3.2395802730135004
raw_percentile,equal_thirds,history_depth,second_year,558,9,2.9285340681647547
raw_percentile,equal_thirds,history_depth,veteran_with_history,2523,9,2.8015845878986694
raw_percentile,equal_thirds,rank_availability,available,3577,9,2.8935949376589476
raw_percentile,equal_thirds,rank_availability,unavailable,45,9,2.042180382844217
raw_percentile,equal_thirds,coverage_band,complete,1602,9,3.3591276996837416
raw_percentile,equal_thirds,coverage_band,partial_high,1634,9,2.521514964863912
raw_percentile,equal_thirds,coverage_band,partial_low,341,2,2.0862980768369637
raw_percentile,equal_thirds,coverage_band,unavailable,45,9,2.042180382844217
raw_percentile,equal_thirds,coverage_completeness,complete,1602,9,3.3591276996837416
raw_percentile,equal_thirds,coverage_completeness,incomplete_or_unavailable,2020,9,2.4435159995986147
raw_percentile,equal_thirds,shallow_omission,no_omission,1602,9,3.3591276996837416
raw_percentile,equal_thirds,shallow_omission,omission,2020,9,2.4435159995986147
raw_percentile,lasso,pooled,all,3622,9,2.947891687191513
raw_percentile,lasso,recent,2023_2025,1226,3,2.9565185881691924
raw_percentile,lasso,source_era,2017_2023,2800,7,2.9526345208440405
raw_percentile,lasso,source_era,2024_2025,822,2,2.9316784672753586
raw_percentile,lasso,season,2017,402,1,2.9428357974431782
raw_percentile,lasso,season,2018,365,1,3.109275495509152
raw_percentile,lasso,season,2019,385,1,3.032057773032014
raw_percentile,lasso,season,2020,409,1,3.1281442196617553
raw_percentile,lasso,season,2021,413,1,2.8469266623561396
raw_percentile,lasso,season,2022,422,1,2.6032472167513463
raw_percentile,lasso,season,2023,404,1,3.006426076532062
raw_percentile,lasso,season,2024,406,1,3.000003459977665
raw_percentile,lasso,season,2025,416,1,2.863424325847193
raw_percentile,lasso,position,QB,306,8,4.15653378442343
raw_percentile,lasso,position,RB,1011,9,3.3462070214513697
raw_percentile,lasso,position,TE,802,9,2.0413606319451505
raw_percentile,lasso,position,WR,1503,9,2.7692828300535095
raw_percentile,lasso,history_depth,other_no_history,23,7,2.21056769508507
raw_percentile,lasso,history_depth,rookie,518,9,3.3213899237498086
raw_percentile,lasso,history_depth,second_year,558,9,2.974839336202346
raw_percentile,lasso,history_depth,veteran_with_history,2523,9,2.865081134884509
raw_percentile,lasso,rank_availability,available,3577,9,2.9589005371172656
raw_percentile,lasso,rank_availability,unavailable,45,9,1.8764706991805447
raw_percentile,lasso,coverage_band,complete,1602,9,3.3961240899265133
raw_percentile,lasso,coverage_band,partial_high,1634,9,2.60508805951005
raw_percentile,lasso,coverage_band,partial_low,341,2,2.2659855700740295
raw_percentile,lasso,coverage_band,unavailable,45,9,1.8764706991805447
raw_percentile,lasso,coverage_completeness,complete,1602,9,3.3961240899265133
raw_percentile,lasso,coverage_completeness,incomplete_or_unavailable,2020,9,2.5367102169759157
raw_percentile,lasso,shallow_omission,no_omission,1602,9,3.3961240899265133
raw_percentile,lasso,shallow_omission,omission,2020,9,2.5367102169759157
raw_percentile,lightgbm,pooled,all,3622,9,2.909209600583311
raw_percentile,lightgbm,recent,2023_2025,1226,3,2.9112941061805473
raw_percentile,lightgbm,source_era,2017_2023,2800,7,2.9196711828679853
raw_percentile,lightgbm,source_era,2024_2025,822,2,2.8732881979864002
raw_percentile,lightgbm,season,2017,402,1,2.9221508954007422
raw_percentile,lightgbm,season,2018,365,1,3.039940490517276
raw_percentile,lightgbm,season,2019,385,1,2.9451910980375744
raw_percentile,lightgbm,season,2020,409,1,3.1027465433734673
raw_percentile,lightgbm,season,2021,413,1,2.8081189093164336
raw_percentile,lightgbm,season,2022,422,1,2.6323838579183185
raw_percentile,lightgbm,season,2023,404,1,2.9871304769381664
raw_percentile,lightgbm,season,2024,406,1,2.9884911078792116
raw_percentile,lightgbm,season,2025,416,1,2.7562155331444287
raw_percentile,lightgbm,position,QB,306,8,4.035942652231365
raw_percentile,lightgbm,position,RB,1011,9,3.3109977262830594
raw_percentile,lightgbm,position,TE,802,9,2.0425699921008955
raw_percentile,lightgbm,position,WR,1503,9,2.734796144035371
raw_percentile,lightgbm,history_depth,other_no_history,23,7,2.30363710916106
raw_percentile,lightgbm,history_depth,rookie,518,9,3.2298490958838704
raw_percentile,lightgbm,history_depth,second_year,558,9,2.9547747552803014
raw_percentile,lightgbm,history_depth,veteran_with_history,2523,9,2.8335568645988953
raw_percentile,lightgbm,rank_availability,available,3577,9,2.916968621056373
raw_percentile,lightgbm,rank_availability,unavailable,45,9,2.2068463047270193
raw_percentile,lightgbm,coverage_band,complete,1602,9,3.373716150805016
raw_percentile,lightgbm,coverage_band,partial_high,1634,9,2.5570984332218623
raw_percentile,lightgbm,coverage_band,partial_low,341,2,2.1094805754092087
raw_percentile,lightgbm,coverage_band,unavailable,45,9,2.2068463047270193
raw_percentile,lightgbm,coverage_completeness,complete,1602,9,3.373716150805016
raw_percentile,lightgbm,coverage_completeness,incomplete_or_unavailable,2020,9,2.479709523091561
raw_percentile,lightgbm,shallow_omission,no_omission,1602,9,3.373716150805016
raw_percentile,lightgbm,shallow_omission,omission,2020,9,2.479709523091561
raw_percentile,random_forest,pooled,all,3622,9,2.8974646740371965
raw_percentile,random_forest,recent,2023_2025,1226,3,2.9024072700100416
raw_percentile,random_forest,source_era,2017_2023,2800,7,2.90701620186052
raw_percentile,random_forest,source_era,2024_2025,822,2,2.8646900644689994
raw_percentile,random_forest,season,2017,402,1,2.9006912144279062
raw_percentile,random_forest,season,2018,365,1,3.0102706529635457
raw_percentile,random_forest,season,2019,385,1,2.92984304399698
raw_percentile,random_forest,season,2020,409,1,3.1152040284963767
raw_percentile,random_forest,season,2021,413,1,2.7766197234456174
raw_percentile,random_forest,season,2022,422,1,2.635876792439091
raw_percentile,random_forest,season,2023,404,1,2.977674148077672
raw_percentile,random_forest,season,2024,406,1,2.98397306371227
raw_percentile,random_forest,season,2025,416,1,2.743277861322794
raw_percentile,random_forest,position,QB,306,8,4.028790633285258
raw_percentile,random_forest,position,RB,1011,9,3.293639360634661
raw_percentile,random_forest,position,TE,802,9,2.0533331591221966
raw_percentile,random_forest,position,WR,1503,9,2.7166334384014745
raw_percentile,random_forest,history_depth,other_no_history,23,7,2.2039350907230135
raw_percentile,random_forest,history_depth,rookie,518,9,3.231872642441643
raw_percentile,random_forest,history_depth,second_year,558,9,2.9426340508289224
raw_percentile,random_forest,history_depth,veteran_with_history,2523,9,2.819288222283622
raw_percentile,random_forest,rank_availability,available,3577,9,2.9050072880653386
raw_percentile,random_forest,rank_availability,unavailable,45,9,2.2172970512993073
raw_percentile,random_forest,coverage_band,complete,1602,9,3.3736414079332464
raw_percentile,random_forest,coverage_band,partial_high,1634,9,2.532041164189221
raw_percentile,random_forest,coverage_band,partial_low,341,2,2.0815464741261422
raw_percentile,random_forest,coverage_band,unavailable,45,9,2.2172970512993073
raw_percentile,random_forest,coverage_completeness,complete,1602,9,3.3736414079332464
raw_percentile,random_forest,coverage_completeness,incomplete_or_unavailable,2020,9,2.455009940943297
raw_percentile,random_forest,shallow_omission,no_omission,1602,9,3.3736414079332464
raw_percentile,random_forest,shallow_omission,omission,2020,9,2.455009940943297
raw_percentile,random_forest_full_columns,pooled,all,3622,9,2.9104737541581094
raw_percentile,random_forest_full_columns,recent,2023_2025,1226,3,2.9199589230926675
raw_percentile,random_forest_full_columns,source_era,2017_2023,2800,7,2.915823936313117
raw_percentile,random_forest_full_columns,source_era,2024_2025,822,2,2.8921750148794105
raw_percentile,random_forest_full_columns,season,2017,402,1,2.918293416745183
raw_percentile,random_forest_full_columns,season,2018,365,1,3.007008540631211
raw_percentile,random_forest_full_columns,season,2019,385,1,2.925907761009631
raw_percentile,random_forest_full_columns,season,2020,409,1,3.1205141925333146
raw_percentile,random_forest_full_columns,season,2021,413,1,2.804873127562547
raw_percentile,random_forest_full_columns,season,2022,422,1,2.6558334906345955
raw_percentile,random_forest_full_columns,season,2023,404,1,2.9756887736091864
raw_percentile,random_forest_full_columns,season,2024,406,1,2.998010371372023
raw_percentile,random_forest_full_columns,season,2025,416,1,2.785008398541837
raw_percentile,random_forest_full_columns,position,QB,306,8,4.0928645808658874
raw_percentile,random_forest_full_columns,position,RB,1011,9,3.3163548341671065
raw_percentile,random_forest_full_columns,position,TE,802,9,2.0415628533998675
raw_percentile,random_forest_full_columns,position,WR,1503,9,2.7167901137541093
raw_percentile,random_forest_full_columns,history_depth,other_no_history,23,7,2.162803637846077
raw_percentile,random_forest_full_columns,history_depth,rookie,518,9,3.2286712861788325
raw_percentile,random_forest_full_columns,history_depth,second_year,558,9,2.9451947991996565
raw_percentile,random_forest_full_columns,history_depth,veteran_with_history,2523,9,2.8389087260966837
raw_percentile,random_forest_full_columns,rank_availability,available,3577,9,2.918878049670442
raw_percentile,random_forest_full_columns,rank_availability,unavailable,45,9,2.1392919403217174
raw_percentile,random_forest_full_columns,coverage_band,complete,1602,9,3.3931720505698597
raw_percentile,random_forest_full_columns,coverage_band,partial_high,1634,9,2.5403675032804163
raw_percentile,random_forest_full_columns,coverage_band,partial_low,341,2,2.087331723594351
raw_percentile,random_forest_full_columns,coverage_band,unavailable,45,9,2.1392919403217174
raw_percentile,random_forest_full_columns,coverage_completeness,complete,1602,9,3.3931720505698597
raw_percentile,random_forest_full_columns,coverage_completeness,incomplete_or_unavailable,2020,9,2.4612473727944164
raw_percentile,random_forest_full_columns,shallow_omission,no_omission,1602,9,3.3931720505698597
raw_percentile,random_forest_full_columns,shallow_omission,omission,2020,9,2.4612473727944164
raw_percentile_coverage,controlled_equal_thirds,pooled,all,3622,9,2.8853035019349176
raw_percentile_coverage,controlled_equal_thirds,recent,2023_2025,1226,3,2.895191280048669
raw_percentile_coverage,controlled_equal_thirds,source_era,2017_2023,2800,7,2.8922274414359945
raw_percentile_coverage,controlled_equal_thirds,source_era,2024_2025,822,2,2.8615925814413
raw_percentile_coverage,controlled_equal_thirds,season,2017,402,1,2.8812152889938965
raw_percentile_coverage,controlled_equal_thirds,season,2018,365,1,3.012801737113613
raw_percentile_coverage,controlled_equal_thirds,season,2019,385,1,2.9045416740146486
raw_percentile_coverage,controlled_equal_thirds,season,2020,409,1,3.096727995106257
raw_percentile_coverage,controlled_equal_thirds,season,2021,413,1,2.788870212596027
raw_percentile_coverage,controlled_equal_thirds,season,2022,422,1,2.5959701231947423
raw_percentile_coverage,controlled_equal_thirds,season,2023,404,1,2.9623767701981203
raw_percentile_coverage,controlled_equal_thirds,season,2024,406,1,2.967179168042251
raw_percentile_coverage,controlled_equal_thirds,season,2025,416,1,2.75464448206006
raw_percentile_coverage,controlled_equal_thirds,position,QB,306,8,4.003549875988004
raw_percentile_coverage,controlled_equal_thirds,position,RB,1011,9,3.2968682548644073
raw_percentile_coverage,controlled_equal_thirds,position,TE,802,9,1.9982575511150136
raw_percentile_coverage,controlled_equal_thirds,position,WR,1503,9,2.7123156820568513
raw_percentile_coverage,controlled_equal_thirds,history_depth,other_no_history,23,7,2.1967136068627346
raw_percentile_coverage,controlled_equal_thirds,history_depth,rookie,518,9,3.2313814626234043
raw_percentile_coverage,controlled_equal_thirds,history_depth,second_year,558,9,2.9293179173299384
raw_percentile_coverage,controlled_equal_thirds,history_depth,veteran_with_history,2523,9,2.804578839664732
raw_percentile_coverage,controlled_equal_thirds,rank_availability,available,3577,9,2.89505806287347
raw_percentile_coverage,controlled_equal_thirds,rank_availability,unavailable,45,9,1.9603581588955148
raw_percentile_coverage,controlled_equal_thirds,coverage_band,complete,1602,9,3.3629642516105793
raw_percentile_coverage,controlled_equal_thirds,coverage_band,partial_high,1634,9,2.5198100567805235
raw_percentile_coverage,controlled_equal_thirds,coverage_band,partial_low,341,2,2.08842277962965
raw_percentile_coverage,controlled_equal_thirds,coverage_band,unavailable,45,9,1.9603581588955148
raw_percentile_coverage,controlled_equal_thirds,coverage_completeness,complete,1602,9,3.3629642516105793
raw_percentile_coverage,controlled_equal_thirds,coverage_completeness,incomplete_or_unavailable,2020,9,2.440905468564974
raw_percentile_coverage,controlled_equal_thirds,shallow_omission,no_omission,1602,9,3.3629642516105793
raw_percentile_coverage,controlled_equal_thirds,shallow_omission,omission,2020,9,2.440905468564974
raw_percentile_coverage,equal_thirds,pooled,all,3622,9,2.88386849557464
raw_percentile_coverage,equal_thirds,recent,2023_2025,1226,3,2.8935888855086653
raw_percentile_coverage,equal_thirds,source_era,2017_2023,2800,7,2.89103626302235
raw_percentile_coverage,equal_thirds,source_era,2024_2025,822,2,2.8593178998448656
raw_percentile_coverage,equal_thirds,season,2017,402,1,2.877974791079694
raw_percentile_coverage,equal_thirds,season,2018,365,1,3.013857171292467
raw_percentile_coverage,equal_thirds,season,2019,385,1,2.903387925310084
raw_percentile_coverage,equal_thirds,season,2020,409,1,3.102023892946906
raw_percentile_coverage,equal_thirds,season,2021,413,1,2.7828889876450407
raw_percentile_coverage,equal_thirds,season,2022,422,1,2.591166037355192
raw_percentile_coverage,equal_thirds,season,2023,404,1,2.9620945985527047
raw_percentile_coverage,equal_thirds,season,2024,406,1,2.9657765319173737
raw_percentile_coverage,equal_thirds,season,2025,416,1,2.7514494864938066
raw_percentile_coverage,equal_thirds,position,QB,306,8,4.009997115226622
raw_percentile_coverage,equal_thirds,position,RB,1011,9,3.289859037351477
raw_percentile_coverage,equal_thirds,position,TE,802,9,1.997099055402828
raw_percentile_coverage,equal_thirds,position,WR,1503,9,2.7128788873608496
raw_percentile_coverage,equal_thirds,history_depth,other_no_history,23,7,2.2144611330226054
raw_percentile_coverage,equal_thirds,history_depth,rookie,518,9,3.2322610930611417
raw_percentile_coverage,equal_thirds,history_depth,second_year,558,9,2.928130953216236
raw_percentile_coverage,equal_thirds,history_depth,veteran_with_history,2523,9,2.802397929820478
raw_percentile_coverage,equal_thirds,rank_availability,available,3577,9,2.893458043325105
raw_percentile_coverage,equal_thirds,rank_availability,unavailable,45,9,1.9780945766440279
raw_percentile_coverage,equal_thirds,coverage_band,complete,1602,9,3.359795872748395
raw_percentile_coverage,equal_thirds,coverage_band,partial_high,1634,9,2.5192954512783547
raw_percentile_coverage,equal_thirds,coverage_band,partial_low,341,2,2.092092206108401
raw_percentile_coverage,equal_thirds,coverage_band,unavailable,45,9,1.9780945766440279
raw_percentile_coverage,equal_thirds,coverage_completeness,complete,1602,9,3.359795872748395
raw_percentile_coverage,equal_thirds,coverage_completeness,incomplete_or_unavailable,2020,9,2.4413249726982835
raw_percentile_coverage,equal_thirds,shallow_omission,no_omission,1602,9,3.359795872748395
raw_percentile_coverage,equal_thirds,shallow_omission,omission,2020,9,2.4413249726982835
raw_percentile_coverage,lasso,pooled,all,3622,9,2.946388884360904
raw_percentile_coverage,lasso,recent,2023_2025,1226,3,2.9521208553966423
raw_percentile_coverage,lasso,source_era,2017_2023,2800,7,2.952200642322506
raw_percentile_coverage,lasso,source_era,2024_2025,822,2,2.9265055271120923
raw_percentile_coverage,lasso,season,2017,402,1,2.9428357982680136
raw_percentile_coverage,lasso,season,2018,365,1,3.109275495509152
raw_percentile_coverage,lasso,season,2019,385,1,3.032057785725623
raw_percentile_coverage,lasso,season,2020,409,1,3.128144218973402
raw_percentile_coverage,lasso,season,2021,413,1,2.8469266619536153
raw_percentile_coverage,lasso,season,2022,422,1,2.60314419342728
raw_percentile_coverage,lasso,season,2023,404,1,3.0035648245081004
raw_percentile_coverage,lasso,season,2024,406,1,2.9968975627461725
raw_percentile_coverage,lasso,season,2025,416,1,2.8561332751489115
raw_percentile_coverage,lasso,position,QB,306,8,4.160465644552365
raw_percentile_coverage,lasso,position,RB,1011,9,3.344927834306384
raw_percentile_coverage,lasso,position,TE,802,9,2.038666019073577
raw_percentile_coverage,lasso,position,WR,1503,9,2.7663237700956986
raw_percentile_coverage,lasso,history_depth,other_no_history,23,7,2.2121097010749087
raw_percentile_coverage,lasso,history_depth,rookie,518,9,3.318227267055277
raw_percentile_coverage,lasso,history_depth,second_year,558,9,2.97180400255726
raw_percentile_coverage,lasso,history_depth,veteran_with_history,2523,9,2.8643000334627553
raw_percentile_coverage,lasso,rank_availability,available,3577,9,2.9576256855121277
raw_percentile_coverage,lasso,rank_availability,unavailable,45,9,1.846005605481943
raw_percentile_coverage,lasso,coverage_band,complete,1602,9,3.39666044921278
raw_percentile_coverage,lasso,coverage_band,partial_high,1634,9,2.6034225947130674
raw_percentile_coverage,lasso,coverage_band,partial_low,341,2,2.253890010684515
raw_percentile_coverage,lasso,coverage_band,unavailable,45,9,1.846005605481943
raw_percentile_coverage,lasso,coverage_completeness,complete,1602,9,3.39666044921278
raw_percentile_coverage,lasso,coverage_completeness,incomplete_or_unavailable,2020,9,2.533007377502378
raw_percentile_coverage,lasso,shallow_omission,no_omission,1602,9,3.39666044921278
raw_percentile_coverage,lasso,shallow_omission,omission,2020,9,2.533007377502378
raw_percentile_coverage,lightgbm,pooled,all,3622,9,2.906173004084751
raw_percentile_coverage,lightgbm,recent,2023_2025,1226,3,2.9029316928328757
raw_percentile_coverage,lightgbm,source_era,2017_2023,2800,7,2.917003981244981
raw_percentile_coverage,lightgbm,source_era,2024_2025,822,2,2.868972319967263
raw_percentile_coverage,lightgbm,season,2017,402,1,2.9221508954007422
raw_percentile_coverage,lightgbm,season,2018,365,1,3.039940490517276
raw_percentile_coverage,lightgbm,season,2019,385,1,2.9441019159730204
raw_percentile_coverage,lightgbm,season,2020,409,1,3.1053029136844947
raw_percentile_coverage,lightgbm,season,2021,413,1,2.803751709084849
raw_percentile_coverage,lightgbm,season,2022,422,1,2.633171010576957
raw_percentile_coverage,lightgbm,season,2023,404,1,2.970829064143749
raw_percentile_coverage,lightgbm,season,2024,406,1,2.9811442433366366
raw_percentile_coverage,lightgbm,season,2025,416,1,2.7550967019194323
raw_percentile_coverage,lightgbm,position,QB,306,8,4.0452475855362335
raw_percentile_coverage,lightgbm,position,RB,1011,9,3.3053343019295576
raw_percentile_coverage,lightgbm,position,TE,802,9,2.041593369358789
raw_percentile_coverage,lightgbm,position,WR,1503,9,2.729208466545658
raw_percentile_coverage,lightgbm,history_depth,other_no_history,23,7,2.2994776514378064
raw_percentile_coverage,lightgbm,history_depth,rookie,518,9,3.215249880778606
raw_percentile_coverage,lightgbm,history_depth,second_year,558,9,2.9549490830152876
raw_percentile_coverage,lightgbm,history_depth,veteran_with_history,2523,9,2.832482750084115
raw_percentile_coverage,lightgbm,rank_availability,available,3577,9,2.9150573400521442
raw_percentile_coverage,lightgbm,rank_availability,unavailable,45,9,2.0820311632887623
raw_percentile_coverage,lightgbm,coverage_band,complete,1602,9,3.372264084376688
raw_percentile_coverage,lightgbm,coverage_band,partial_high,1634,9,2.5525443470429336
raw_percentile_coverage,lightgbm,coverage_band,partial_low,341,2,2.1190814031122085
raw_percentile_coverage,lightgbm,coverage_band,unavailable,45,9,2.0820311632887623
raw_percentile_coverage,lightgbm,coverage_completeness,complete,1602,9,3.372264084376688
raw_percentile_coverage,lightgbm,coverage_completeness,incomplete_or_unavailable,2020,9,2.4748866963479816
raw_percentile_coverage,lightgbm,shallow_omission,no_omission,1602,9,3.372264084376688
raw_percentile_coverage,lightgbm,shallow_omission,omission,2020,9,2.4748866963479816
raw_percentile_coverage,random_forest,pooled,all,3622,9,2.897129183524598
raw_percentile_coverage,random_forest,recent,2023_2025,1226,3,2.9083514231583067
raw_percentile_coverage,random_forest,source_era,2017_2023,2800,7,2.9028750974274384
raw_percentile_coverage,random_forest,source_era,2024_2025,822,2,2.877470621355516
raw_percentile_coverage,random_forest,season,2017,402,1,2.879121478470742
raw_percentile_coverage,random_forest,season,2018,365,1,3.0130728956908612
raw_percentile_coverage,random_forest,season,2019,385,1,2.924769705344995
raw_percentile_coverage,random_forest,season,2020,409,1,3.1291488566509775
raw_percentile_coverage,random_forest,season,2021,413,1,2.773131184763826
raw_percentile_coverage,random_forest,season,2022,422,1,2.6261432062563688
raw_percentile_coverage,random_forest,season,2023,404,1,2.9701921169234877
raw_percentile_coverage,random_forest,season,2024,406,1,2.9878954152911055
raw_percentile_coverage,random_forest,season,2025,416,1,2.765451973134468
raw_percentile_coverage,random_forest,position,QB,306,8,4.03423531386477
raw_percentile_coverage,random_forest,position,RB,1011,9,3.291149887462872
raw_percentile_coverage,random_forest,position,TE,802,9,2.0491908709094777
raw_percentile_coverage,random_forest,position,WR,1503,9,2.7178243271647173
raw_percentile_coverage,random_forest,history_depth,other_no_history,23,7,2.203648525746297
raw_percentile_coverage,random_forest,history_depth,rookie,518,9,3.2264500290263554
raw_percentile_coverage,random_forest,history_depth,second_year,558,9,2.9414754378415977
raw_percentile_coverage,random_forest,history_depth,veteran_with_history,2523,9,2.820337697841442
raw_percentile_coverage,random_forest,rank_availability,available,3577,9,2.9049376389666044
raw_percentile_coverage,random_forest,rank_availability,unavailable,45,9,2.189086354315824
raw_percentile_coverage,random_forest,coverage_band,complete,1602,9,3.3750063598373665
raw_percentile_coverage,random_forest,coverage_band,partial_high,1634,9,2.5300020849434874
raw_percentile_coverage,random_forest,coverage_band,partial_low,341,2,2.082012454341689
raw_percentile_coverage,random_forest,coverage_band,unavailable,45,9,2.189086354315824
raw_percentile_coverage,random_forest,coverage_completeness,complete,1602,9,3.3750063598373665
raw_percentile_coverage,random_forest,coverage_completeness,incomplete_or_unavailable,2020,9,2.452811164006379
raw_percentile_coverage,random_forest,shallow_omission,no_omission,1602,9,3.3750063598373665
raw_percentile_coverage,random_forest,shallow_omission,omission,2020,9,2.452811164006379
raw_percentile_coverage,random_forest_full_columns,pooled,all,3622,9,2.9099754987318796
raw_percentile_coverage,random_forest_full_columns,recent,2023_2025,1226,3,2.919476450126384
raw_percentile_coverage,random_forest_full_columns,source_era,2017_2023,2800,7,2.9153943792607837
raw_percentile_coverage,random_forest_full_columns,source_era,2024_2025,822,2,2.8914408113998795
raw_percentile_coverage,random_forest_full_columns,season,2017,402,1,2.9183839834197833
raw_percentile_coverage,random_forest_full_columns,season,2018,365,1,3.006850132195003
raw_percentile_coverage,random_forest_full_columns,season,2019,385,1,2.924676849367107
raw_percentile_coverage,random_forest_full_columns,season,2020,409,1,3.1210264592148995
raw_percentile_coverage,random_forest_full_columns,season,2021,413,1,2.8047343855563494
raw_percentile_coverage,random_forest_full_columns,season,2022,422,1,2.6535445857346147
raw_percentile_coverage,random_forest_full_columns,season,2023,404,1,2.975703914898595
raw_percentile_coverage,random_forest_full_columns,season,2024,406,1,2.997201336127278
raw_percentile_coverage,random_forest_full_columns,season,2025,416,1,2.7843517911500633
raw_percentile_coverage,random_forest_full_columns,position,QB,306,8,4.0914870741676985
raw_percentile_coverage,random_forest_full_columns,position,RB,1011,9,3.315785550544015
raw_percentile_coverage,random_forest_full_columns,position,TE,802,9,2.0411699733929245
raw_percentile_coverage,random_forest_full_columns,position,WR,1503,9,2.716551244139329
raw_percentile_coverage,random_forest_full_columns,history_depth,other_no_history,23,7,2.158121679568535
raw_percentile_coverage,random_forest_full_columns,history_depth,rookie,518,9,3.2272258071588658
raw_percentile_coverage,random_forest_full_columns,history_depth,second_year,558,9,2.9456836434188585
raw_percentile_coverage,random_forest_full_columns,history_depth,veteran_with_history,2523,9,2.8384331768801787
raw_percentile_coverage,random_forest_full_columns,rank_availability,available,3577,9,2.9184570329977237
raw_percentile_coverage,random_forest_full_columns,rank_availability,unavailable,45,9,2.1303754779004627
raw_percentile_coverage,random_forest_full_columns,coverage_band,complete,1602,9,3.3929765878841187
raw_percentile_coverage,random_forest_full_columns,coverage_band,partial_high,1634,9,2.53992058092076
raw_percentile_coverage,random_forest_full_columns,coverage_band,partial_low,341,2,2.085254242674736
raw_percentile_coverage,random_forest_full_columns,coverage_band,unavailable,45,9,2.1303754779004627
raw_percentile_coverage,random_forest_full_columns,coverage_completeness,complete,1602,9,3.3929765878841187
raw_percentile_coverage,random_forest_full_columns,coverage_completeness,incomplete_or_unavailable,2020,9,2.46040455225434
raw_percentile_coverage,random_forest_full_columns,shallow_omission,no_omission,1602,9,3.3929765878841187
raw_percentile_coverage,random_forest_full_columns,shallow_omission,omission,2020,9,2.46040455225434
