player,player_id,position,team_name,player_game_count,avg_depth_of_target,avoided_tackles,caught_percent,contested_catch_rate,contested_receptions,contested_targets,declined_penalties,drop_rate,drops,first_downs,franchise_id,fumbles,grades_hands_drop,grades_hands_fumble,grades_offense,grades_pass_block,grades_pass_route,inline_rate,inline_snaps,interceptions,longest,pass_block_rate,pass_blocks,pass_plays,penalties,receptions,route_rate,routes,slot_rate,slot_snaps,targeted_qb_rating,targets,touchdowns,wide_rate,wide_snaps,yards,yards_after_catch,yards_after_catch_per_reception,yards_per_reception,yprr
Wes Welker,2204,WR,NE,14,5.8,13,80.4,,0,0,0,4.7,6,71,19,0,83.5,85.3,90.6,,90.6,0.0,0,1,58,0.0,0,473,0,123,94.9,449,71.9,340,109.4,153,4,27.5,130,1348,739,6.0,11.0,3.0
Roddy White,2244,WR,ATL,16,11.5,5,55.6,,0,0,1,6.6,6,54,2,1,70.5,62.9,75.1,,75.4,0.0,0,7,90,0.0,0,626,7,85,94.4,591,26.0,163,84.7,153,11,73.2,458,1153,398,4.7,13.6,1.95
Andre Johnson,1319,WR,HST,16,11.8,7,66.4,,0,0,0,8.2,9,69,13,1,67.1,58.5,87.9,69.9,85.8,0.5,3,6,72,0.3,2,636,0,101,97.5,620,15.4,98,103.8,152,9,84.0,534,1569,564,5.6,15.5,2.53
Steve Smith,3667,WR,NYG,16,11.7,3,70.9,,0,0,0,5.3,6,61,21,0,88.1,84.0,82.2,,81.7,0.0,0,4,51,0.0,0,564,5,107,94.7,534,72.9,411,99.2,151,7,27.1,153,1220,249,2.3,11.4,2.28
Brandon Marshall,3064,WR,DEN,15,9.8,13,67.8,,0,0,0,7.3,8,56,10,0,62.8,84.4,80.9,,81.7,0.8,4,4,75,0.0,0,501,4,101,96.2,482,26.3,132,101.1,149,10,72.7,364,1120,511,5.1,11.1,2.32
Larry Fitzgerald,1724,WR,ARZ,16,11.7,10,66.0,,0,0,0,3.0,3,69,1,0,90.0,83.5,84.7,67.4,82.9,0.5,3,6,34,0.2,1,652,2,97,94.9,619,24.4,159,100.5,147,13,75.2,490,1092,312,3.2,11.3,1.76
Reggie Wayne,800,WR,IND,16,11.3,7,68.5,,0,0,1,2.9,3,73,14,0,90.6,83.5,87.6,,87.1,0.0,0,10,65,0.0,0,594,4,100,95.5,567,14.0,83,89.5,146,10,86.0,511,1264,441,4.4,12.6,2.23
Randy Moss,342,WR,NE,16,15.4,3,61.0,,0,0,0,8.8,8,63,19,2,59.3,28.8,76.9,,75.1,0.0,0,8,71,0.0,0,614,3,83,94.1,578,20.8,128,99.0,136,13,79.2,486,1264,347,4.2,15.2,2.19
Calvin Johnson,3618,WR,DET,14,15.3,8,50.8,,0,0,1,6.9,5,48,11,3,68.4,23.8,73.8,,72.9,0.0,0,12,75,0.0,0,548,4,67,96.2,527,19.9,109,50.3,132,5,80.1,439,986,357,5.3,14.7,1.87
T.J. Houshmandzadeh,921,WR,SEA,16,10.4,8,61.2,,0,0,1,6.0,5,52,29,2,78.5,30.7,66.0,66.4,65.6,0.2,1,5,53,0.2,1,666,4,79,96.7,644,60.8,405,74.1,129,3,39.0,260,911,278,3.5,11.5,1.41
Dallas Clark,1340,TE,IND,16,7.7,9,77.5,,0,0,0,7.4,8,59,14,1,66.4,58.7,85.4,70.3,87.0,69.0,423,2,80,14.5,89,613,1,100,81.9,502,21.5,132,121.8,129,10,3.9,24,1106,503,5.0,11.1,2.2
Hines Ward,380,WR,PIT,16,9.6,11,73.6,,0,0,0,6.9,7,57,25,2,68.7,29.9,77.3,70.6,74.2,0.2,1,5,54,0.7,4,606,5,95,93.6,567,78.1,473,100.5,129,6,21.8,132,1167,433,4.6,12.3,2.06
Derrick Mason,271,WR,BLT,16,14.6,8,57.0,,0,0,0,7.6,6,55,3,0,60.5,81.8,76.9,,77.2,0.0,0,2,72,0.0,0,559,3,73,94.5,528,15.6,87,94.8,128,7,84.4,472,1028,272,3.7,14.1,1.95
Santonio Holmes,2970,WR,PIT,16,11.4,12,62.2,,0,0,0,9.2,8,63,25,0,58.3,82.7,81.7,,80.1,0.0,0,4,57,0.0,0,627,1,79,93.8,588,11.8,74,94.9,127,5,88.2,553,1248,518,6.6,15.8,2.12
Tony Gonzalez,237,TE,ATL,16,8.6,5,66.4,,0,0,0,3.5,3,54,2,0,85.3,82.3,81.3,73.6,79.9,46.8,274,3,27,6.0,35,586,5,83,88.7,520,46.1,270,92.2,125,6,6.5,38,862,246,3.0,10.4,1.66
Chad Johnson,806,WR,CIN,16,13.2,8,58.1,,0,0,0,7.7,6,55,7,2,66.6,24.1,84.5,,85.0,0.0,0,4,50,0.0,0,535,9,72,94.4,505,9.2,49,96.4,124,9,90.8,486,1047,263,3.7,14.5,2.07
Steve Smith,837,WR,CAR,15,12.8,11,52.8,,0,0,0,4.4,3,41,5,1,80.5,49.7,78.3,,78.4,0.0,0,11,66,0.0,0,490,4,65,95.7,469,35.1,172,60.1,123,7,64.7,317,953,328,5.0,14.7,2.03
Jason Witten,1384,TE,DAL,16,7.3,7,77.7,,0,0,1,6.0,6,48,9,0,69.1,83.1,84.6,80.0,76.7,67.4,420,3,69,12.7,79,623,8,94,83.1,518,16.9,105,97.3,121,2,5.5,34,1030,434,4.6,11.0,1.99
Miles Austin,3211,WR,DAL,16,11.1,13,67.5,,0,0,0,3.6,3,59,9,1,84.4,53.5,84.1,,85.4,0.0,0,2,60,0.0,0,508,2,81,95.3,484,23.6,120,127.8,120,11,75.8,385,1320,609,7.5,16.3,2.73
Sidney Rice,3660,WR,MIN,16,13.8,10,69.7,,0,0,0,3.5,3,60,18,1,86.4,62.8,89.0,66.5,87.7,0.9,5,1,63,0.2,1,577,3,83,94.5,545,20.3,117,125.1,119,8,78.9,455,1312,378,4.6,15.8,2.41
Anquan Boldin,1369,WR,ARZ,15,8.6,7,72.0,,0,0,0,3.4,3,51,1,3,85.9,24.9,79.2,,77.2,0.6,3,2,44,0.0,0,535,2,85,96.1,514,66.0,353,105.5,118,5,33.1,177,1029,389,4.6,12.1,2.0
Kellen Winslow,1727,TE,TB,16,10.4,4,65.8,,0,0,0,6.1,5,48,30,0,69.8,82.1,73.1,70.3,75.1,52.7,295,1,42,4.3,24,560,4,77,90.9,509,41.4,232,99.7,117,5,5.5,31,902,268,3.5,11.7,1.77
Vernon Davis,2951,TE,SF,16,10.5,6,67.2,,0,0,0,14.3,13,40,28,0,29.5,81.9,70.0,56.1,70.3,54.1,329,4,73,10.5,64,608,12,78,85.7,521,41.8,254,115.8,116,13,2.8,17,965,334,4.3,12.4,1.85
Santana Moss,786,WR,WAS,16,10.0,9,61.4,,0,0,1,11.4,9,41,32,2,46.9,27.6,61.1,,60.7,0.2,1,6,59,0.0,0,598,4,70,96.3,576,21.9,131,73.3,114,3,77.8,465,909,401,5.7,13.0,1.58
DeSean Jackson,4363,WR,PHI,15,14.1,4,56.3,,0,0,0,7.4,5,41,24,2,66.1,27.9,71.6,,70.3,0.2,1,5,71,0.0,0,520,3,63,94.8,493,22.1,115,100.6,112,9,76.9,400,1168,434,6.9,18.5,2.37
Antonio Gates,1609,TE,SD,16,9.7,13,71.8,,0,0,0,8.1,7,61,27,1,62.3,52.0,86.0,79.7,87.0,41.5,213,2,56,4.5,23,513,2,79,91.4,469,47.8,245,122.4,110,8,8.8,45,1157,516,6.5,14.6,2.47
Donald Driver,533,WR,GB,16,13.0,11,64.2,,0,0,0,10.3,8,50,12,1,52.2,49.0,68.3,,68.2,0.0,0,3,71,0.0,0,609,2,70,93.9,572,77.0,469,103.0,109,6,23.0,140,1061,415,5.9,15.2,1.85
Greg Jennings,2997,WR,GB,16,13.9,10,63.6,,0,0,0,5.6,4,48,12,0,74.8,81.3,77.6,,76.3,0.0,0,3,83,0.0,0,585,1,68,93.7,548,24.1,141,99.2,107,4,75.9,444,1113,484,7.1,16.4,2.03
Davone Bess,4694,WR,MIA,16,7.5,11,71.7,,0,0,0,8.4,7,49,17,1,66.4,28.3,83.4,,84.4,0.0,0,5,34,0.0,0,389,1,76,95.6,372,40.4,157,78.3,106,2,59.6,232,760,331,4.4,10.0,2.04
Brent Celek,3778,TE,PHI,16,7.6,8,71.7,,0,0,0,9.5,8,42,24,0,56.1,81.8,80.7,67.8,79.8,60.7,323,2,47,14.3,76,532,1,76,81.4,433,33.1,176,117.2,106,8,4.9,26,968,440,5.8,12.7,2.24
Vincent Jackson,2278,WR,SD,15,17.7,3,64.8,,0,0,0,2.9,2,58,27,0,85.7,81.4,89.0,,87.1,0.0,0,2,55,0.0,0,522,1,68,95.6,499,27.6,144,123.0,105,9,72.4,378,1167,226,3.3,17.2,2.34
Greg Olsen,3647,TE,CHI,16,10.3,4,56.2,,0,0,0,3.3,2,33,6,0,82.9,80.3,71.5,46.5,69.9,59.5,336,4,41,10.1,57,565,2,59,86.9,491,25.1,142,82.7,105,8,8.1,46,612,187,3.2,10.4,1.25
Terrell Owens,188,WR,BUF,16,15.3,8,52.4,,0,0,0,14.1,9,33,4,0,42.3,81.2,66.1,,64.0,0.0,0,8,98,0.0,0,530,3,55,96.2,510,14.0,74,62.8,105,5,86.0,456,829,257,4.7,15.1,1.63
Marques Colston,3197,WR,NO,16,11.1,11,68.6,,0,0,0,12.5,10,55,20,2,41.3,27.5,76.3,,75.8,0.0,0,2,68,0.0,0,526,2,70,95.4,502,58.4,307,124.4,102,9,41.4,218,1074,376,5.4,15.3,2.14
Nate Burleson,1386,WR,SEA,13,11.2,5,63.0,,0,0,1,10.0,7,43,29,1,59.0,46.0,70.8,,70.3,0.0,0,2,44,0.0,0,493,2,63,97.4,480,10.3,51,90.1,100,3,89.7,442,812,280,4.4,12.9,1.69
Mike Sims-Walker,3695,WR,JAX,15,12.1,7,63.0,,0,0,0,3.1,2,43,15,2,84.6,26.6,75.4,68.8,74.0,0.2,1,4,61,0.2,1,521,3,63,95.6,498,16.9,88,97.5,100,7,82.9,432,869,256,4.1,13.8,1.74
Mario Manningham,4409,WR,NYG,14,12.4,18,59.4,,0,0,0,14.9,10,41,21,1,43.2,52.9,75.9,,75.4,0.0,0,2,49,0.0,0,431,1,57,94.7,408,5.8,25,96.1,96,5,94.2,406,825,272,4.8,14.5,2.02
Ray Rice,4369,HB,BLT,16,-0.1,25,82.1,,0,0,0,4.9,4,28,3,1,80.2,67.8,72.5,85.5,87.7,0.0,0,1,63,18.3,91,496,2,78,77.6,385,3.4,17,96.6,95,1,4.4,22,702,770,9.9,9.0,1.82
Jerricho Cotchery,1829,WR,NYJ,14,11.0,6,61.3,,0,0,0,3.4,2,44,22,0,81.9,80.3,82.5,,80.3,0.3,1,7,53,0.0,0,380,0,57,96.6,367,44.5,169,69.3,93,3,55.3,210,821,314,5.5,14.4,2.24
Braylon Edwards,2220,WR,NYJ,16,15.6,6,48.9,,0,0,0,10.0,5,38,22,1,55.3,34.4,70.2,,70.0,0.0,0,10,65,0.0,0,473,6,45,95.8,453,15.9,75,48.6,92,4,84.1,398,680,198,4.4,15.1,1.5
Donnie Avery,4347,WR,SL,16,11.7,6,51.1,,0,0,0,11.3,6,28,26,1,43.3,39.7,61.2,,60.0,0.0,0,4,50,0.0,0,517,3,47,95.4,493,18.0,93,71.3,92,5,81.2,420,589,261,5.6,12.5,1.19
Heath Miller,2247,TE,PIT,16,5.9,10,82.6,,0,0,0,5.0,4,37,25,2,73.1,28.2,79.6,64.6,72.6,61.0,380,1,41,17.3,108,623,6,76,78.2,487,29.1,181,119.6,92,6,2.1,13,789,432,5.7,10.4,1.62
Louis Murphy Jr.,5048,WR,OAK,16,15.9,4,37.0,,0,0,0,17.1,7,26,23,0,31.7,78.9,62.7,,62.8,0.0,0,3,75,0.0,0,459,6,34,93.2,428,37.7,173,57.4,92,4,62.1,285,521,136,4.0,15.3,1.22
Zach Miller,3654,TE,OAK,15,8.8,5,71.7,,0,0,1,5.7,4,31,23,0,74.1,81.1,77.4,56.6,81.6,79.5,434,4,86,19.2,105,546,5,66,76.6,418,13.4,73,91.1,92,3,1.1,6,805,379,5.7,12.2,1.93
Bernard Berrian,1799,WR,MIN,16,11.3,6,61.1,,0,0,0,5.2,3,35,18,0,75.0,80.1,66.3,,66.5,0.0,0,4,40,0.0,0,542,3,55,95.0,515,9.4,51,77.9,90,4,90.6,491,618,207,3.8,11.2,1.2
Torry Holt,441,WR,JAX,15,13.2,1,56.7,,0,0,1,3.8,2,35,15,1,80.0,39.2,70.8,,69.9,0.0,0,2,63,0.0,0,503,3,51,95.6,481,6.0,30,73.5,90,0,94.0,473,722,115,2.3,14.2,1.5
Devin Hester,3002,WR,CHI,13,11.4,6,64.0,,0,0,0,6.6,4,35,6,1,68.4,31.8,71.8,,73.1,0.0,0,3,48,0.0,0,434,3,57,95.4,414,13.6,59,88.1,89,3,86.4,375,757,303,5.3,13.3,1.83
Nate Washington,2832,WR,TEN,16,15.1,2,52.8,,0,0,0,13.0,7,34,31,1,48.4,79.3,70.8,,67.7,0.6,3,4,35,0.0,0,498,1,47,97.0,483,8.8,44,76.8,89,6,90.2,449,576,103,2.2,12.3,1.19
Pierre Garcon,4519,WR,IND,14,15.0,4,53.4,,0,0,2,7.8,4,33,14,1,65.7,51.8,62.9,,62.2,0.0,0,2,66,0.0,0,535,9,47,95.5,511,4.5,24,88.5,88,4,95.5,511,765,290,6.2,16.3,1.5
Mohamed Massaquoi,4973,WR,CLV,16,17.9,3,39.1,,0,0,0,12.8,5,25,8,1,44.3,28.7,66.9,,64.4,0.0,0,6,59,0.0,0,408,1,34,96.6,394,11.3,46,47.3,87,3,88.7,362,624,170,5.0,18.4,1.58
Michael Jenkins,1750,WR,ATL,15,13.7,0,57.5,,0,0,1,9.1,5,29,2,0,64.8,79.3,64.0,67.4,62.5,1.5,8,4,50,0.2,1,520,3,50,94.8,493,21.2,110,65.1,87,1,77.1,401,635,133,2.7,12.7,1.29
Chris Chambers,821,WR,KC,16,15.3,2,52.3,,0,0,0,10.0,5,32,16,0,54.7,78.8,72.3,,71.4,0.0,0,7,61,0.0,0,466,5,45,95.9,447,12.7,59,66.5,86,5,87.3,407,730,206,4.6,16.2,1.63
Percy Harvin,4945,WR,MIN,15,9.7,16,69.8,,0,0,0,6.3,4,42,18,0,64.7,82.6,86.5,,86.5,0.0,0,1,51,0.0,0,359,4,60,94.2,338,87.7,315,116.9,86,6,10.3,37,790,366,6.1,13.2,2.34
Jeremy Maclin,4942,WR,PHI,15,12.1,2,64.0,,0,0,0,8.3,5,34,24,0,62.6,80.4,68.8,,67.7,0.0,0,2,56,0.0,0,508,2,55,94.5,480,17.7,90,98.1,86,4,82.3,418,762,248,4.5,13.9,1.59
Muhsin Muhammad,173,WR,CAR,14,12.4,3,61.6,,0,0,1,3.6,2,32,5,0,80.8,79.8,73.2,66.4,67.6,0.4,2,5,27,0.2,1,447,4,53,94.9,424,20.8,93,61.2,86,1,78.7,352,581,135,2.5,11.0,1.37
Jabar Gaffney,1040,WR,DEN,16,9.6,6,63.5,,0,0,0,6.9,4,36,10,0,67.4,79.8,70.3,67.4,68.6,0.0,0,1,49,0.2,1,486,0,54,95.1,462,46.1,224,93.8,85,2,53.9,262,732,276,5.1,13.6,1.58
Roy Williams,1728,WR,DAL,15,12.8,7,44.7,,0,0,0,17.4,8,29,9,1,29.6,29.6,60.0,,58.4,0.0,0,1,66,0.0,0,516,1,38,95.3,492,14.0,72,91.2,85,7,86.0,444,597,222,5.8,15.7,1.21
Austin Collie,5051,WR,IND,16,9.4,5,70.6,,0,0,1,4.8,3,37,14,0,77.3,80.8,70.4,,68.3,0.2,1,2,39,0.0,0,508,3,60,95.5,485,82.7,420,111.7,85,7,17.1,87,676,251,4.2,11.3,1.39
Earl Bennett,4384,WR,CHI,16,8.9,8,63.5,,0,0,0,5.3,3,32,6,1,75.0,41.6,69.2,,68.2,0.0,0,5,71,0.0,0,529,2,54,95.3,504,62.0,328,73.5,85,2,38.0,201,717,329,6.1,13.3,1.42
Antonio Bryant,1070,WR,TB,13,13.9,0,47.0,,0,0,0,13.3,6,26,30,0,42.4,78.0,65.1,,64.8,0.0,0,10,42,0.0,0,449,1,39,95.1,427,10.2,46,47.8,83,4,89.8,403,600,135,3.5,15.4,1.41
Lee Evans,1734,WR,BUF,16,13.8,1,53.0,,0,0,0,6.4,3,27,4,0,69.5,78.8,69.3,,66.4,0.0,0,5,50,0.0,0,535,1,44,96.3,515,4.9,26,80.0,83,7,95.1,509,612,99,2.3,13.9,1.19
Dwayne Bowe,3639,WR,KC,11,11.7,5,56.6,,0,0,0,16.1,9,31,16,1,29.3,36.4,67.6,66.4,67.0,0.0,0,1,41,0.2,1,439,2,47,92.3,405,14.6,64,89.9,83,4,85.4,375,589,168,3.6,12.5,1.45
Bryant Johnson,1333,WR,DET,16,14.0,2,43.4,,0,0,0,16.3,7,23,11,0,31.0,77.4,53.0,,50.5,0.0,0,5,36,0.0,0,664,0,36,95.6,635,7.1,47,46.6,83,3,92.9,617,426,127,3.5,11.8,0.67
Michael Crabtree,4933,WR,SF,11,11.1,9,58.5,,0,0,0,9.4,5,27,28,1,56.9,36.4,71.7,,70.6,0.0,0,3,50,0.0,0,417,1,48,95.4,398,11.8,49,75.5,82,2,88.0,367,625,202,4.2,13.0,1.57
Devery Henderson,1771,WR,NO,16,14.7,9,62.2,,0,0,0,8.9,5,33,20,0,58.8,80.2,64.2,65.7,64.4,0.0,0,4,75,0.2,1,480,3,51,95.6,459,27.3,131,82.6,82,2,72.7,349,804,295,5.8,15.8,1.75
Andre Caldwell,4411,WR,CIN,16,9.3,5,63.8,,0,0,0,7.3,4,29,7,1,65.0,39.2,68.1,,67.4,0.0,0,4,24,0.0,0,391,1,51,94.4,369,73.7,288,70.4,80,3,26.1,102,452,132,2.6,8.9,1.22
John Carlson,4352,TE,SEA,16,7.3,1,63.3,,0,0,1,7.4,4,26,29,0,65.6,79.5,60.3,44.9,53.1,70.3,434,2,38,11.5,71,617,5,50,85.3,526,19.9,123,101.9,79,7,3.2,20,532,240,4.8,10.6,1.01
Steve Breaston,3758,WR,ARZ,15,12.1,2,69.6,,0,0,0,3.5,2,33,1,0,82.3,80.4,69.8,,67.9,0.0,0,4,45,0.0,0,508,2,55,95.3,484,18.7,95,89.2,79,3,81.3,413,712,180,3.3,12.9,1.47
Dustin Keller,4344,TE,NYJ,16,9.5,4,57.7,,0,0,0,10.0,5,29,22,1,55.3,35.8,62.8,67.9,62.9,53.3,210,4,40,4.8,19,394,4,45,91.4,360,33.8,133,65.2,78,2,10.4,41,522,201,4.5,11.6,1.45
Visanthe Shiancoe,1406,TE,MIN,16,7.9,3,73.7,,0,0,0,11.1,7,38,18,0,43.3,80.0,77.6,72.0,82.9,76.2,324,0,27,7.3,31,425,4,56,87.1,370,14.4,61,134.1,76,11,8.7,37,566,215,3.8,10.1,1.53
Malcom Floyd,2044,WR,SD,16,17.7,5,60.0,,0,0,0,6.3,3,36,27,0,69.3,78.8,87.6,,85.0,0.0,0,3,53,0.0,0,362,1,45,97.0,351,14.4,52,83.0,75,1,85.6,310,776,135,3.0,17.2,2.21
Deion Branch,1072,WR,SEA,14,10.0,1,60.0,,0,0,0,10.0,5,17,29,1,53.9,48.0,55.4,,54.8,0.0,0,6,35,0.0,0,464,1,45,95.9,445,33.2,154,51.9,75,2,66.8,310,437,193,4.3,9.7,0.98
Tim Hightower,4463,HB,ARZ,16,-0.3,5,84.0,,0,0,0,11.3,8,22,1,0,48.8,50.7,53.0,67.7,56.1,0.0,0,0,23,18.9,93,491,0,63,77.2,379,4.5,22,90.4,75,0,1.2,6,428,460,7.3,6.8,1.13
Laveranues Coles,638,WR,CIN,16,9.5,3,57.3,,0,0,1,10.4,5,29,7,0,53.1,78.9,68.1,,66.5,0.0,0,3,40,0.0,0,412,1,43,95.6,394,40.0,165,84.0,75,5,59.5,245,514,198,4.6,12.0,1.3
Johnny Knox,5064,WR,CHI,15,11.4,4,60.0,,0,0,0,8.2,4,22,6,0,61.9,78.8,66.7,,65.8,0.0,0,6,68,0.0,0,383,1,45,94.0,360,6.0,23,70.3,75,5,94.0,360,527,179,4.0,11.7,1.46
Ted Ginn Jr.,3625,WR,MIA,16,16.4,1,52.1,,0,0,0,20.8,10,25,17,0,28.5,79.3,61.2,,60.9,0.0,0,2,53,0.0,0,356,2,38,96.3,343,7.6,27,64.5,73,1,92.4,329,454,54,1.4,11.9,1.32
Josh Morgan,4488,WR,SF,16,7.7,9,71.2,,0,0,0,7.1,4,20,28,0,66.8,80.5,59.4,,58.1,0.0,0,2,61,0.0,0,549,6,52,96.2,528,43.7,240,93.8,73,3,56.3,309,527,247,4.8,10.1,1.0
Jermichael Finley,4405,TE,GB,13,8.2,6,76.4,,0,0,0,6.8,4,30,12,0,68.5,80.0,78.9,60.5,81.4,44.7,139,0,62,5.1,16,311,1,55,89.7,279,33.8,105,128.0,72,5,19.0,59,676,300,5.5,12.3,2.42
Todd Heap,801,TE,BLT,16,9.2,6,73.6,,0,0,0,3.6,2,33,3,0,81.2,79.8,83.1,80.7,76.6,43.1,239,4,31,20.0,111,554,3,53,75.1,416,38.1,211,102.4,72,6,3.4,19,593,195,3.7,11.2,1.43
Mike Wallace,5007,WR,PIT,16,19.2,2,54.9,,0,0,0,9.3,4,29,25,1,57.0,33.3,68.7,68.2,67.9,0.2,1,3,60,0.2,1,476,2,39,93.1,443,22.5,107,102.8,71,6,77.3,368,756,137,3.5,19.4,1.71
Hakeem Nicks,4952,WR,NYG,14,10.5,9,66.2,,0,0,0,4.1,2,32,21,2,63.8,50.3,75.8,,74.4,0.0,0,2,68,0.0,0,363,0,47,94.8,344,4.1,15,120.0,71,6,95.9,348,790,434,9.2,16.8,2.3
Bobby Wade,1448,WR,KC,12,9.2,3,52.9,,0,0,0,17.8,8,17,16,0,29.9,78.6,57.3,,55.6,0.0,0,2,25,0.0,0,390,1,37,93.1,363,47.2,184,65.6,70,2,51.0,199,367,124,3.4,9.9,1.01
Kenny Britt,4953,WR,TEN,16,13.5,9,60.0,,0,0,0,8.7,4,35,31,1,59.1,30.7,76.2,,75.1,0.0,0,3,57,0.0,0,389,2,42,96.9,377,4.9,19,90.2,70,3,95.1,370,701,179,4.3,16.7,1.86
Mark Clayton,2239,WR,BLT,14,16.5,5,48.6,,0,0,0,5.6,2,24,3,1,65.6,29.9,63.7,,62.2,0.0,0,4,54,0.0,0,478,3,34,95.6,457,20.5,98,57.1,70,2,79.5,380,485,96,2.8,14.3,1.06
Greg Camarillo,2523,WR,MIA,16,10.7,2,72.5,,0,0,0,0.0,0,29,17,0,90.4,79.2,70.3,,68.9,0.0,0,3,29,0.0,0,420,2,50,95.7,402,43.3,182,77.7,69,0,56.4,237,552,122,2.4,11.0,1.37
Eddie Royal,4356,WR,DEN,14,9.2,5,53.6,,0,0,0,2.6,1,23,10,0,81.5,78.0,64.8,,65.4,0.0,0,1,20,0.0,0,365,1,37,96.2,351,17.0,62,61.6,69,0,83.0,303,345,128,3.5,9.3,0.98
Kevin Walter,1549,WR,HST,14,9.6,0,77.9,,0,0,0,1.9,1,33,13,0,87.2,80.3,68.3,19.0,67.6,1.5,7,3,41,1.0,5,477,3,53,96.4,460,14.3,68,95.5,68,2,83.6,399,611,136,2.6,11.5,1.33
Steven Jackson,1745,HB,SL,15,-0.9,8,75.0,,0,0,2,5.6,3,16,26,0,66.5,80.9,62.3,67.4,62.6,0.0,0,3,38,22.4,108,482,3,51,73.7,355,4.4,21,66.1,68,0,3.7,18,325,392,7.7,6.4,0.92
Antwaan Randle El,1069,WR,WAS,16,7.2,2,75.8,,0,0,0,10.7,6,33,32,1,59.1,39.1,70.2,37.2,69.1,0.0,0,0,44,0.0,0,405,0,50,96.3,390,85.2,345,98.8,66,0,14.6,59,532,209,4.2,10.6,1.36
Maurice Jones-Drew,3005,HB,JAX,16,1.1,7,80.3,,0,0,0,1.9,1,16,15,0,88.4,80.5,74.5,87.0,81.9,0.0,0,1,19,29.3,144,492,1,53,67.7,333,0.8,4,89.0,66,1,2.6,13,374,384,7.2,7.1,1.12
Matt Forte,4358,HB,CHI,16,-0.3,11,86.4,,0,0,0,5.0,3,17,6,1,70.3,35.4,46.5,50.8,57.9,0.0,0,1,37,28.1,154,548,1,57,69.0,378,2.9,16,90.7,66,0,5.7,31,481,522,9.2,8.4,1.27
Kevin Boss,3769,TE,NYG,15,9.2,6,64.6,,0,0,0,2.3,1,26,21,0,84.0,78.7,82.5,59.1,70.9,69.6,390,1,35,20.0,112,560,2,42,76.3,427,20.5,115,111.5,65,5,5.4,30,567,234,5.6,13.5,1.33
Jeremy Shockey,1021,TE,NO,13,9.4,4,73.8,,0,0,0,4.0,2,28,20,0,71.5,79.2,81.9,70.3,85.8,58.9,218,3,66,18.9,70,370,4,48,77.6,287,27.3,101,96.3,65,3,10.3,38,569,155,3.2,11.9,1.98
Fred Davis,4362,TE,WAS,16,5.4,12,73.8,,0,0,0,15.8,9,31,32,0,35.7,79.0,69.4,64.3,71.0,88.0,352,5,29,13.5,54,400,3,48,83.3,333,9.8,39,95.0,65,6,2.3,9,509,284,5.9,10.6,1.53
Chansi Stuckey,3851,WR,CLV,15,8.6,4,46.9,,0,0,0,21.1,8,21,8,0,28.5,77.0,57.0,,54.4,0.3,1,3,40,0.0,0,291,0,30,97.6,284,79.7,232,52.7,64,2,19.9,58,318,128,4.3,10.6,1.12
Brandon Gibson,5118,WR,SL,10,11.3,5,53.1,,0,0,1,10.5,4,23,26,2,53.9,21.7,63.4,66.0,62.8,0.6,2,2,23,0.3,1,313,2,34,96.2,301,2.9,9,61.5,64,1,96.5,302,353,100,2.9,10.4,1.17
Patrick Crayton,1932,WR,DAL,16,9.9,7,57.8,,0,0,0,9.8,4,27,9,0,56.9,32.3,66.6,,64.1,0.3,1,2,80,0.0,0,390,0,37,94.9,370,71.0,277,103.8,64,5,28.7,112,622,276,7.5,16.8,1.68
Bo Scaife,2396,TE,TEN,14,6.7,4,71.4,,0,0,1,4.3,2,24,31,1,76.5,33.3,69.9,58.6,65.5,57.5,204,1,27,6.8,24,355,3,45,90.4,321,34.1,121,89.4,63,1,1.4,5,440,205,4.6,9.8,1.37
Reggie Bush,2947,HB,NO,14,1.7,7,74.6,,0,0,0,0.0,0,16,20,0,90.4,44.7,66.7,64.1,80.8,0.0,0,0,29,12.2,36,294,0,47,84.0,247,7.5,22,102.3,63,3,12.9,38,335,307,6.5,7.1,1.36
Chris Johnson,4338,HB,TEN,16,-0.9,11,79.4,,0,0,0,10.7,6,18,31,0,52.6,74.9,73.5,56.2,60.1,0.0,0,1,69,20.6,99,480,2,50,76.9,369,1.5,7,103.9,63,2,1.0,5,503,568,11.4,10.1,1.36
Joseph Addai,2975,HB,IND,15,1.7,10,82.3,,0,0,0,7.3,4,17,14,0,65.0,75.9,60.7,80.0,60.6,0.0,0,1,25,18.4,78,424,0,51,78.3,332,3.8,16,99.7,62,3,3.3,14,351,327,6.4,6.9,1.06
Robert Meachem,3643,WR,NO,16,16.0,7,73.8,,0,0,0,0.0,0,31,20,2,90.3,24.8,80.2,67.3,77.8,0.0,0,0,54,0.3,1,364,1,45,95.6,348,21.4,78,152.5,61,9,78.6,286,722,172,3.8,16.0,2.07
Danny Amendola,4717,WR,SL,14,4.8,3,70.5,,0,0,0,6.5,3,21,26,1,69.3,49.4,58.6,,58.0,0.3,1,3,25,0.0,0,321,1,43,96.3,309,92.2,296,68.1,61,1,7.5,24,326,201,4.7,7.6,1.06
Frank Gore,2282,HB,SF,14,-0.1,3,85.2,,0,0,0,1.9,1,13,28,0,87.2,62.5,61.4,65.9,71.1,0.0,0,1,48,26.7,121,454,0,52,70.0,318,3.7,17,104.0,61,3,3.5,16,406,429,8.3,7.8,1.28
Justin Gage,1452,WR,TEN,12,14.9,0,46.7,,0,0,0,17.6,6,22,31,0,30.4,76.3,63.9,66.4,62.4,0.0,0,1,49,0.3,1,348,2,28,96.6,336,53.4,186,77.3,60,3,46.6,162,383,70,2.5,13.7,1.14
Mike Thomas,5030,WR,JAX,14,5.3,5,81.4,,0,0,0,2.0,1,28,15,0,85.4,81.1,70.2,,71.5,0.0,0,1,28,0.0,0,294,3,48,95.6,281,74.5,219,97.2,59,1,25.5,75,453,226,4.7,9.4,1.61
James Jones,3694,WR,GB,16,10.7,3,54.2,,0,0,0,22.0,9,16,12,0,28.3,77.1,55.9,,54.8,0.0,0,2,74,0.0,0,440,2,32,93.6,412,6.8,30,92.5,59,5,93.2,410,440,191,6.0,13.8,1.07
Sammie Stroughter,5157,WR,TB,13,8.1,4,53.4,,0,0,0,11.4,4,20,30,0,58.7,76.6,68.4,,68.0,0.0,0,6,35,0.0,0,258,1,31,95.7,247,78.3,202,35.7,58,1,21.7,56,319,135,4.4,10.3,1.29
Fred Jackson,3368,HB,BUF,16,-0.8,14,79.3,,0,0,0,6.1,3,20,4,0,70.8,74.4,69.4,31.4,81.0,0.0,0,1,21,26.5,103,388,1,46,70.9,275,4.4,17,97.4,58,2,3.1,12,368,422,9.2,8.0,1.34
Chester Taylor,1182,HB,MIN,16,0.1,3,75.9,,0,0,0,8.3,4,17,18,0,61.1,55.8,49.2,69.4,68.1,0.8,2,1,33,17.5,46,263,0,44,78.3,206,3.0,8,91.8,58,1,4.2,11,389,392,8.9,8.8,1.89
Randy McMichael,1114,TE,SL,16,7.0,1,58.6,,0,0,0,17.1,7,15,26,0,30.5,28.8,56.3,73.4,40.0,76.9,333,2,35,15.2,66,433,3,34,80.4,348,16.9,73,66.2,58,1,2.5,11,332,146,4.3,9.8,0.95
Dennis Northcutt,605,WR,DET,15,9.2,1,59.6,,0,0,0,12.8,5,18,11,0,46.4,77.4,56.7,,55.8,0.0,0,3,47,0.0,0,403,1,34,95.0,383,75.4,304,61.1,57,1,24.6,99,348,114,3.4,10.2,0.91
Kevin Smith,4378,HB,DET,13,0.6,3,72.7,,0,0,0,9.1,4,16,11,0,58.7,59.9,56.2,77.0,64.3,0.0,0,1,63,23.3,87,373,1,40,75.1,280,1.6,6,92.2,55,1,1.1,4,409,393,9.8,10.2,1.46
Adrian Peterson,3623,HB,MIN,16,0.3,10,78.2,,0,0,0,12.2,6,17,18,1,39.7,33.3,64.5,76.0,45.2,0.0,0,0,63,17.4,63,362,1,43,77.9,282,0.6,2,99.7,55,0,2.2,8,436,449,10.4,10.1,1.55
Jason Avant,3054,WR,PHI,16,11.2,3,74.5,,0,0,0,2.4,1,26,24,1,76.0,32.4,72.2,68.4,69.9,0.4,2,1,58,0.7,3,447,1,41,93.7,419,87.0,389,119.3,55,3,12.1,54,587,205,5.0,14.3,1.4
Brian Hartline,5031,WR,MIA,16,13.4,1,57.4,,0,0,0,8.8,3,26,17,0,59.9,77.8,74.0,,74.7,0.0,0,4,67,0.0,0,256,3,31,95.7,245,28.5,73,76.6,54,3,71.5,183,506,185,6.0,16.3,2.07
Steve Slaton,4403,HB,HST,11,0.8,7,83.0,,0,0,0,2.2,1,22,13,2,84.7,22.9,60.6,44.0,78.2,0.0,0,0,38,26.4,78,295,0,44,71.9,212,2.4,7,124.6,53,4,9.8,29,417,463,10.5,9.5,1.97
Owen Daniels,3043,TE,HST,8,8.2,3,75.5,,0,0,0,2.4,1,28,13,1,82.6,44.0,80.9,49.7,88.5,84.3,236,1,44,12.5,35,280,2,40,85.4,239,8.6,24,129.4,53,5,3.2,9,519,235,5.9,13.0,2.17
David Anderson,3196,WR,HST,16,6.5,2,73.1,,0,0,0,2.6,1,22,13,0,81.5,77.7,69.2,70.1,67.2,0.7,2,2,27,1.0,3,295,0,38,96.6,285,83.1,245,76.6,52,0,16.3,48,370,145,3.8,9.7,1.3
Darren Sproles,2347,HB,SD,16,-0.8,7,86.5,,0,0,1,4.3,2,20,27,0,77.4,89.0,60.2,76.9,77.9,0.0,0,0,81,19.7,53,269,2,45,76.6,206,0.7,2,132.1,52,4,9.3,25,497,559,12.4,11.0,2.41
Jamaal Charles,4387,HB,KC,15,2.7,3,76.9,,0,0,0,4.8,2,11,16,0,68.6,68.8,80.0,66.9,60.6,0.0,0,0,49,20.1,79,394,0,40,74.4,293,6.6,26,96.4,52,1,4.1,16,297,243,6.1,7.4,1.01
Donald Lee,1465,TE,GB,16,5.2,2,71.2,,0,0,0,14.0,6,10,12,0,37.9,78.0,53.4,57.4,44.1,69.5,287,0,19,12.6,52,413,4,37,82.3,340,21.5,89,88.6,52,1,3.9,16,260,143,3.9,7.0,0.76
Brandon Pettigrew,4943,TE,DET,11,7.5,4,59.6,,0,0,0,16.2,6,21,11,0,32.7,76.6,69.0,45.0,64.5,85.6,279,3,30,20.2,66,326,5,31,75.8,247,6.4,21,68.9,52,2,0.6,2,354,203,6.5,11.4,1.43
Anthony Fasano,2998,TE,MIA,14,9.7,1,60.8,,0,0,1,8.8,3,22,17,2,60.5,21.3,75.4,66.8,52.4,68.8,318,2,27,28.4,131,462,2,31,69.0,319,28.1,130,77.2,51,2,0.2,1,339,129,4.2,10.9,1.06
Justin Forsett,4547,HB,SEA,16,-1.4,11,80.4,,0,0,0,6.8,3,12,29,1,66.5,73.2,69.3,66.6,71.7,0.0,0,2,47,22.7,75,330,0,41,75.5,249,0.3,1,85.5,51,1,4.5,15,350,417,10.2,8.5,1.41
Julian Edelman,5156,WR,NE,11,3.7,10,74.0,,0,0,0,7.5,3,19,19,0,64.1,78.0,68.8,,68.2,0.0,0,0,29,0.0,0,235,0,37,94.0,221,73.2,172,100.3,50,1,26.0,61,359,272,7.4,9.7,1.62
Chaz Schilens,4540,WR,OAK,8,12.8,2,59.2,,0,0,2,9.4,3,17,23,0,58.0,76.5,66.4,,63.0,0.0,0,2,25,0.0,0,290,3,29,93.1,270,30.0,87,79.0,49,2,70.0,203,365,61,2.1,12.6,1.35
LeSean McCoy,4976,HB,PHI,16,-1.9,7,81.6,,0,0,0,11.1,5,13,24,0,59.7,63.5,53.4,66.2,52.9,0.0,0,0,45,21.1,84,398,1,40,72.9,290,7.3,29,92.9,49,0,5.8,23,308,401,10.0,7.7,1.06
Mark Bradley,2256,WR,TB,13,11.2,2,49.0,,0,0,0,25.0,8,11,30,0,27.6,76.2,52.9,,51.3,0.0,0,2,50,0.0,0,285,2,24,92.6,264,27.4,78,66.7,49,2,71.6,204,320,117,4.9,13.3,1.21
Ricky Williams,440,HB,MIA,16,1.2,2,71.4,,0,0,0,14.6,6,9,17,1,37.9,51.2,55.4,74.4,42.7,0.0,0,2,59,30.1,100,332,0,35,66.6,221,4.8,16,80.7,49,2,3.0,10,264,277,7.9,7.5,1.19
Marcedes Lewis,2973,TE,JAX,15,12.8,5,65.3,,0,0,0,11.1,4,20,15,1,43.4,37.3,86.0,70.8,71.5,82.0,364,1,47,27.9,124,444,3,32,70.0,311,10.6,47,105.7,49,2,2.3,10,518,162,5.1,16.2,1.67
Kevin Faulk,470,HB,NE,15,1.4,4,78.7,,0,0,0,7.5,3,13,19,0,64.3,86.4,63.3,72.8,59.6,0.0,0,0,38,15.0,54,360,1,37,79.2,285,8.6,31,100.4,47,1,11.4,41,301,279,7.5,8.1,1.06
Will Heller,1623,TE,DET,16,7.5,0,61.7,,0,0,1,12.1,4,17,11,0,38.8,76.3,58.3,63.3,49.0,87.5,335,2,24,23.8,91,383,4,29,74.4,285,4.7,18,83.3,47,3,0.5,2,296,138,4.8,10.2,1.04
Dave Thomas,3031,TE,NO,15,5.5,4,76.1,,0,0,0,0.0,0,18,20,0,89.7,77.4,77.3,66.3,73.2,41.7,131,1,37,18.2,57,314,4,35,77.7,244,22.0,69,95.9,46,1,9.9,31,356,203,5.8,10.2,1.46
Tony Scheffler,3006,TE,DEN,15,10.0,2,67.4,,0,0,0,6.1,2,19,10,0,68.1,76.6,75.2,73.0,72.3,47.7,133,2,52,13.3,37,279,2,31,83.2,232,33.0,92,92.3,46,2,19.0,53,416,190,6.1,13.4,1.79
Kelley Washington,1380,WR,BLT,15,10.1,5,75.6,,0,0,0,5.6,2,27,3,0,79.6,77.4,74.1,,71.5,0.0,0,0,28,0.0,0,329,1,34,94.2,310,84.5,278,119.8,45,2,15.5,51,431,118,3.5,12.7,1.39
Dante Rosario,3771,TE,CAR,14,8.5,0,57.8,,0,0,0,7.1,2,19,5,0,65.2,75.9,69.2,57.3,62.8,39.5,130,1,26,13.7,45,329,1,26,83.6,275,46.5,153,84.8,45,2,6.7,22,313,132,5.1,12.0,1.14
Jerome Harrison,3090,HB,CLV,14,-0.9,2,75.6,,0,0,0,15.0,6,11,8,0,37.7,67.7,47.8,61.1,47.3,0.0,0,0,18,30.5,91,298,0,34,68.5,204,2.3,7,100.2,45,2,3.4,10,220,260,7.6,6.5,1.08
Josh Reed,1043,WR,BUF,14,8.0,3,61.4,,0,0,0,10.0,3,18,4,0,53.4,76.5,67.9,,67.1,0.0,0,4,29,0.0,0,278,1,27,96.4,268,87.8,244,50.5,44,1,12.2,34,291,106,3.9,10.8,1.09
Michael Clayton,1736,WR,TB,12,13.6,1,36.4,,0,0,0,23.8,5,11,30,0,28.6,73.6,53.3,,51.5,0.0,0,5,47,0.0,0,412,2,16,93.7,386,27.7,114,22.2,44,1,72.3,298,230,39,2.4,14.4,0.6
Isaac Bruce,80,WR,SF,9,11.8,0,47.7,,0,0,1,16.0,4,13,28,0,39.1,75.2,63.8,,63.1,0.5,1,2,50,0.0,0,220,1,21,95.5,210,23.2,51,47.9,44,0,76.4,168,264,63,3.0,12.6,1.26
Maurice Stovall,3035,WR,TB,11,13.3,1,55.8,,0,0,0,11.1,3,16,30,0,51.8,75.3,63.4,,61.9,0.3,1,5,38,0.0,0,319,1,24,96.6,308,16.3,52,51.9,43,1,83.4,266,363,95,4.0,15.1,1.18
Sam Aiken,1439,WR,NE,12,14.4,4,47.6,,0,0,0,4.8,1,12,19,0,70.7,74.4,63.2,,59.9,0.0,0,2,81,0.0,0,257,2,20,94.2,242,24.9,64,70.1,42,2,75.1,193,326,200,10.0,16.3,1.35
Pierre Thomas,4080,HB,NO,14,-1.8,16,92.9,,0,0,0,0.0,0,12,20,1,90.1,62.3,77.5,28.5,79.4,0.0,0,0,36,9.9,20,203,1,39,85.2,173,1.0,2,112.5,42,2,4.4,9,302,390,10.0,7.7,1.75
Devin Thomas,4348,WR,WAS,14,11.2,11,61.0,,0,0,0,13.8,4,16,32,0,45.7,76.8,65.4,,64.7,0.0,0,1,40,0.0,0,309,0,25,95.5,295,10.4,32,100.2,41,3,89.6,277,325,162,6.5,13.0,1.1
Chris Cooley,1802,TE,WAS,7,6.8,5,70.7,,0,0,0,3.3,1,17,32,1,77.4,27.3,74.8,61.4,74.9,77.0,161,0,25,12.9,27,209,0,29,85.2,178,16.7,35,111.0,41,2,3.8,8,332,178,6.1,11.4,1.87
Deon Butler,5014,WR,SEA,16,14.3,2,37.5,,0,0,0,16.7,3,9,29,0,38.1,73.0,56.6,,54.2,0.0,0,1,32,0.0,0,216,0,15,95.8,207,5.1,11,41.1,40,0,94.9,205,175,52,3.5,11.7,0.85
Devin Aromashodu,3178,WR,CHI,9,11.7,0,60.0,,0,0,0,7.7,2,16,6,0,62.3,75.3,83.9,,83.3,0.0,0,4,39,0.0,0,163,0,24,96.3,157,8.6,14,76.9,40,4,91.4,149,298,76,3.2,12.4,1.9
Keenan Burton,4442,WR,SL,9,9.8,1,62.5,,0,0,0,0.0,0,17,26,0,86.1,75.7,67.7,66.1,66.1,0.0,0,5,25,0.4,1,257,0,25,94.6,243,31.1,80,40.9,40,0,68.9,177,253,92,3.7,10.1,1.04
Benjamin Watson,1753,TE,NE,16,12.7,1,72.5,,0,0,1,9.4,3,20,19,0,58.0,76.5,67.0,56.5,63.3,46.3,189,0,36,11.3,46,408,4,29,82.8,338,41.4,169,144.2,40,5,11.3,46,404,87,3.0,13.9,1.2
Julius Jones,1764,HB,SEA,14,-3.2,4,87.5,,0,0,0,5.4,2,10,29,0,72.2,90.6,59.3,55.9,58.5,0.0,0,0,49,23.1,68,295,0,35,74.9,221,0.0,0,107.5,40,2,2.7,8,232,353,10.1,6.6,1.05
Johnnie Lee Higgins,3715,WR,OAK,14,13.3,0,47.5,,0,0,0,24.0,6,14,23,0,27.6,75.1,57.4,,55.8,0.0,0,3,33,0.0,0,244,0,19,92.6,226,27.5,67,37.8,40,0,72.5,177,263,42,2.2,13.8,1.16
DeAngelo Williams,2972,HB,CAR,13,2.3,9,72.5,,0,0,0,12.1,4,14,5,0,48.9,58.1,65.6,58.0,52.9,0.0,0,1,30,16.6,43,259,2,29,81.5,211,1.2,3,78.3,40,0,2.7,7,252,211,7.3,8.7,1.19
Cadillac Williams,2222,HB,TB,16,0.9,3,74.4,,0,0,2,9.4,3,11,30,0,58.3,81.8,60.0,55.8,57.0,0.0,0,1,22,28.8,106,368,2,29,66.8,246,0.5,2,102.6,39,3,1.4,5,221,222,7.7,7.6,0.9
Mike Furrey,726,WR,CLV,13,6.6,1,56.4,,0,0,0,8.3,2,12,8,0,60.7,74.9,52.1,,51.7,0.0,0,3,22,0.0,0,237,0,22,96.2,228,75.9,180,34.1,39,0,24.1,57,160,56,2.5,7.3,0.7
Lance Long,4648,WR,KC,8,8.1,1,52.6,,0,0,0,20.0,5,6,16,0,29.4,74.8,47.7,,48.3,0.0,0,2,30,0.0,0,186,0,20,94.6,176,65.6,122,43.5,38,0,30.6,57,178,79,4.0,8.9,1.01
Knowshon Moreno,4935,HB,DEN,16,0.2,5,73.7,,0,0,0,9.7,3,10,10,2,56.1,51.9,58.0,74.6,38.9,0.0,0,2,27,18.1,60,332,1,28,78.0,259,0.3,1,82.9,38,2,3.3,11,217,228,8.1,7.8,0.84
Darrius Heyward-Bey,4930,WR,OAK,11,19.3,0,23.7,,0,0,0,35.7,5,8,23,0,26.1,72.0,47.6,,44.3,0.0,0,3,24,0.0,0,339,0,9,95.3,323,3.8,13,16.6,38,1,96.2,326,124,14,1.6,13.8,0.38
Malcolm Kelly,4365,WR,WAS,16,12.0,4,65.8,,0,0,0,0.0,0,15,32,0,85.7,75.5,61.0,,59.1,0.0,0,3,84,0.0,0,348,2,25,96.6,336,16.4,57,62.1,38,0,83.6,291,347,189,7.6,13.9,1.03
Alge Crumpler,805,TE,TEN,16,4.5,3,73.0,,0,0,0,3.6,1,9,31,1,75.5,26.7,73.7,71.4,53.8,85.8,242,3,27,25.9,73,282,1,27,73.0,206,7.1,20,63.1,37,1,0.4,1,222,111,4.1,8.2,1.08
John Paul Foschi,2046,TE,CIN,15,5.1,3,75.0,,0,0,0,6.9,2,9,7,1,66.0,27.0,60.9,53.1,52.9,68.1,201,0,27,19.0,56,295,6,27,75.9,224,16.6,49,113.2,36,2,1.4,4,260,135,5.0,9.6,1.16
Daniel Graham,1028,TE,DEN,16,3.3,9,77.8,,0,0,1,15.2,5,14,10,0,50.0,76.6,65.8,63.9,51.1,71.8,372,1,24,29.9,155,518,9,28,66.8,346,25.3,131,97.8,36,1,2.7,14,289,209,7.5,10.3,0.84
Correll Buckhalter,869,HB,DEN,14,-0.7,10,86.1,,0,0,1,6.1,2,8,10,0,68.2,37.8,60.3,35.5,61.9,0.0,0,0,30,24.4,67,275,1,31,72.4,199,1.5,4,94.4,36,0,3.6,10,240,266,8.6,7.7,1.21
Maurice Morris,1061,HB,DET,14,0.2,0,72.2,,0,0,0,10.3,3,7,11,0,55.9,73.6,52.7,50.3,57.1,0.0,0,2,19,23.2,53,228,1,26,71.9,164,1.8,4,63.4,36,0,1.3,3,210,207,8.0,8.1,1.28
Jacoby Jones,3689,WR,HST,14,12.9,3,77.1,,0,0,0,15.6,5,19,13,0,36.4,76.8,76.3,68.7,75.2,1.1,2,2,45,0.5,1,187,1,27,96.8,181,44.9,84,134.2,35,6,53.5,100,437,148,5.5,16.2,2.41
Joel Dreessen,2415,TE,HST,16,6.9,1,74.3,,0,0,0,3.7,1,16,13,0,65.7,76.0,67.2,72.4,57.5,89.4,345,2,25,20.7,80,386,0,26,77.5,299,8.8,34,87.8,35,1,1.0,4,320,145,5.6,12.3,1.07
Marshawn Lynch,3628,HB,BUF,13,-1.0,3,82.4,,0,0,0,12.5,4,7,4,0,39.9,54.7,58.5,76.4,48.9,0.0,0,0,35,26.5,56,211,2,28,71.6,151,1.9,4,90.6,34,0,3.8,8,195,229,8.2,7.0,1.29
Brian Leonard,3668,HB,CIN,14,0.5,4,88.2,,0,0,0,0.0,0,13,7,1,87.6,44.4,63.1,76.8,69.3,0.0,0,0,18,23.3,52,223,0,30,74.4,166,2.2,5,93.5,34,0,3.1,7,219,223,7.4,7.3,1.32
Jason Snelling,3860,HB,ATL,14,1.1,5,88.2,,0,0,0,3.2,1,13,2,1,78.0,59.7,61.7,80.2,59.4,0.7,2,0,38,27.9,80,287,1,30,69.0,198,4.9,14,108.3,34,1,1.7,5,260,223,7.4,8.7,1.31
Marion Barber III,2326,HB,DAL,15,-0.8,0,78.8,,0,0,0,3.7,1,10,9,1,76.3,70.1,53.1,61.7,52.7,0.0,0,0,42,29.1,87,299,0,26,68.2,204,1.0,3,94.6,33,0,1.7,5,221,241,9.3,8.5,1.08
Jeff King,3100,TE,CAR,16,6.2,0,75.8,,0,0,0,0.0,0,12,5,1,86.3,29.6,74.6,63.3,56.3,74.1,212,0,32,22.0,63,286,6,25,76.2,218,22.4,64,120.8,33,3,2.1,6,200,74,3.0,8.0,0.92
Joey Haynos,4711,TE,MIA,16,7.0,1,57.6,,0,0,0,9.5,2,13,17,1,56.9,24.2,70.1,54.1,57.1,79.3,188,1,21,19.8,47,237,2,19,78.1,185,11.8,28,78.1,33,2,6.8,16,162,107,5.6,8.5,0.88
Daniel Fells,3309,TE,SL,14,9.1,4,62.5,,0,0,0,13.0,3,12,26,1,46.8,24.3,59.7,52.0,57.4,56.9,111,1,25,8.2,16,195,4,20,88.7,173,26.7,52,92.8,32,2,10.3,20,237,95,4.8,11.9,1.37
Rashard Mendenhall,4337,HB,PIT,14,2.1,4,78.1,,0,0,0,10.7,3,13,25,0,54.0,61.3,64.4,53.6,53.6,0.0,0,1,26,25.3,70,277,1,25,71.5,198,11.6,32,98.0,32,1,2.5,7,261,245,9.8,10.4,1.32
Delanie Walker,3120,TE,SF,16,7.5,4,65.6,,0,0,0,4.5,1,10,28,1,73.5,26.6,62.9,76.1,57.2,37.1,99,2,39,4.9,13,267,2,21,90.6,242,40.4,108,61.1,32,0,21.7,58,233,158,7.5,11.1,0.96
Joshua Cribbs,2544,WR,CLV,16,9.2,2,64.5,,0,0,0,13.0,3,5,8,2,49.3,26.3,63.8,,51.2,0.7,1,1,35,0.0,0,152,0,20,92.8,141,30.9,47,71.8,31,1,65.1,99,139,93,4.7,7.0,0.99
Desmond Clark,529,TE,CHI,11,6.4,0,61.3,,0,0,0,13.6,3,7,6,0,44.9,74.1,65.4,51.0,52.2,79.7,177,1,26,12.2,27,222,0,19,86.5,192,11.7,26,80.7,31,2,4.1,9,145,55,2.9,7.6,0.76
Ryan Grant,2609,HB,GB,16,-0.2,3,83.3,,0,0,0,10.7,3,9,12,1,52.7,86.6,57.1,69.1,44.4,0.0,0,0,27,19.2,62,323,0,25,75.2,243,1.9,6,94.0,30,0,3.4,11,197,202,8.1,7.9,0.81
Brian Westbrook,1094,HB,PHI,8,1.4,1,83.3,,0,0,0,0.0,0,7,24,0,85.7,85.4,60.6,56.0,61.1,0.0,0,0,34,22.4,36,161,0,25,74.5,120,9.3,15,102.9,30,1,10.6,17,181,181,7.2,7.2,1.51
Brandon Jacobs,2327,HB,NYG,15,-2.1,3,60.0,,0,0,0,21.7,5,5,21,0,29.5,71.0,42.8,74.1,42.3,0.0,0,1,74,39.0,106,272,1,18,58.1,158,1.5,4,74.9,30,1,0.4,1,184,232,12.9,10.2,1.16
Jerramy Stevens,1035,TE,TB,16,7.7,1,50.0,,0,0,0,11.8,2,6,30,0,51.5,73.0,46.2,29.0,47.9,68.9,155,0,17,14.7,33,225,2,15,80.9,182,20.4,46,72.9,30,1,10.7,24,130,33,2.2,8.7,0.71
Darren McFadden,4318,HB,OAK,12,4.2,5,70.0,,0,0,0,8.7,2,10,23,1,65.1,24.2,52.8,75.3,73.0,0.0,0,1,48,26.0,53,204,0,21,66.2,135,0.0,0,80.6,30,0,23.0,47,245,198,9.4,11.7,1.81
Rock Cartwright,1211,HB,WAS,11,-0.2,5,90.0,,0,0,0,0.0,0,9,32,0,86.5,85.8,61.8,55.7,79.6,0.0,0,0,51,12.2,20,164,0,27,84.1,138,2.4,4,111.4,30,1,6.1,10,242,251,9.3,9.0,1.75
Leonard Pope,3017,TE,KC,13,5.8,4,69.0,,0,0,0,9.1,2,8,16,0,58.1,74.4,58.6,59.5,47.2,62.3,207,0,29,27.1,90,332,4,20,70.5,234,33.4,111,96.0,29,1,0.6,2,174,78,3.9,8.7,0.74
Ahmad Bradshaw,3866,HB,NYG,15,-2.2,8,72.4,,0,0,0,19.2,5,6,21,0,29.8,46.7,56.6,87.6,41.4,0.0,0,0,55,40.1,108,269,2,21,56.1,151,0.4,1,92.2,29,0,1.1,3,207,272,13.0,9.9,1.37
Dwayne Jarrett,3661,WR,CAR,13,12.0,1,58.6,,0,0,0,5.6,1,10,5,0,68.7,73.9,63.4,,60.1,0.0,0,0,30,0.0,0,208,1,17,94.7,197,36.1,75,90.6,29,1,63.9,133,196,47,2.8,11.5,0.99
Daniel Coats,3908,TE,CIN,16,5.0,2,55.2,,0,0,0,30.4,7,3,7,2,26.9,16.1,46.4,69.2,28.6,61.4,159,1,23,20.8,54,259,2,16,74.5,193,17.4,45,55.2,29,0,1.9,5,150,101,6.3,9.4,0.78
Marty Booker,487,WR,ATL,16,9.4,0,55.2,,0,0,0,5.9,1,9,2,0,53.3,73.8,58.7,67.9,57.1,0.0,0,3,27,1.0,2,198,0,16,93.9,186,71.2,141,46.0,29,1,28.3,56,181,56,3.5,11.3,0.97
Martellus Bennett,4375,TE,DAL,14,7.0,2,51.7,,0,0,0,31.8,7,8,9,0,27.7,73.5,61.0,63.2,43.0,63.8,164,0,21,20.6,53,257,6,15,75.5,194,14.4,37,68.0,29,0,20.2,52,159,72,4.8,10.6,0.82
Brandon Stokley,498,WR,DEN,16,6.8,0,67.9,,0,0,0,13.6,3,16,10,0,46.6,74.4,59.7,,60.1,0.0,0,1,87,0.0,0,203,1,19,94.6,192,89.7,182,132.0,28,4,10.3,21,327,206,10.8,17.2,1.7
Jerheme Urban,1709,WR,ARZ,9,9.0,0,64.3,,0,0,0,5.3,1,9,1,0,55.6,73.9,56.6,,54.7,0.0,0,2,40,0.0,0,215,0,18,94.9,204,73.5,158,53.6,28,0,26.5,57,186,65,3.6,10.3,0.91
Jordy Nelson,4350,WR,GB,13,12.3,2,78.6,,0,0,0,12.0,3,15,12,0,50.6,75.1,76.0,75.2,71.8,0.7,1,0,51,1.3,2,153,1,22,94.1,144,10.5,16,138.1,28,2,88.9,136,320,95,4.3,14.5,2.22
Domenik Hixon,3075,WR,NYG,14,11.6,2,53.6,,0,0,1,0.0,0,10,21,0,81.1,73.0,70.4,,65.0,0.0,0,2,61,0.0,0,154,1,15,91.6,141,23.4,36,56.7,28,1,76.6,118,187,105,7.0,12.5,1.33
Shawn Nelson,5045,TE,BUF,12,6.3,0,60.7,,0,0,0,10.5,2,7,4,2,56.6,17.0,60.2,78.8,41.2,93.3,251,1,25,26.4,71,269,4,17,71.4,192,5.6,15,73.2,28,1,1.1,3,158,75,4.4,9.3,0.82
Zach Miller,5104,TE,JAX,13,5.1,3,75.0,,0,0,0,8.7,2,10,15,0,60.3,75.2,66.4,75.5,68.0,32.5,38,0,62,2.6,3,117,0,21,91.5,107,37.6,44,119.9,28,2,16.2,19,212,145,6.9,10.1,1.98
Legedu Naanee,3788,WR,SD,15,5.6,1,88.9,,0,0,0,4.0,1,14,27,0,73.5,76.5,67.7,67.3,67.6,0.5,1,0,23,0.5,1,201,1,24,95.5,192,69.2,139,128.7,27,2,28.9,58,242,140,5.8,10.1,1.26
Mewelde Moore,1840,HB,PIT,16,1.0,7,77.8,,0,0,0,4.5,1,9,25,0,72.3,82.5,58.6,65.4,70.1,0.0,0,0,19,34.7,85,245,1,21,59.6,146,5.7,14,115.0,27,2,2.0,5,153,177,8.4,7.3,1.05
Le'Ron McClain,3753,FB,BLT,16,-2.0,6,80.8,,0,0,0,8.7,2,7,3,0,60.1,83.7,64.5,53.0,58.8,9.9,24,0,19,28.1,68,242,0,21,69.4,168,2.1,5,90.1,26,0,2.1,5,146,198,9.4,7.0,0.87
Casey Fitzsimmons,1607,TE,DET,10,5.0,2,69.2,,0,0,0,10.0,2,5,11,1,55.6,27.1,65.3,78.3,58.9,35.0,43,0,12,11.4,14,123,1,18,87.0,107,44.7,55,80.3,26,0,9.8,12,128,73,4.1,7.1,1.2
Sammy Morris,678,HB,NE,12,0.8,1,73.1,,0,0,0,13.6,3,10,19,0,46.6,36.0,61.8,81.1,65.1,0.0,0,1,35,11.1,12,108,0,19,83.3,90,2.8,3,75.8,26,0,15.7,17,180,182,9.6,9.5,2.0
Jonathan Stewart,4327,HB,CAR,16,0.2,5,72.0,,0,0,0,10.0,2,7,5,0,56.1,61.0,71.1,43.6,58.0,0.0,0,0,19,27.0,51,189,1,18,70.9,134,1.1,2,98.6,25,1,1.1,2,139,135,7.5,7.7,1.04
Brandon Jackson,3679,HB,GB,12,-1.0,3,84.0,,0,0,0,8.7,2,10,12,0,60.5,57.6,55.3,86.6,67.3,0.0,0,0,17,28.8,59,205,0,21,68.3,140,1.0,2,111.2,25,1,1.0,2,187,206,9.8,8.9,1.34
Robert Royal,1151,TE,CLV,13,9.1,0,45.8,,0,0,0,31.3,5,7,8,0,26.9,71.5,57.1,75.3,34.2,68.2,180,1,29,20.8,55,264,0,11,76.9,203,23.5,62,59.4,24,1,5.7,15,130,39,3.5,11.8,0.64
Kenneth Darby,3862,HB,SL,16,-0.5,4,75.0,,0,0,0,10.0,2,6,26,0,56.3,80.7,56.6,59.2,58.5,0.0,0,0,13,14.0,16,114,1,18,82.5,94,2.6,3,81.3,24,0,6.1,7,96,114,6.3,5.3,1.02
Justin Griffith,1433,FB,SEA,13,3.4,0,79.2,,0,0,0,5.0,1,5,29,1,69.6,25.7,64.9,57.3,47.7,5.4,8,1,25,15.5,23,148,0,19,83.1,123,1.4,2,83.7,24,1,13.5,20,118,83,4.4,6.2,0.96
LaDainian Tomlinson,777,HB,SD,14,-0.8,2,83.3,,0,0,0,4.8,1,8,27,1,70.7,70.8,48.6,50.4,48.5,0.0,0,0,36,25.8,68,264,0,20,71.6,189,1.1,3,93.4,24,0,7.6,20,154,185,9.3,7.7,0.81
Early Doucet,4395,WR,ARZ,9,8.1,3,73.9,,0,0,0,15.0,3,12,1,0,42.1,73.6,64.6,66.8,62.7,0.0,0,1,29,0.6,1,162,0,17,96.3,156,69.8,113,98.8,23,1,30.2,49,214,116,6.8,12.6,1.37
Vonta Leach,2100,FB,HST,16,2.3,1,87.0,,0,0,0,9.1,2,5,13,0,58.1,74.4,56.4,30.1,53.3,0.0,0,0,26,11.3,22,194,2,20,87.6,170,0.0,0,109.2,23,1,1.0,2,155,111,5.6,7.8,0.91
Leonard Weaver,2835,FB,PHI,16,0.9,2,65.2,,0,0,0,21.1,4,6,24,0,29.8,85.7,64.6,77.5,52.8,4.3,11,0,59,29.1,74,254,2,15,67.3,171,8.7,22,110.8,23,2,0.0,0,140,126,8.4,9.3,0.82
Sean Ryan,1865,TE,KC,8,7.3,1,60.9,,0,0,1,22.2,4,7,16,1,29.5,25.9,53.7,45.5,49.2,66.7,176,2,43,27.7,73,264,4,14,67.0,177,27.3,72,70.0,23,2,2.7,7,135,53,3.8,9.6,0.76
Tashard Choice,4436,HB,DAL,16,0.6,5,68.2,,0,0,0,11.8,2,6,9,0,55.6,85.7,63.9,61.0,60.4,0.0,0,0,28,39.3,75,191,0,15,57.6,110,0.0,0,83.9,22,0,2.1,4,132,126,8.4,8.8,1.2
Laurent Robinson,3691,WR,SL,3,12.6,1,59.1,,0,0,0,7.1,1,11,26,0,65.9,73.0,74.6,,73.2,0.0,0,0,45,0.0,0,89,0,13,92.1,82,12.4,11,98.1,22,1,87.6,78,167,43,3.3,12.8,2.04
Chris Henry,2300,WR,CIN,8,20.6,1,54.5,,0,0,0,0.0,0,11,7,0,80.0,72.3,68.9,,68.2,0.0,0,1,73,0.0,0,144,0,12,93.1,134,4.2,6,103.6,22,2,95.8,138,236,65,5.4,19.7,1.76
Mike Tolbert,4740,FB,SD,15,0.3,1,77.3,,0,0,0,15.0,3,9,27,1,41.6,35.2,59.8,65.6,48.7,0.0,0,0,66,19.5,23,118,0,17,77.1,91,5.9,7,142.4,22,3,5.9,7,192,200,11.8,11.3,2.11
Leon Washington,3062,HB,NYJ,7,2.1,0,68.2,,0,0,0,11.8,2,4,22,0,51.2,59.8,61.1,77.1,54.1,0.0,0,0,33,15.2,19,125,1,15,81.6,102,9.6,12,83.7,22,0,11.2,14,131,107,7.1,8.7,1.28
Michael Sellers,432,FB,WAS,15,3.9,1,72.7,,0,0,1,5.9,1,7,32,1,67.0,23.0,64.4,50.1,61.0,43.3,74,0,47,25.7,44,171,5,16,72.5,124,7.0,12,104.9,22,1,0.0,0,143,84,5.3,8.9,1.15
Evan Moore,4771,TE,CLV,5,11.9,0,57.1,,0,0,1,7.7,1,8,8,0,62.1,71.9,71.6,70.1,72.6,60.7,54,0,24,1.1,1,89,2,12,96.6,86,28.1,25,81.1,21,0,11.2,10,158,31,2.6,13.2,1.84
Felix Jones,4336,HB,DAL,14,-1.0,1,90.5,,0,0,0,0.0,0,5,9,0,83.2,57.9,66.0,76.9,72.8,0.0,0,0,30,28.0,35,125,1,19,69.6,87,3.2,4,90.3,21,0,2.4,3,119,145,7.6,6.3,1.37
Jerious Norwood,3024,HB,ATL,10,3.0,2,90.5,,0,0,0,0.0,0,10,2,1,83.6,62.5,55.1,51.5,61.4,0.0,0,0,38,15.4,28,182,0,19,81.9,149,7.7,14,119.4,21,1,3.8,7,186,149,7.8,9.8,1.25
Cedric Benson,2221,HB,CIN,13,0.4,4,81.0,,0,0,0,15.0,3,5,7,0,46.6,87.7,58.1,62.7,45.0,0.0,0,0,19,23.0,57,248,1,17,71.8,178,0.4,1,88.7,21,0,0.4,1,111,105,6.2,6.5,0.62
Derrick Ward,1949,HB,TB,14,0.6,1,95.2,,0,0,1,0.0,0,7,30,0,83.6,70.1,58.0,71.4,64.6,0.0,0,0,38,33.6,71,211,3,20,64.0,135,0.0,0,128.2,21,2,2.4,5,150,141,7.1,7.5,1.11
Gary Barnidge,4455,TE,CAR,13,15.3,2,60.0,,0,0,0,0.0,0,8,5,1,79.4,24.5,82.9,73.9,71.2,53.1,51,2,55,6.3,6,96,0,12,90.6,87,35.4,34,62.9,20,0,8.3,8,242,105,8.8,20.2,2.78
Joey Galloway,117,WR,PIT,3,12.8,0,35.0,,0,0,0,22.2,2,3,25,0,31.8,69.5,49.7,,49.4,0.0,0,0,19,0.0,0,120,1,7,95.0,114,13.3,16,45.2,20,0,86.7,104,67,10,1.4,9.6,0.59
Ladell Betts,1063,HB,WAS,10,-1.1,4,85.0,,0,0,0,5.6,1,9,32,0,69.6,84.5,64.0,65.0,69.0,0.0,0,0,25,31.9,52,163,0,17,66.3,108,4.9,8,102.1,20,0,4.9,8,170,189,11.1,10.0,1.57
Willis McGahee,1339,HB,BLT,15,-0.9,3,75.0,,0,0,0,6.3,1,5,3,0,67.0,68.9,65.2,70.3,70.6,0.0,0,0,14,23.1,18,78,1,15,74.4,58,3.8,3,115.6,20,2,2.6,2,85,114,7.6,5.7,1.47
Earnest Graham,1613,FB,TB,13,5.9,1,70.0,,0,0,0,12.5,2,3,30,0,49.6,77.7,70.8,73.0,48.2,0.9,1,0,16,22.2,26,117,0,14,74.4,87,0.9,1,83.1,20,0,0.9,1,109,83,5.9,7.8,1.25
Reggie Brown,2252,WR,PHI,14,17.2,4,45.0,,0,0,0,10.0,1,7,24,0,58.5,71.7,59.4,,58.8,0.0,0,1,43,0.0,0,188,0,9,93.1,175,7.4,14,51.0,20,0,92.6,174,155,36,4.0,17.2,0.89
David Clowney,3773,WR,NYJ,13,12.6,1,70.0,,0,0,0,6.7,1,7,22,1,64.4,27.0,53.4,,52.9,0.0,0,0,53,0.0,0,174,0,14,95.4,166,22.4,39,116.9,20,1,77.6,135,191,49,3.5,13.6,1.15
Lex Hilliard,4518,HB,MIA,7,1.9,1,100.0,,0,0,0,0.0,0,5,17,0,84.1,80.5,69.8,43.1,76.0,0.0,0,0,18,31.5,39,124,0,20,67.7,84,8.9,11,132.9,20,2,6.5,8,158,121,6.1,7.9,1.88
Justin Fargas,1410,HB,OAK,12,-0.4,1,89.5,,0,0,0,5.6,1,5,23,0,68.7,72.4,57.9,59.9,62.4,0.0,0,0,14,46.7,91,195,2,17,51.3,100,0.0,0,91.4,19,0,2.1,4,113,122,7.2,6.6,1.13
Chris Brown,1407,HB,HST,14,0.4,1,84.2,,0,0,0,5.9,1,1,13,0,66.7,62.3,53.4,58.2,53.2,0.0,0,0,12,33.1,60,181,0,16,64.1,116,1.1,2,82.9,19,0,1.1,2,74,65,4.1,4.6,0.64
Larry Johnson,1343,HB,CIN,13,-0.9,2,78.9,,0,0,0,6.3,1,4,7,0,67.7,64.2,47.8,61.9,55.9,0.0,0,0,22,33.9,64,189,0,15,61.4,116,2.6,5,84.2,19,0,1.1,2,80,93,6.2,5.3,0.69
Lance Moore,2718,WR,NO,7,7.7,0,77.8,,0,0,0,6.7,1,10,20,0,64.7,72.7,72.8,,70.2,0.0,0,1,22,0.0,0,89,0,14,96.6,86,33.7,30,116.0,18,2,66.3,59,153,43,3.1,10.9,1.78
Lousaka Polite,2152,FB,MIA,16,1.5,1,61.1,,0,0,0,15.4,2,3,17,0,43.8,42.8,77.7,73.5,45.8,3.1,7,0,10,31.7,72,227,1,11,67.0,152,1.3,3,65.5,18,0,1.8,4,51,47,4.3,4.6,0.34
Ernest Wilford,1841,TE,JAX,15,10.1,2,61.1,,0,0,0,8.3,1,6,15,0,60.2,71.5,56.9,41.8,52.7,57.4,108,0,30,10.1,19,188,1,11,87.8,165,35.6,67,100.0,18,1,5.9,11,123,40,3.6,11.2,0.75
Michael Bush,3716,HB,OAK,15,-1.8,2,94.4,,0,0,0,5.6,1,3,23,1,71.4,54.1,56.6,84.0,45.7,0.0,0,0,17,38.9,82,211,0,17,57.3,121,0.0,0,91.0,18,0,2.4,5,105,141,8.3,6.2,0.87
Chris Baker,1091,TE,NE,16,6.8,0,77.8,,0,0,0,0.0,0,6,19,0,80.6,72.7,74.0,74.9,54.3,71.0,225,0,36,37.2,118,317,3,14,59.9,190,23.7,75,136.6,18,2,5.0,16,142,33,2.4,10.1,0.75
Ronnie Brown,2219,HB,MIA,9,1.3,1,77.8,,0,0,0,6.7,1,5,17,0,66.7,75.6,60.7,71.9,58.8,0.5,1,0,27,33.5,63,188,0,14,60.6,114,4.8,9,89.4,18,0,1.6,3,98,88,6.3,7.0,0.86
Todd Watkins,3163,WR,OAK,11,18.1,0,44.4,,0,0,0,11.1,1,4,23,0,54.5,70.1,60.3,43.9,59.3,0.0,0,2,28,0.0,0,102,1,8,96.1,98,74.5,76,20.4,18,0,25.5,26,90,24,3.0,11.3,0.92
Brandon Lloyd,1436,WR,DEN,2,13.6,0,44.4,,0,0,0,20.0,2,5,10,0,56.7,70.6,68.3,,66.0,0.0,0,1,44,0.0,0,87,0,8,94.3,82,16.1,14,43.1,18,0,83.9,73,117,24,3.0,14.6,1.43
Rashad Jennings,5174,HB,JAX,15,0.5,2,88.9,,0,0,0,0.0,0,4,15,0,81.7,82.4,59.8,73.1,69.2,0.0,0,0,14,22.2,26,117,0,16,75.2,88,0.0,0,90.0,18,0,0.9,1,101,101,6.3,6.3,1.15
Brian Clark,3271,WR,TB,13,10.4,0,35.3,,0,0,0,25.0,2,3,30,0,29.8,68.8,51.4,,52.1,0.0,0,1,17,0.0,0,81,1,6,95.1,77,34.6,28,22.9,17,0,65.4,53,65,14,2.3,10.8,0.84
Brian Robiskie,4959,WR,CLV,10,16.6,1,43.8,,0,0,0,0.0,0,6,8,0,76.5,70.1,56.3,,55.7,0.0,0,2,43,0.0,0,146,0,7,96.6,141,13.7,20,26.6,16,0,86.3,126,106,47,6.7,15.1,0.75
Lawrence Vickers,3125,FB,CLV,16,0.9,2,50.0,,0,0,0,27.3,3,3,8,1,28.7,18.7,68.8,54.7,28.1,0.0,0,0,12,22.2,20,90,2,8,75.6,68,1.1,1,77.1,16,1,0.0,0,27,31,3.9,3.4,0.4
Ahmard Hall,3336,FB,TEN,16,1.1,4,75.0,,0,0,0,14.3,2,3,31,1,48.0,15.3,59.7,55.2,44.1,0.0,0,0,15,21.9,21,96,3,12,75.0,72,0.0,0,85.2,16,0,1.0,1,79,76,6.3,6.6,1.1
Thomas Jones,585,HB,NYJ,16,-0.9,0,62.5,,0,0,0,9.1,1,4,22,0,58.5,79.4,47.0,63.7,42.1,0.0,0,0,28,22.0,55,250,1,10,73.6,184,1.2,3,69.3,16,0,2.8,7,58,70,7.0,5.8,0.32
LaRod Stephens-Howling,5164,HB,ARZ,16,2.5,2,66.7,,0,0,0,0.0,0,3,1,1,78.7,27.2,55.2,75.1,54.0,0.0,0,0,15,4.8,3,63,0,10,88.9,56,30.2,19,102.9,15,1,39.7,25,83,66,6.6,8.3,1.48
Glen Coffee,4997,HB,SF,12,-2.1,1,73.3,,0,0,0,15.4,2,2,28,0,46.0,86.7,41.6,34.6,49.6,0.0,0,0,15,21.7,28,129,0,11,75.2,97,2.3,3,86.3,15,0,3.1,4,83,113,10.3,7.5,0.86
Jerome Felton,4460,FB,DET,13,3.1,2,86.7,,0,0,0,0.0,0,5,11,0,80.8,77.9,73.3,64.3,67.5,0.0,0,0,27,22.0,27,123,1,13,75.6,93,0.8,1,103.6,15,0,0.8,1,133,94,7.2,10.2,1.43
Kevin Curtis,1389,WR,PHI,3,15.1,0,40.0,,0,0,0,25.0,2,5,24,0,31.8,69.5,60.0,,55.7,0.0,0,2,19,0.0,0,85,0,6,96.5,82,1.2,1,17.2,15,0,98.8,84,77,20,3.3,12.8,0.94
Brad Cottam,4390,TE,KC,8,7.0,0,60.0,,0,0,0,10.0,1,6,16,0,56.7,70.6,62.8,61.6,57.9,55.3,57,1,26,21.4,22,103,0,9,76.7,79,32.0,33,57.6,15,0,1.9,2,120,57,6.3,13.3,1.52
Justin Peelle,1104,TE,ATL,15,7.1,1,80.0,,0,0,0,0.0,0,7,2,0,80.6,21.9,72.2,65.4,57.0,64.0,144,0,32,23.1,52,225,3,12,70.7,159,20.0,45,138.2,15,2,4.4,10,115,50,4.2,9.6,0.72
Laurence Maroney,2966,HB,NE,15,-0.9,2,93.3,,0,0,0,6.7,1,4,19,1,65.6,39.6,44.2,36.4,61.8,0.0,0,0,17,19.4,26,134,0,14,76.9,103,2.2,3,94.2,15,0,9.0,12,99,113,8.1,7.1,0.96
Brian Finneran,423,WR,ATL,10,5.3,0,73.3,,0,0,0,8.3,1,7,2,0,60.2,71.5,59.8,58.5,58.0,5.1,6,0,19,9.4,11,117,0,11,88.0,103,60.7,71,94.0,15,0,20.5,24,111,52,4.7,10.1,1.08
Jim Kleinsasser,469,TE,MIN,16,6.1,0,66.7,,0,0,0,16.7,2,3,18,0,41.4,71.1,71.1,81.8,37.3,81.8,224,0,21,27.7,76,274,4,10,69.3,190,9.1,25,77.1,15,0,5.5,15,70,28,2.8,7.0,0.37
Demetrius Williams,3056,WR,BLT,11,17.9,1,53.3,,0,0,0,0.0,0,6,3,0,76.5,70.1,74.4,,73.7,0.0,0,2,34,0.0,0,112,0,8,91.1,102,19.6,22,68.6,15,1,80.4,90,142,7,0.9,17.8,1.39
Beanie Wells,4954,HB,ARZ,16,2.2,5,80.0,,0,0,0,0.0,0,5,1,0,79.4,28.9,66.7,39.1,79.1,0.0,0,1,25,15.6,19,122,1,12,79.5,97,0.8,1,78.6,15,0,1.6,2,143,111,9.3,11.9,1.47
Steve Heiden,481,TE,CLV,7,5.0,1,66.7,,0,0,1,9.1,1,4,8,1,58.9,20.1,71.2,77.8,45.4,81.5,88,1,14,15.7,17,108,2,10,82.4,89,15.7,17,72.4,15,1,1.9,2,73,22,2.2,7.3,0.82
Jason Hill,3692,WR,SF,10,8.4,4,60.0,,0,0,0,0.0,0,6,28,0,77.3,70.6,58.8,,58.1,0.0,0,0,30,0.0,0,148,1,9,95.3,141,11.5,17,116.7,15,2,88.5,131,90,56,6.2,10.0,0.64
Ryan Moats,2294,HB,HST,8,-0.1,3,92.9,,0,0,0,0.0,0,7,13,1,80.0,28.8,59.0,79.9,71.6,0.0,0,0,20,11.9,10,84,0,13,85.7,72,3.6,3,122.0,14,1,6.0,5,106,111,8.5,8.2,1.47
Aaron Brown,5116,HB,DET,13,1.3,1,64.3,,0,0,0,0.0,0,5,11,0,78.0,80.0,63.6,52.4,63.8,0.0,0,2,26,11.0,8,73,0,9,84.9,62,11.0,8,64.9,14,1,13.7,10,84,82,9.1,9.3,1.35
Ben Patrick,3831,TE,ARZ,9,8.9,0,85.7,,0,0,0,7.7,1,6,1,0,61.8,71.9,77.6,59.8,59.2,75.5,111,0,28,19.0,28,147,2,12,78.2,115,14.3,21,149.7,14,2,3.4,5,146,41,3.4,12.2,1.27
Gijon Robinson,4056,TE,IND,13,5.4,0,64.3,,0,0,1,10.0,1,3,14,0,56.7,70.6,61.8,63.4,48.1,96.0,121,0,19,48.4,61,126,1,9,49.2,62,4.0,5,74.1,14,0,0.0,0,62,21,2.3,6.9,1.0
Tony Stewart,887,TE,OAK,15,3.8,0,76.9,,0,0,0,9.1,1,4,23,0,58.9,71.1,57.1,48.0,50.6,79.0,132,0,19,34.7,58,167,0,10,61.1,102,13.2,22,91.2,13,0,4.8,8,78,45,4.5,7.8,0.76
Gary Russell,4059,FB,OAK,9,-0.5,3,92.3,,0,0,0,7.7,1,6,23,0,45.7,73.5,59.9,34.7,63.7,0.0,0,0,20,31.6,18,57,0,12,63.2,36,1.8,1,97.4,13,0,0.0,0,96,104,8.7,8.0,2.67
Mike Cox,4716,FB,KC,16,2.0,0,76.9,,0,0,0,9.1,1,4,16,0,58.9,72.9,61.2,70.5,52.0,0.7,1,0,19,21.1,30,142,0,10,72.5,103,8.5,12,91.5,13,0,1.4,2,79,60,6.0,7.9,0.77
Derrick Williams,5005,WR,DET,10,12.4,0,46.2,,0,0,1,14.3,1,2,11,0,49.2,69.8,51.6,,54.8,0.0,0,0,19,0.0,0,103,2,6,95.1,98,13.6,14,57.2,13,0,86.4,89,52,16,2.7,8.7,0.53
Danny Woodhead,4914,HB,NYJ,6,4.0,0,61.5,,0,0,0,11.1,1,4,22,0,54.5,77.3,53.3,35.1,75.3,0.0,0,0,24,9.8,5,51,0,8,90.2,46,2.0,1,81.3,13,0,9.8,5,87,48,6.0,10.9,1.89
Jared Cook,5012,TE,TEN,13,6.7,0,69.2,,0,0,0,0.0,0,5,31,0,77.3,70.6,67.1,,68.6,35.5,22,1,17,0.0,0,62,0,9,100.0,62,46.8,29,51.4,13,0,17.7,11,74,42,4.7,8.2,1.19
Kellen Davis,4472,TE,CHI,14,6.9,0,69.2,,0,0,0,10.0,1,5,6,0,56.7,70.6,69.1,55.7,53.1,92.6,88,2,18,15.8,15,95,1,9,81.1,77,7.4,7,83.8,13,3,0.0,0,75,30,3.3,8.3,0.97
Chris Jennings,5480,HB,CLV,8,2.5,1,69.2,,0,0,0,10.0,1,4,8,0,58.5,84.9,56.2,77.1,57.9,0.0,0,0,19,9.8,5,51,0,9,86.3,44,5.9,3,77.7,13,0,7.8,4,56,57,6.3,6.2,1.27
Jeremi Johnson,1430,FB,CIN,16,3.0,0,50.0,,0,0,0,33.3,3,1,7,0,28.8,21.5,70.7,84.0,36.7,1.8,2,0,9,21.1,23,109,1,6,76.1,83,0.0,0,58.0,12,0,0.9,1,41,22,3.7,6.8,0.49
Sam Hurd,3362,WR,DAL,10,7.9,2,58.3,,0,0,0,22.2,2,4,9,0,31.8,69.5,71.2,,66.8,0.0,0,1,53,0.0,0,51,0,7,100.0,51,13.7,7,85.8,12,1,86.3,44,121,89,12.7,17.3,2.37
Brad Smith,3048,WR,NYJ,11,6.9,2,58.3,,0,0,0,12.5,1,3,22,0,52.5,77.4,63.8,,56.6,0.0,0,0,19,0.0,0,81,2,7,97.5,79,17.3,14,72.6,12,0,82.7,67,63,36,5.1,9.0,0.8
Hank Baskett,3220,WR,IND,8,10.7,0,41.7,,0,0,0,16.7,1,1,14,0,45.8,68.0,55.9,,56.9,0.0,0,0,9,0.0,0,92,0,5,96.7,89,14.1,13,49.3,12,0,85.9,79,34,3,0.6,6.8,0.38
Donald Brown,4950,HB,IND,11,3.2,1,91.7,,0,0,0,0.0,0,7,14,0,79.4,62.2,53.9,68.7,70.3,0.0,0,0,72,31.0,45,145,1,11,64.1,93,2.1,3,118.8,12,0,0.0,0,169,127,11.5,15.4,1.82
Nate Hughes,4902,WR,JAX,7,19.2,0,41.7,,0,0,0,16.7,1,2,15,0,45.8,68.0,48.3,,46.0,0.0,0,0,35,0.0,0,119,0,5,99.2,118,39.5,47,88.9,12,1,60.5,72,70,14,2.8,14.0,0.59
Heath Evans,843,FB,NO,6,-1.8,3,83.3,,0,0,0,16.7,2,5,20,0,41.4,74.3,65.3,60.2,52.8,6.7,6,0,13,19.1,17,89,1,10,79.8,71,1.1,1,130.6,12,2,1.1,1,70,89,8.9,7.0,0.99
Kenneth Moore,4450,WR,CAR,11,9.7,0,50.0,,0,0,0,0.0,0,1,5,0,74.6,68.8,53.1,,51.6,0.0,0,0,22,0.0,0,86,0,6,97.7,84,27.9,24,64.2,12,0,72.1,62,59,16,2.7,9.8,0.7
Derek Fine,4446,TE,BUF,8,3.1,1,75.0,,0,0,0,18.2,2,1,4,0,56.7,70.6,63.3,76.8,39.9,96.6,143,0,11,35.1,52,148,1,9,63.5,94,0.7,1,86.8,12,0,0.0,0,64,36,4.0,7.1,0.68
Derek Schouman,3838,TE,BUF,2,7.4,4,81.8,,0,0,0,0.0,0,5,4,0,77.3,70.6,91.1,61.8,89.5,80.0,48,0,27,20.0,12,60,0,9,75.0,45,13.3,8,106.8,11,0,0.0,0,106,47,5.2,11.8,2.36
Naufahu Tahi,3526,FB,MIN,15,0.7,1,90.9,,0,0,0,0.0,0,4,18,0,78.7,73.2,61.3,30.6,66.2,0.9,1,0,32,22.7,25,110,1,10,69.1,76,1.8,2,122.3,11,1,0.0,0,67,64,6.4,6.7,0.88
Tom Santi,4510,TE,IND,3,10.0,0,72.7,,0,0,0,11.1,1,6,14,1,54.9,18.7,58.7,22.9,65.6,97.2,35,0,31,16.7,6,36,1,8,83.3,30,2.8,1,104.4,11,0,0.0,0,110,37,4.6,13.8,3.67
Lavelle Hawkins,4440,WR,TEN,8,11.3,1,63.6,,0,0,0,0.0,0,5,31,0,76.5,70.1,67.1,,66.9,0.0,0,1,32,0.0,0,96,0,7,95.8,92,81.3,78,58.9,11,0,18.8,18,110,37,5.3,15.7,1.2
Jamal Lewis,583,HB,CLV,9,1.3,3,72.7,,0,0,0,20.0,2,5,8,0,38.4,90.1,48.8,76.2,45.5,0.0,0,0,19,35.3,42,119,0,8,62.2,74,0.8,1,96.0,11,0,0.8,1,88,76,9.5,11.0,1.19
Greg Estandia,3597,TE,CLV,6,7.9,0,36.4,,0,0,0,33.3,2,3,8,0,28.6,67.0,50.5,74.6,44.8,61.0,64,0,18,10.5,11,105,2,4,86.7,91,28.6,30,49.4,11,0,8.6,9,45,6,1.5,11.3,0.49
Greg Lewis,1650,WR,MIN,12,8.5,1,72.7,,0,0,0,0.0,0,3,18,0,77.3,70.6,63.7,,63.8,0.0,0,0,32,0.0,0,102,1,8,92.2,94,48.0,49,129.4,11,1,50.0,51,96,40,5.0,12.0,1.02
James Casey,5076,TE,HST,11,8.1,0,54.5,,0,0,0,0.0,0,4,13,0,74.6,68.8,64.0,50.0,58.6,83.2,79,1,32,10.5,10,95,0,6,88.4,84,10.5,10,33.9,11,0,4.2,4,64,24,4.0,10.7,0.76
Ruvell Martin,2111,WR,SL,8,7.0,1,54.5,,0,0,0,14.3,1,4,26,0,52.5,69.5,58.9,,56.8,3.0,3,1,33,0.0,0,100,0,6,97.0,97,61.0,61,47.2,11,0,35.0,35,99,56,9.3,16.5,1.02
Dantrell Savage,4822,HB,KC,5,2.2,3,63.6,,0,0,0,22.2,2,2,16,0,31.8,75.2,45.7,73.8,38.7,0.0,0,1,12,6.5,2,31,0,7,83.9,26,3.2,1,36.6,11,0,0.0,0,51,59,8.4,7.3,1.96
Billy Bajema,2466,TE,SL,15,5.5,0,80.0,,0,0,0,11.1,1,4,26,0,54.9,70.1,65.6,69.7,54.0,74.2,66,0,27,27.0,24,89,0,8,70.8,63,10.1,9,105.8,10,0,1.1,1,94,46,5.8,11.8,1.49
Andre' Davis,1054,WR,HST,12,13.7,1,60.0,,0,0,0,14.3,1,3,13,0,52.1,69.5,55.7,68.7,55.5,2.5,2,0,21,1.3,1,80,0,6,95.0,76,32.5,26,76.7,10,0,65.0,52,59,22,3.7,9.8,0.78
Luke Lawton,2099,FB,OAK,10,-0.1,1,70.0,,0,0,0,30.0,3,2,23,0,28.3,69.5,46.9,36.3,29.7,0.0,0,0,14,46.2,24,52,1,7,53.8,28,1.9,1,73.3,10,0,0.0,0,31,36,5.1,4.4,1.11
Travis Beckum,5023,TE,NYG,10,4.2,0,80.0,,0,0,0,0.0,0,4,21,0,76.5,70.1,73.4,,73.5,18.6,8,1,15,0.0,0,43,0,8,97.7,42,30.2,13,50.0,10,0,48.8,21,55,25,3.1,6.9,1.31
Quinton Ganther,3191,HB,WAS,8,-1.8,3,90.0,,0,0,0,0.0,0,4,32,0,77.3,84.7,66.9,59.5,62.7,0.0,0,0,42,32.7,36,110,0,9,64.5,71,2.7,3,107.9,10,0,4.5,5,99,117,13.0,11.0,1.39
Anthony Becht,602,TE,ARZ,16,5.1,0,70.0,,0,0,0,12.5,1,4,1,1,52.1,18.0,77.6,74.3,50.9,92.5,123,0,16,33.8,45,133,3,7,62.4,83,5.3,7,120.4,10,1,0.0,0,64,27,3.9,9.1,0.77
Jason McKie,1279,FB,CHI,16,0.0,0,50.0,,0,0,0,16.7,1,1,6,0,45.8,68.0,47.6,61.0,40.6,1.4,2,1,8,33.8,47,139,1,5,64.7,90,0.7,1,16.7,10,0,0.0,0,13,14,2.8,2.6,0.14
Jacob Hester,4383,FB,SD,15,-0.4,0,90.0,,0,0,0,0.0,0,0,27,0,77.3,28.5,43.1,84.9,57.0,0.0,0,0,5,30.9,29,94,2,9,66.0,62,5.3,5,79.2,10,0,6.4,6,24,32,3.6,2.7,0.39
Madison Hedgecock,2468,FB,NYG,16,0.3,1,44.4,,0,0,0,42.9,3,1,21,0,27.9,68.8,67.0,78.8,30.1,0.0,0,0,9,23.4,25,107,2,4,72.9,78,2.8,3,88.7,9,1,3.7,4,23,21,5.3,5.8,0.29
Jason Wright,2212,HB,ARZ,12,0.2,2,100.0,,0,0,0,0.0,0,2,1,0,77.3,72.5,71.0,23.2,67.4,8.3,4,0,10,6.3,3,48,0,9,87.5,42,12.5,6,130.8,9,2,2.1,1,53,51,5.7,5.9,1.26
Tyrell Sutton,5395,HB,CAR,6,3.7,1,66.7,,0,0,0,0.0,0,4,5,0,74.6,75.7,70.5,48.4,68.0,0.0,0,0,13,18.0,11,61,0,6,78.7,48,0.0,0,86.3,9,0,3.3,2,62,62,10.3,10.3,1.29
Brad Hoover,740,FB,CAR,11,0.2,0,44.4,,0,0,0,42.9,3,3,5,0,27.0,77.5,64.5,65.8,30.6,1.0,1,0,12,23.5,23,98,0,4,76.5,75,1.0,1,88.7,9,1,0.0,0,23,19,4.8,5.8,0.31
Ovie Mughelli,1445,FB,ATL,14,1.7,1,77.8,,0,0,0,0.0,0,3,2,0,75.6,72.9,81.8,86.1,56.4,3.0,4,0,21,31.1,42,135,1,7,63.7,86,5.2,7,127.3,9,1,1.5,2,51,40,5.7,7.3,0.59
Stephen Spach,2789,TE,ARZ,7,4.8,0,44.4,,0,0,1,0.0,0,1,1,0,72.1,67.0,55.6,78.1,39.8,79.6,74,2,22,25.8,24,93,3,4,67.7,63,14.0,13,17.1,9,0,2.2,2,38,26,6.5,9.5,0.6
Jacob Tamme,4441,TE,IND,8,10.1,0,33.3,,0,0,0,0.0,0,2,14,0,70.5,65.8,49.9,71.3,49.2,18.4,9,2,21,2.0,1,49,0,3,95.9,47,67.3,33,6.5,9,0,10.2,5,35,12,4.0,11.7,0.74
Moran Norris,865,FB,SF,16,1.1,1,77.8,,0,0,0,12.5,1,1,28,0,52.5,76.8,55.5,65.4,48.9,1.0,1,0,11,43.8,46,105,0,7,52.4,55,0.0,0,81.0,9,0,1.9,2,31,26,3.7,4.4,0.56
John Phillips,5132,FB,DAL,16,5.7,1,77.8,,0,0,0,0.0,0,2,9,0,75.6,69.5,87.2,80.8,64.0,45.8,33,0,23,33.3,24,72,1,7,62.5,45,8.3,6,95.4,9,0,13.9,10,62,43,6.1,8.9,1.38
Bobby Engram,177,WR,KC,5,9.9,0,55.6,,0,0,0,16.7,1,4,16,0,46.3,68.0,56.4,,54.4,0.0,0,0,18,0.0,0,102,0,5,93.1,95,69.6,71,76.6,9,0,30.4,31,61,20,4.0,12.2,0.64
Michael Gaines,1946,TE,CLV,9,4.7,1,55.6,,0,0,0,16.7,1,3,8,0,46.3,68.0,74.3,33.0,67.4,79.2,38,0,24,18.8,9,48,1,5,79.2,38,10.4,5,112.7,9,1,0.0,0,59,22,4.4,11.8,1.55
Jake O'Connell,5161,TE,KC,4,9.4,0,22.2,,0,0,0,50.0,2,0,16,0,28.0,65.8,40.4,27.4,36.5,38.9,14,0,4,22.2,8,36,0,2,75.0,27,36.1,13,39.6,9,0,16.7,6,7,3,1.5,3.5,0.26
Jonathan Stupar,4601,TE,BUF,11,2.9,0,66.7,,0,0,0,25.0,2,3,4,0,29.8,68.8,67.2,51.4,42.7,94.1,112,0,17,21.0,25,119,1,6,76.5,91,5.0,6,76.2,9,0,0.0,0,40,45,7.5,6.7,0.44
Clinton Portis,1058,HB,WAS,8,-1.2,0,100.0,,0,0,0,0.0,0,2,32,0,77.3,71.0,57.9,82.4,61.2,0.0,0,0,10,30.4,38,125,1,9,68.0,85,3.2,4,130.1,9,1,2.4,3,57,68,7.6,6.3,0.67
Spencer Havner,3345,TE,GB,15,8.6,1,77.8,,0,0,1,0.0,0,6,12,0,77.3,70.6,80.6,46.8,86.7,50.0,42,0,45,20.2,17,84,3,7,72.6,61,25.0,21,158.1,9,4,13.1,11,112,62,8.9,16.0,1.84
Michael Robinson,3045,HB,SF,10,1.4,1,66.7,,0,0,0,14.3,1,1,28,0,49.2,71.3,56.8,79.4,51.1,0.0,0,0,8,15.4,8,52,0,6,78.8,41,7.7,4,70.1,9,0,3.8,2,24,19,3.2,4.0,0.59
Owen Schmitt,4477,FB,SEA,13,0.8,0,66.7,,0,0,0,14.3,1,2,29,0,49.2,68.8,49.1,63.4,43.4,7.1,5,0,10,20.0,14,70,1,6,75.7,53,1.4,1,107.2,9,1,14.3,10,21,18,3.0,3.5,0.4
Corey McIntyre,1278,FB,BUF,9,0.3,0,87.5,,0,0,0,0.0,0,3,4,0,75.6,73.5,62.6,73.8,68.2,0.0,0,0,18,24.6,14,57,1,7,75.4,43,0.0,0,95.3,8,0,0.0,0,55,56,8.0,7.9,1.28
Greg Jones II,1776,FB,JAX,13,-0.4,3,62.5,,0,0,0,16.7,1,0,15,0,45.8,71.6,56.7,75.7,43.7,1.5,2,1,9,31.4,43,137,1,5,67.2,92,0.0,0,27.1,8,0,0.0,0,14,16,3.2,2.8,0.15
Kevin Ogletree,5387,WR,DAL,9,4.9,1,87.5,,0,0,0,0.0,0,5,9,0,75.6,70.3,75.4,,76.4,0.0,0,0,21,0.0,0,29,0,7,96.6,28,17.2,5,116.7,8,0,82.8,24,96,71,10.1,13.7,3.43
Derek Hagan,3027,WR,NYG,7,12.1,0,100.0,,0,0,0,0.0,0,4,21,0,76.5,70.1,63.8,,61.0,0.0,0,0,23,0.0,0,57,0,8,98.2,56,7.0,4,158.3,8,1,93.0,53,101,4,0.5,12.6,1.8
Jarett Dillard,5068,WR,JAX,6,13.0,0,75.0,,0,0,0,0.0,0,5,15,0,74.6,68.8,76.1,,75.2,0.0,0,0,33,0.0,0,51,0,6,96.1,49,64.7,33,116.7,8,0,35.3,18,106,20,3.3,17.7,2.16
Arian Foster,5398,HB,HST,4,1.9,3,100.0,,0,0,0,0.0,0,5,13,1,76.5,49.5,64.8,56.3,50.1,0.0,0,0,20,13.6,9,66,0,8,84.8,56,0.0,0,115.1,8,0,6.1,4,93,78,9.8,11.6,1.66
John Kuhn,2686,FB,GB,12,1.4,2,100.0,,0,0,0,0.0,0,3,12,0,75.6,74.4,60.0,82.5,63.4,0.0,0,0,14,20.7,19,92,1,7,75.0,69,0.0,0,134.2,7,2,1.1,1,47,37,5.3,6.7,0.68
Darcy Johnson,3377,TE,NYG,13,4.6,0,71.4,,0,0,1,16.7,1,2,21,1,45.8,16.0,64.0,51.0,39.2,76.0,111,0,14,23.3,34,146,2,5,69.9,102,8.2,12,88.4,7,0,13.0,19,45,19,3.8,9.0,0.44
Craig Davis,3646,WR,SD,1,8.1,0,85.7,,0,0,0,0.0,0,4,27,0,74.6,69.8,73.1,,72.4,0.0,0,0,11,0.0,0,39,0,6,100.0,39,46.2,18,97.6,7,0,53.8,21,52,31,5.2,8.7,1.33
Rashied Davis,2554,WR,CHI,11,8.6,0,71.4,,0,0,0,16.7,1,2,6,0,46.3,68.0,57.4,,56.3,0.0,0,0,10,0.0,0,41,0,5,97.6,40,19.5,8,82.4,7,0,80.5,33,35,6,1.2,7.0,0.88
Alex Smith,2288,TE,PHI,16,8.0,0,42.9,,0,0,0,25.0,1,2,24,0,36.2,65.8,63.9,65.0,47.7,54.9,56,0,11,31.4,32,102,1,3,63.7,65,33.3,34,52.7,7,0,11.8,12,25,17,5.7,8.3,0.38
Isaiah Stanback,3719,WR,NE,5,14.3,0,42.9,,0,0,0,25.0,1,1,19,0,36.8,65.8,52.3,,49.5,0.0,0,0,9,0.0,0,69,0,3,94.2,65,14.5,10,50.9,7,0,85.5,59,22,1,0.3,7.3,0.34
Korey Hall,3807,FB,GB,10,2.6,0,71.4,,0,0,0,16.7,1,2,12,0,46.3,68.0,46.5,24.3,53.1,0.0,0,0,13,26.1,12,46,0,5,65.2,30,0.0,0,86.0,7,0,0.0,0,41,28,5.6,8.2,1.37
Willie Parker,2142,HB,PIT,14,2.0,2,85.7,,0,0,0,0.0,0,2,25,0,74.6,65.3,55.4,68.1,61.5,0.0,0,0,27,36.4,36,99,0,6,60.6,60,10.1,10,144.3,7,1,4.0,4,64,51,8.5,10.7,1.07
Mike Karney,1875,FB,SL,14,0.1,0,85.7,,0,0,0,14.3,1,0,26,0,54.5,71.5,67.6,52.2,44.8,0.0,0,0,9,26.9,35,130,1,6,68.5,89,0.0,0,79.2,7,0,0.0,0,16,29,4.8,2.7,0.18
Michael Turner,1873,HB,ATL,11,0.7,0,71.4,,0,0,0,16.7,1,2,2,0,49.7,37.2,59.7,81.6,52.7,0.0,0,0,10,37.0,54,146,0,5,59.6,87,3.4,5,82.4,7,0,0.7,1,35,24,4.8,7.0,0.4
Mike Hart,4516,HB,IND,5,4.7,3,71.4,,0,0,0,16.7,1,3,14,0,46.3,79.2,54.3,77.8,58.5,0.0,0,0,14,12.5,6,48,0,5,87.5,42,4.2,2,93.8,7,0,0.0,0,54,32,6.4,10.8,1.29
Lynell Hamilton,4770,HB,NO,5,-1.1,2,71.4,,0,0,0,16.7,1,4,20,0,45.8,81.1,59.0,70.4,65.4,0.0,0,1,16,5.0,1,20,0,5,90.0,18,5.0,1,50.6,7,0,0.0,0,48,53,10.6,9.6,2.67
Michael Bennett,797,HB,SD,3,-4.6,1,85.7,,0,0,0,0.0,0,2,27,0,74.6,78.7,56.7,80.5,68.7,0.0,0,0,33,28.9,11,38,0,6,71.1,27,0.0,0,105.4,7,0,10.5,4,65,93,15.5,10.8,2.41
Marko Mitchell,5167,WR,WAS,9,12.1,0,57.1,,0,0,0,20.0,1,2,32,0,41.6,67.0,58.0,,57.5,0.0,0,0,11,0.0,0,36,0,4,97.2,35,2.8,1,68.8,7,0,97.2,35,32,13,3.3,8.0,0.91
Brandon Myers,5126,TE,OAK,7,4.3,0,66.7,,0,0,0,0.0,0,0,23,0,72.1,67.0,63.3,76.0,48.0,83.3,40,0,6,18.8,9,48,0,4,75.0,36,14.6,7,70.8,6,0,0.0,0,19,17,4.3,4.8,0.53
Matt Spaeth,3693,TE,PIT,16,4.8,0,83.3,,0,0,0,0.0,0,1,25,1,73.4,19.7,60.2,58.5,35.7,87.2,116,0,9,34.6,46,133,2,5,62.4,83,9.8,13,123.6,6,1,1.5,2,25,11,2.2,5.0,0.3
Peyton Hillis,4541,FB,DEN,10,1.3,0,66.7,,0,0,0,20.0,1,0,10,0,41.6,75.6,48.3,73.9,48.5,8.3,2,0,6,12.5,3,24,1,4,87.5,21,12.5,3,70.8,6,0,12.5,3,19,15,3.8,4.8,0.9
Eric Weems,4097,WR,ATL,15,4.3,0,100.0,,0,0,0,0.0,0,3,2,0,74.6,74.1,59.8,64.9,55.4,0.0,0,0,30,1.4,1,74,1,6,94.6,70,67.6,50,141.0,6,2,21.6,16,50,24,4.0,8.3,0.71
Louis Rankin,4590,HB,SEA,5,-3.3,2,83.3,,0,0,0,16.7,1,1,29,0,45.8,22.3,38.0,75.0,56.9,0.0,0,0,14,21.4,3,14,0,5,78.6,11,0.0,0,89.6,6,0,7.1,1,33,50,10.0,6.6,3.0
John Owens,1133,TE,SEA,16,4.5,0,50.0,,0,0,0,40.0,2,1,29,0,28.0,65.8,57.6,67.5,35.8,81.3,74,0,8,30.8,28,91,0,3,67.0,61,11.0,10,56.3,6,0,7.7,7,16,14,4.7,5.3,0.26
Dan Kreider,749,FB,ARZ,14,1.0,0,66.7,,0,0,0,33.3,2,0,1,0,28.6,67.0,68.7,63.5,31.4,3.2,2,0,8,24.2,15,62,2,4,71.0,44,0.0,0,71.5,6,0,0.0,0,20,16,4.0,5.0,0.45
Marcus Mason,4256,HB,WAS,9,0.0,2,100.0,,0,0,0,0.0,0,1,32,0,74.6,80.6,55.0,44.9,63.9,0.0,0,0,17,19.6,10,51,0,6,76.5,39,3.9,2,106.9,6,0,5.9,3,58,58,9.7,9.7,1.49
Jeff Dugan,1936,TE,MIN,16,7.0,0,100.0,,0,0,0,0.0,0,3,18,0,74.6,71.3,66.8,67.4,60.2,46.9,45,0,25,15.6,15,96,1,6,79.2,76,11.5,11,142.4,6,2,6.3,6,52,13,2.2,8.7,0.68
Deshawn Wynn,3844,HB,GB,4,-0.3,0,33.3,,0,0,0,60.0,3,1,12,0,25.9,71.6,46.9,70.7,26.9,0.0,0,0,11,38.2,21,55,0,2,58.2,32,3.6,2,43.1,6,0,0.0,0,19,15,7.5,9.5,0.59
Tim Castille,3906,FB,KC,6,4.8,0,66.7,,0,0,0,0.0,0,1,16,0,72.1,25.0,41.1,55.7,67.6,0.0,0,0,20,22.2,10,45,0,4,68.9,31,4.4,2,122.9,6,1,0.0,0,37,11,2.8,9.3,1.19
Darnell Dinkins,1236,TE,NO,10,2.7,0,83.3,,0,0,0,0.0,0,2,20,0,73.4,68.0,66.9,78.1,47.8,85.1,57,0,8,35.8,24,67,2,5,62.7,42,7.5,5,121.5,6,1,0.0,0,22,22,4.4,4.4,0.52
Brandon Manumaleuna,876,TE,SD,16,0.8,1,83.3,,0,0,0,0.0,0,1,27,0,73.4,68.0,65.0,63.0,43.4,61.8,147,1,11,53.4,127,238,2,5,44.1,105,2.9,7,39.6,6,0,1.3,3,13,27,5.4,2.6,0.12
Quan Cosby,5342,WR,CIN,5,9.8,0,66.7,,0,0,0,20.0,1,2,7,0,41.6,68.3,77.0,,76.2,0.0,0,0,23,0.0,0,21,0,4,100.0,21,66.7,14,95.8,6,0,33.3,7,55,12,3.0,13.8,2.62
BenJarvus Green-Ellis,4599,HB,NE,7,1.8,0,40.0,,0,0,0,60.0,3,0,19,0,25.0,79.1,37.0,70.6,26.2,0.0,0,0,6,15.3,11,72,0,2,79.2,57,1.4,1,47.9,5,0,1.4,1,11,14,7.0,5.5,0.19
Kassim Osgood,1676,WR,SD,4,16.0,1,20.0,,0,0,0,0.0,0,1,27,0,64.7,61.2,56.8,,55.8,3.3,1,0,17,0.0,0,30,1,1,100.0,30,30.0,9,41.3,5,0,66.7,20,17,0,0.0,17.0,0.57
Kris Wilson,1782,TE,SD,10,3.6,0,80.0,,0,0,0,20.0,1,2,27,0,41.6,67.0,60.9,75.8,54.8,60.9,28,0,21,17.4,8,46,0,4,80.4,37,26.1,12,129.6,5,1,0.0,0,28,17,4.3,7.0,0.76
LenDale White,2990,HB,TEN,12,-1.6,1,60.0,,0,0,0,0.0,0,0,31,0,36.8,52.8,39.4,69.5,39.9,0.0,0,0,7,35.5,22,62,0,3,61.3,38,0.0,0,64.6,5,0,0.0,0,14,18,6.0,4.7,0.37
Bernard Scott,5133,HB,CIN,8,-0.8,0,100.0,,0,0,0,0.0,0,2,7,0,73.4,58.4,68.5,78.7,72.1,0.0,0,0,23,15.6,7,45,0,5,82.2,37,4.4,2,118.8,5,0,2.2,1,67,71,14.2,13.4,1.81
Tim Carter,1053,WR,SL,2,9.6,0,20.0,,0,0,0,50.0,1,0,26,0,28.8,61.2,45.0,,45.4,0.0,0,0,6,0.0,0,30,0,1,96.7,29,6.7,2,39.6,5,0,93.3,28,6,1,1.0,6.0,0.21
Tony Richardson,110,FB,NYJ,16,3.2,1,60.0,,0,0,0,0.0,0,0,22,0,70.5,72.7,59.6,74.5,44.1,0.0,0,0,5,25.3,45,178,2,3,71.9,128,2.8,5,64.6,5,0,6.2,11,10,11,3.7,3.3,0.08
Ben Obomanu,3194,WR,SEA,7,5.0,0,80.0,,0,0,0,20.0,1,4,29,0,42.1,67.0,78.8,,71.2,0.0,0,0,12,0.0,0,21,0,4,100.0,21,28.6,6,100.8,5,0,71.4,15,41,21,5.3,10.3,1.95
Limas Sweed,4367,WR,PIT,5,22.0,0,20.0,,0,0,0,50.0,1,0,25,0,28.8,61.2,44.7,,45.5,0.0,0,0,5,0.0,0,26,0,1,88.5,23,19.2,5,39.6,5,0,80.8,21,5,0,0.0,5.0,0.22
Terrance Copper,2016,WR,KC,8,12.8,0,80.0,,0,0,0,20.0,1,2,16,0,41.6,67.0,65.0,,61.9,0.0,0,0,50,0.0,0,15,0,4,80.0,12,33.3,5,118.8,5,0,66.7,10,68,22,5.5,17.0,5.67
Kory Sperry,5369,TE,MIA,7,11.6,0,60.0,,0,0,0,0.0,0,3,17,0,70.5,65.8,71.3,76.4,66.3,77.1,37,0,13,29.2,14,48,0,3,68.8,33,10.4,5,117.5,5,1,12.5,6,31,4,1.3,10.3,0.94
Arnaz Battle,1499,WR,SF,6,4.0,0,100.0,,0,0,0,0.0,0,3,28,0,74.6,68.8,61.9,,61.6,0.0,0,0,12,0.0,0,69,0,5,94.2,65,78.3,54,100.0,5,0,20.3,14,40,20,4.0,8.0,0.62
John Gilmore,1176,TE,TB,11,3.4,0,60.0,,0,0,0,0.0,0,0,30,0,70.5,65.8,72.9,79.0,46.5,94.0,47,0,9,44.0,22,50,3,3,56.0,28,4.0,2,71.3,5,0,2.0,1,23,18,6.0,7.7,0.82
Aaron Stecker,572,HB,ATL,4,-0.8,1,100.0,,0,0,0,0.0,0,1,2,0,73.4,72.2,56.7,76.0,70.1,0.0,0,0,14,16.7,3,18,0,5,83.3,15,0.0,0,95.0,5,0,5.6,1,34,38,7.6,6.8,2.27
Clifton Smith,4854,HB,TB,4,1.0,0,50.0,,0,0,0,33.3,1,0,30,0,68.3,16.4,40.6,72.3,55.9,0.0,0,0,3,9.1,2,22,0,2,86.4,19,0.0,0,56.3,4,0,18.2,4,4,4,2.0,2.0,0.21
Chad Simpson,4692,HB,IND,6,-4.0,0,75.0,,0,0,0,0.0,0,0,14,0,70.5,76.4,74.4,76.9,58.8,0.0,0,0,5,17.9,5,28,0,3,71.4,20,0.0,0,77.1,4,0,0.0,0,1,21,7.0,0.3,0.05
Marcel Reece,4702,FB,OAK,2,10.8,3,50.0,,0,0,0,0.0,0,1,23,0,68.3,64.0,77.2,,78.5,0.0,0,0,11,0.0,0,6,0,2,100.0,6,0.0,0,64.6,4,0,66.7,4,20,15,7.5,10.0,3.33
Patrick Cobbs,3272,HB,MIA,5,2.3,1,75.0,,0,0,0,0.0,0,1,17,0,70.5,72.0,58.5,10.7,60.6,0.0,0,0,10,12.0,3,25,0,3,88.0,22,40.0,10,88.5,4,0,16.0,4,23,18,6.0,7.7,1.05
Terrelle Smith,651,FB,DET,6,1.5,0,50.0,,0,0,0,33.3,1,0,11,0,29.9,64.0,54.8,75.0,35.5,0.0,0,0,4,10.3,3,29,0,2,86.2,25,0.0,0,56.3,4,0,0.0,0,7,2,1.0,3.5,0.28
Lamont Jordan,819,HB,DEN,7,6.5,0,0.0,,0,0,0,,0,0,10,0,,78.4,31.1,33.4,46.8,0.0,0,0,0,25.9,7,27,0,0,66.7,18,0.0,0,39.6,4,0,0.0,0,0,0,,,0.0
Quinn Johnson,5069,FB,GB,8,2.0,0,50.0,,0,0,0,50.0,2,0,12,0,27.3,64.0,52.9,80.8,28.5,4.9,2,0,4,34.1,14,41,0,2,63.4,26,0.0,0,56.3,4,0,0.0,0,4,0,0.0,2.0,0.15
Todd Yoder,772,TE,WAS,8,6.8,0,100.0,,0,0,0,0.0,0,3,32,0,72.1,67.0,77.3,38.8,85.3,76.7,33,0,3,16.3,7,43,0,4,74.4,32,7.0,3,118.8,4,3,2.3,1,9,1,0.3,2.3,0.28
Brandon Jones,2313,WR,SF,6,24.3,0,25.0,,0,0,0,0.0,0,1,28,0,68.3,64.0,62.6,,66.2,0.0,0,0,18,0.0,0,18,1,1,94.4,17,22.2,4,45.8,4,0,77.8,14,18,0,0.0,18.0,1.06
Danny Ware,4095,HB,NYG,5,-4.3,0,75.0,,0,0,0,0.0,0,0,21,0,70.5,23.7,47.6,82.2,56.3,0.0,0,0,14,31.3,15,48,0,3,62.5,30,0.0,0,80.2,4,0,0.0,0,15,28,9.3,5.0,0.5
Mike Bell,3225,HB,NO,13,-0.3,0,100.0,,0,0,0,0.0,0,1,20,0,72.1,61.0,44.7,42.8,51.7,0.0,0,0,9,16.0,13,81,1,4,81.5,66,0.0,0,79.2,4,0,0.0,0,12,13,3.3,3.0,0.18
Verron Haynes,1156,FB,ATL,6,-0.3,0,75.0,,0,0,0,0.0,0,1,2,0,70.5,65.8,72.0,68.9,57.9,0.0,0,0,10,45.6,36,79,0,3,49.4,39,2.5,2,85.4,4,0,0.0,0,20,22,7.3,6.7,0.51
James Davis,5119,HB,CLV,2,-2.0,0,100.0,,0,0,0,0.0,0,0,8,0,72.1,74.0,56.2,75.3,63.0,0.0,0,0,2,18.8,3,16,1,4,68.8,11,6.3,1,79.2,4,0,6.3,1,5,13,3.3,1.3,0.45
Ahman Green,374,HB,GB,8,-2.3,1,75.0,,0,0,0,25.0,1,2,12,0,36.2,81.7,58.6,73.9,49.6,0.0,0,0,12,10.7,3,28,0,3,89.3,25,3.6,1,83.3,4,0,7.1,2,18,22,7.3,6.0,0.72
Roscoe Parrish,2272,WR,BUF,6,4.0,0,75.0,,0,0,0,0.0,0,0,4,0,70.5,68.7,53.5,,54.0,0.0,0,0,10,0.0,0,25,0,3,96.0,24,36.0,9,79.2,4,0,64.0,16,14,13,4.3,4.7,0.58
Troy Williamson,2224,WR,JAX,2,10.3,0,75.0,,0,0,0,0.0,0,1,15,1,70.5,14.2,45.0,,44.8,0.0,0,0,13,0.0,0,37,0,3,100.0,37,2.7,1,100.0,4,0,97.3,36,34,11,3.7,11.3,0.92
Dan Gronkowski,5179,TE,DET,2,6.0,0,33.3,,0,0,0,50.0,1,0,11,0,28.9,61.2,42.5,71.9,30.6,100.0,13,0,4,23.1,3,13,0,1,76.9,10,0.0,0,42.4,3,0,0.0,0,4,3,3.0,4.0,0.4
Kahlil Bell,5243,HB,CHI,7,-1.3,0,33.3,,0,0,0,50.0,1,0,6,0,28.8,81.5,49.6,62.9,38.1,0.0,0,0,4,28.6,14,49,0,1,71.4,35,6.1,3,42.4,3,0,6.1,3,4,7,7.0,4.0,0.11
Tony Fiammetta,5052,FB,CAR,7,1.7,0,0.0,,0,0,0,100.0,2,0,5,0,25.5,,53.3,80.2,27.6,0.0,0,0,0,26.8,11,41,0,0,68.3,28,0.0,0,39.6,3,0,4.9,2,0,0,,,0.0
Kyle Eckel,2574,FB,NO,6,0.3,0,66.7,,0,0,0,0.0,0,1,20,0,68.3,67.8,52.8,73.2,60.2,0.0,0,0,8,6.5,2,31,0,2,93.5,29,0.0,0,77.1,3,0,3.2,1,14,15,7.5,7.0,0.48
L.J. Smith,1376,TE,BLT,10,5.0,0,66.7,,0,0,0,0.0,0,2,3,0,68.3,64.0,66.7,74.2,53.4,63.2,24,0,32,13.2,5,38,0,2,84.2,32,21.1,8,109.0,3,0,7.9,3,37,25,12.5,18.5,1.16
Sinorice Moss,2989,WR,NYG,7,25.3,0,33.3,,0,0,0,0.0,0,1,21,0,64.7,61.2,58.8,,58.5,0.0,0,1,18,0.0,0,37,0,1,94.6,35,16.2,6,54.9,3,1,83.8,31,18,0,0.0,18.0,0.51
Ben Hartsock,1789,TE,NYJ,16,14.3,0,33.3,,0,0,1,0.0,0,1,22,0,64.7,61.2,78.6,60.4,41.4,80.0,104,0,2,33.1,43,130,3,1,64.6,84,8.5,11,81.9,3,1,6.9,9,2,0,0.0,2.0,0.02
Fred Taylor,333,HB,NE,6,-1.7,0,66.7,,0,0,0,33.3,1,1,19,0,30.0,52.0,49.7,80.8,41.6,0.0,0,0,13,20.0,12,60,0,2,75.0,45,3.3,2,81.3,3,0,8.3,5,17,19,9.5,8.5,0.38
Deon Anderson,3811,FB,DAL,15,2.3,0,33.3,,0,0,0,50.0,1,0,9,0,30.0,64.0,72.1,61.7,37.9,0.0,0,0,5,36.5,27,74,3,1,60.8,45,0.0,0,42.4,3,0,2.7,2,5,1,1.0,5.0,0.11
Seneca Wallace,1422,QB,SEA,11,1.7,0,66.7,,0,0,0,0.0,0,2,29,2,68.3,56.9,52.3,60.9,92.7,0.0,0,0,24,0.7,1,143,2,2,2.1,3,0.0,0,97.9,3,0,2.8,4,29,38,19.0,14.5,9.67
John Standeford,2183,WR,DET,2,9.7,0,33.3,,0,0,0,0.0,0,1,11,0,64.7,61.2,57.6,,62.7,0.0,0,1,5,0.0,0,14,1,1,78.6,11,14.3,2,2.8,3,0,85.7,12,5,1,1.0,5.0,0.45
Edgerrin James,439,HB,SEA,7,-0.7,2,100.0,,0,0,0,0.0,0,1,29,0,70.5,55.2,30.1,57.5,58.9,0.0,0,0,7,26.2,11,42,0,3,71.4,30,0.0,0,93.1,3,0,9.5,4,19,21,7.0,6.3,0.63
Steve Johnson,4538,WR,BUF,4,7.3,0,66.7,,0,0,0,0.0,0,1,4,0,68.3,64.0,61.2,,61.0,0.0,0,0,5,0.0,0,14,0,2,100.0,14,50.0,7,71.5,3,0,50.0,7,10,0,0.0,5.0,0.71
Garrett Wolfe,3709,HB,CHI,5,-1.7,0,66.7,,0,0,0,0.0,0,0,6,0,68.3,77.9,43.9,38.7,58.1,0.0,0,0,12,38.1,8,21,0,2,61.9,13,4.8,1,74.3,3,0,4.8,1,12,16,8.0,6.0,0.92
David Johnson,5165,FB,PIT,12,0.0,0,66.7,,0,0,0,33.3,1,0,25,0,29.9,64.0,61.1,75.4,32.5,48.1,13,0,5,29.6,8,27,1,2,66.7,18,0.0,0,70.1,3,0,0.0,0,9,8,4.0,4.5,0.5
Sam Gado,2599,HB,SL,11,-0.3,1,100.0,,0,0,0,0.0,0,0,26,0,72.1,76.0,44.6,56.0,63.0,0.0,0,0,13,26.3,10,38,0,3,65.8,25,0.0,0,101.4,3,0,5.3,2,25,26,8.7,8.3,1.0
Kolby Smith,3764,HB,KC,3,-2.0,0,100.0,,0,0,0,0.0,0,0,16,0,68.3,76.2,58.6,76.8,57.3,0.0,0,0,5,23.8,5,21,0,2,76.2,16,4.8,1,85.4,2,0,0.0,0,9,13,6.5,4.5,0.56
Jackie Battle,3885,HB,KC,5,-5.0,0,100.0,,0,0,0,0.0,0,0,16,0,68.3,72.3,63.4,74.0,61.4,0.0,0,0,3,20.0,2,10,0,2,70.0,7,10.0,1,79.2,2,0,0.0,0,-3,7,3.5,-1.5,-0.43
Mike Goodson,5034,HB,CAR,5,-1.0,0,100.0,,0,0,0,0.0,0,1,5,0,68.3,27.0,37.4,49.6,76.9,4.5,1,0,13,36.4,8,22,0,2,63.6,14,4.5,1,97.9,2,0,0.0,0,15,17,8.5,7.5,1.07
Edgar Jones,4280,TE,BLT,3,2.0,0,50.0,,0,0,0,0.0,0,1,3,0,64.7,61.2,54.7,52.2,51.1,70.0,7,0,8,20.0,2,10,0,1,80.0,8,20.0,2,60.4,2,0,0.0,0,8,6,6.0,8.0,1.0
Shonn Greene,4988,HB,NYJ,12,-1.5,0,0.0,,0,0,0,100.0,1,0,22,0,27.9,25.3,48.7,78.7,33.6,0.0,0,0,0,15.9,7,44,0,0,79.5,35,2.3,1,39.6,2,0,4.5,2,0,0,,,0.0
Samuel Giguere,4687,WR,IND,1,15.0,0,0.0,,0,0,0,,0,0,14,0,,,52.1,,52.0,0.0,0,0,0,0.0,0,20,0,0,100.0,20,0.0,0,39.6,2,0,100.0,20,0,0,,,0.0
Yamon Figurs,3690,WR,TB,5,7.0,0,50.0,,0,0,0,0.0,0,1,30,0,64.7,64.6,51.5,,54.7,0.0,0,1,7,0.0,0,11,0,1,100.0,11,9.1,1,18.8,2,0,90.9,10,7,1,1.0,7.0,0.64
Brandon Tate,5006,WR,NE,2,37.0,0,0.0,,0,0,0,,0,0,19,0,,61.9,56.1,,52.6,0.0,0,1,0,0.0,0,14,0,0,100.0,14,7.1,1,0.0,2,0,92.9,13,0,0,,,0.0
Jake Nordin,4245,FB,DET,4,9.5,0,100.0,,0,0,1,0.0,0,2,11,0,70.5,65.8,60.4,0.0,79.4,59.3,16,0,14,7.4,2,27,2,2,88.9,24,7.4,2,118.8,2,0,7.4,2,26,7,3.5,13.0,1.08
B.J. Askew,1400,FB,TB,5,1.5,0,100.0,,0,0,0,0.0,0,0,30,0,68.3,66.2,57.8,79.0,55.4,2.8,1,0,4,22.2,8,36,1,2,66.7,24,2.8,1,79.2,2,0,0.0,0,3,0,0.0,1.5,0.13
Quinten Lawrence,5099,WR,KC,2,11.0,0,50.0,,0,0,0,0.0,0,0,16,0,64.7,66.7,66.8,,54.5,0.0,0,0,9,0.0,0,14,0,1,100.0,14,7.1,1,62.5,2,0,92.9,13,9,4,4.0,9.0,0.64
Mark Jones,1922,WR,TEN,1,14.5,0,50.0,,0,0,0,0.0,0,0,31,0,64.7,61.2,55.5,,56.0,0.0,0,0,9,0.0,0,7,0,1,100.0,7,0.0,0,62.5,2,0,100.0,7,9,1,1.0,9.0,1.29
Chris Ogbonnaya,5135,HB,SL,2,-2.0,2,50.0,,0,0,0,0.0,0,1,26,0,64.7,74.1,59.2,68.3,61.7,0.0,0,0,19,52.8,19,36,0,1,47.2,17,0.0,0,83.3,2,0,2.8,1,19,19,19.0,19.0,1.12
Wallace Wright,3563,WR,NYJ,6,9.0,0,100.0,,0,0,0,0.0,0,2,22,0,70.5,65.8,77.6,,70.5,0.0,0,0,14,0.0,0,28,0,2,85.7,24,75.0,21,110.4,2,0,25.0,7,21,3,1.5,10.5,0.88
Joe Klopfenstein,2991,TE,BUF,1,11.0,0,50.0,,0,0,0,50.0,1,1,4,0,28.9,61.2,43.7,46.2,46.3,100.0,17,0,11,35.3,6,17,1,1,64.7,11,0.0,0,66.7,2,0,0.0,0,11,5,5.0,11.0,1.0
Adrian Peterson,1177,HB,CHI,5,2.5,0,100.0,,0,0,0,0.0,0,1,6,0,29.9,72.3,51.0,47.1,43.6,0.0,0,0,7,26.9,7,26,0,2,65.4,17,0.0,0,89.6,2,0,3.8,1,11,6,3.0,5.5,0.65
Jordan Kent,3826,WR,SL,2,2.5,0,50.0,,0,0,0,0.0,0,1,26,0,64.7,61.2,58.8,,55.3,0.0,0,0,5,0.0,0,14,0,1,100.0,14,7.1,1,56.3,2,0,92.9,13,5,5,5.0,5.0,0.36
Tyler Grisham,5230,WR,PIT,2,7.5,0,50.0,,0,0,0,50.0,1,1,25,0,28.8,61.2,52.8,,53.6,0.0,0,0,14,0.0,0,12,0,1,91.7,11,91.7,11,72.9,2,0,8.3,1,14,4,4.0,14.0,1.27
Montell Owens,3452,FB,JAX,4,4.0,0,0.0,,0,0,0,100.0,1,0,15,0,27.9,65.2,49.1,74.4,27.1,0.0,0,0,0,33.3,3,9,0,0,66.7,6,0.0,0,39.6,1,0,0.0,0,0,0,,,0.0
Jerome Simpson,4360,WR,CIN,1,11.0,0,0.0,,0,0,0,,0,0,7,0,,,55.3,,55.2,0.0,0,0,0,0.0,0,9,0,0,88.9,8,22.2,2,39.6,1,0,77.8,7,0,0,,,0.0
Brett Favre,14,QB,MIN,16,-3.0,0,100.0,,0,0,0,0.0,0,0,18,1,,90.4,91.5,61.3,,0.0,0,0,-2,0.2,1,601,10,1,0.0,0,0.0,0,79.2,1,0,0.0,0,-2,1,1.0,-2.0,
James Hardy,4355,WR,BUF,2,7.0,0,100.0,,0,0,0,0.0,0,0,4,0,64.7,61.2,55.2,,54.7,0.0,0,0,9,0.0,0,11,0,1,100.0,11,9.1,1,104.2,1,0,90.9,10,9,2,2.0,9.0,0.82
Xavier Omon,4493,HB,BUF,3,2.0,0,0.0,,0,0,0,,0,0,4,0,,69.7,69.4,73.6,56.0,0.0,0,0,0,28.6,2,7,0,0,71.4,5,14.3,1,39.6,1,0,0.0,0,0,0,,,0.0
Jaymar Johnson,4507,WR,MIN,2,9.0,0,100.0,,0,0,0,0.0,0,0,18,0,64.7,61.2,56.7,,56.8,0.0,0,0,9,0.0,0,8,0,1,100.0,8,0.0,0,104.2,1,0,100.0,8,9,0,0.0,9.0,1.13
Justin Harper,4529,WR,BLT,2,8.0,0,0.0,,0,0,0,,0,0,3,0,,,53.1,,50.3,0.0,0,0,0,0.0,0,26,0,0,96.2,25,11.5,3,39.6,1,0,88.5,23,0,0,,,0.0
Brett Swain,4531,HB,GB,2,17.0,0,0.0,,0,0,0,,0,0,12,0,,,56.4,,56.5,0.0,0,0,0,0.0,0,5,0,0,100.0,5,0.0,0,39.6,1,0,100.0,5,0,0,,,0.0
Keith Zinger,4546,TE,ATL,13,5.0,0,0.0,,0,0,0,100.0,1,0,2,0,27.9,,56.7,74.5,30.2,100.0,32,0,0,28.1,9,32,0,0,71.9,23,0.0,0,39.6,1,0,0.0,0,0,0,,,0.0
Michael Matthews,4218,TE,DET,3,46.0,0,0.0,,0,0,0,,0,0,11,0,,,57.5,75.6,52.4,84.6,11,0,0,69.2,9,13,1,0,30.8,4,7.7,1,39.6,1,0,0.0,0,0,0,,,0.0
Darius Reynaud,4661,WR,MIN,5,8.0,0,0.0,,0,0,0,,0,0,18,0,,,52.8,,52.4,0.0,0,0,0,0.0,0,13,0,0,92.3,12,53.8,7,39.6,1,0,46.2,6,0,0,,,0.0
Matthew Mulligan,4701,TE,NYJ,1,0.0,0,100.0,,0,0,0,0.0,0,0,22,0,64.7,61.2,54.2,,62.6,100.0,1,0,2,0.0,0,1,1,1,100.0,1,0.0,0,79.2,1,0,0.0,0,2,2,2.0,2.0,2.0
Jake Allen,4709,WR,CLV,3,21.0,0,0.0,,0,0,0,,0,0,8,0,,,53.5,,53.8,0.0,0,0,0,0.0,0,14,0,0,92.9,13,0.0,0,39.6,1,0,100.0,14,0,0,,,0.0
Maurice Purify,4779,WR,CIN,5,14.0,0,0.0,,0,0,0,,0,0,7,0,,,54.6,,51.3,0.0,0,0,0,0.0,0,20,1,0,95.0,19,5.0,1,39.6,1,0,95.0,19,0,0,,,0.0
Matt Lawrence,4887,HB,BLT,1,1.0,0,100.0,,0,0,0,0.0,0,0,3,0,64.7,69.4,45.3,,64.4,0.0,0,0,4,0.0,0,2,0,1,100.0,2,0.0,0,83.3,1,0,0.0,0,4,3,3.0,4.0,2.0
Stefan Logan,4909,WR,PIT,5,-4.0,0,100.0,,0,0,0,0.0,0,0,25,0,64.7,61.2,57.0,,57.4,0.0,0,0,5,0.0,0,6,0,1,100.0,6,66.7,4,87.5,1,0,33.3,2,5,9,9.0,5.0,0.83
Drew Brees,802,QB,NO,15,-7.0,0,100.0,,0,0,0,0.0,0,0,20,8,,69.6,89.2,,,0.0,0,0,-4,0.0,0,563,3,1,0.0,0,0.0,0,79.2,1,0,0.0,0,-4,3,3.0,-4.0,
Kevin Boothe,3121,G,NYG,9,3.0,0,0.0,,0,0,0,,0,0,21,0,,,68.6,76.2,50.1,2.2,3,0,0,97.8,136,139,0,0,2.2,3,0.0,0,39.6,1,0,0.0,0,0,0,,,0.0
Michael Oher,4946,T,BLT,16,-8.0,0,100.0,,0,0,0,0.0,0,0,3,0,67.6,62.3,78.3,72.8,37.2,3.4,20,0,-8,96.6,569,589,9,1,3.1,18,0.0,0,79.2,1,0,0.0,0,-8,0,0.0,-8.0,-0.44
Mark Tauscher,705,T,GB,8,-4.0,0,100.0,,0,0,0,0.0,0,0,12,0,67.6,62.3,68.0,68.0,66.9,0.0,0,0,-3,100.0,287,287,2,1,0.0,0,0.0,0,79.2,1,0,0.0,0,-3,1,1.0,-3.0,
Alex Smith,2218,QB,SF,11,-7.0,0,100.0,,0,0,0,0.0,0,0,28,3,,76.7,70.3,,,0.0,0,0,-6,0.0,0,423,6,1,0.0,0,0.0,0,79.2,1,0,0.0,0,-6,1,1.0,-6.0,
Richard Quinn,4987,TE,DEN,8,6.0,0,0.0,,0,0,0,,0,0,10,0,,,69.5,75.0,50.1,52.6,10,0,0,36.8,7,19,0,0,57.9,11,26.3,5,39.6,1,0,15.8,3,0,0,,,0.0
Courtney Roby,2285,WR,NO,6,5.0,0,100.0,,0,0,0,0.0,0,0,20,0,64.7,61.2,52.9,,53.5,0.0,0,0,6,0.0,0,10,0,1,90.0,9,50.0,5,91.7,1,0,50.0,5,6,1,1.0,6.0,0.67
Ramses Barden,5008,WR,NYG,2,7.0,0,100.0,,0,0,0,0.0,0,1,21,0,64.7,61.2,52.3,,52.6,0.0,0,0,16,0.0,0,19,0,1,94.7,18,15.8,3,118.8,1,0,84.2,16,16,9,9.0,16.0,0.89
Matt Cassel,2447,QB,KC,15,26.0,0,0.0,,0,0,0,,0,0,16,4,,66.5,59.8,61.3,60.0,0.0,0,1,0,0.2,1,609,8,0,0.2,1,0.0,0,0.0,1,0,0.0,0,0,0,,,0.0
Anthony Hill,5046,TE,HST,3,3.0,1,100.0,,0,0,0,0.0,0,0,13,0,64.7,61.2,62.9,69.5,82.4,100.0,6,0,9,33.3,2,6,1,1,66.7,4,0.0,0,104.2,1,0,0.0,0,9,6,6.0,9.0,2.25
Donovan McNabb,438,QB,PHI,14,-13.0,0,100.0,,0,0,0,0.0,0,0,24,7,,65.0,74.9,62.2,,0.0,0,0,1,0.2,1,526,2,1,0.0,0,0.0,0,79.2,1,0,0.2,1,1,14,14.0,1.0,
Gartrell Johnson,5058,HB,NYG,3,2.0,0,0.0,,0,0,0,100.0,1,0,21,0,28.0,75.5,31.2,70.9,27.3,0.0,0,0,0,14.3,1,7,0,0,85.7,6,0.0,0,39.6,1,0,0.0,0,0,0,,,0.0
Tory Humphrey,2644,TE,NO,1,0.0,0,100.0,,0,0,0,0.0,0,0,20,0,64.7,61.2,54.2,68.7,52.4,72.7,8,0,7,9.1,1,11,0,1,90.9,10,27.3,3,95.8,1,0,0.0,0,7,7,7.0,7.0,0.7
Brady Quinn,3638,QB,CLV,10,12.0,0,100.0,,0,0,0,0.0,0,1,8,3,64.7,80.8,54.4,,90.6,0.0,0,0,18,0.0,0,289,2,1,0.3,1,0.0,0,118.8,1,0,0.0,0,18,6,6.0,18.0,18.0
Bear Pascoe,5108,TE,NYG,3,-7.0,0,100.0,,0,0,0,0.0,0,0,21,0,64.7,61.2,80.4,74.9,72.2,63.6,7,0,9,54.5,6,11,0,1,45.5,5,9.1,1,104.2,1,0,18.2,2,9,16,16.0,9.0,1.8
Mike Vrabel,268,ED,KC,3,4.0,0,100.0,,0,0,0,0.0,0,1,16,0,64.7,61.2,59.5,0.0,82.6,100.0,4,0,1,0.0,0,4,0,1,75.0,3,0.0,0,118.8,1,1,0.0,0,1,0,0.0,1.0,0.33
Javarris Williams,5136,HB,KC,4,21.0,0,0.0,,0,0,0,,0,0,16,0,,70.6,43.7,25.6,54.0,0.0,0,0,0,38.1,8,21,0,0,61.9,13,0.0,0,39.6,1,0,0.0,0,0,0,,,0.0
Donald Penn,3459,T,TB,16,-5.0,1,100.0,,0,0,1,0.0,0,1,30,0,67.6,62.3,73.9,70.6,91.3,0.0,0,0,15,100.0,622,622,10,1,0.0,0,0.0,0,118.8,1,0,0.0,0,15,20,20.0,15.0,
Cameron Morrah,5172,TE,SEA,2,3.0,0,100.0,,0,0,0,0.0,0,0,29,0,64.7,61.2,57.2,,56.9,50.0,2,0,3,0.0,0,4,0,1,100.0,4,25.0,1,79.2,1,0,25.0,1,3,0,0.0,3.0,0.75
Brock Bolen,5264,FB,JAX,3,10.0,0,0.0,,0,0,0,,0,0,15,0,,,47.3,76.1,52.8,0.0,0,0,0,25.0,5,20,0,0,75.0,15,0.0,0,39.6,1,0,10.0,2,0,0,,,0.0
Zach Potter,5302,TE,JAX,1,3.0,0,100.0,,0,0,0,0.0,0,0,15,0,64.7,61.2,53.3,70.0,59.8,100.0,4,0,3,50.0,2,4,1,1,50.0,2,0.0,0,79.2,1,0,0.0,0,3,0,0.0,3.0,1.5
Colin Cloherty,5308,TE,IND,1,2.0,0,100.0,,0,0,0,0.0,0,0,14,0,64.7,61.2,53.0,,50.8,61.5,8,0,2,0.0,0,13,0,1,100.0,13,38.5,5,79.2,1,0,0.0,0,2,0,0.0,2.0,0.15
Chris Pressley,5347,FB,TB,6,1.0,0,100.0,,0,0,0,0.0,0,0,30,0,64.7,64.6,58.6,77.2,52.9,3.4,1,0,2,17.2,5,29,0,1,75.9,22,0.0,0,79.2,1,0,0.0,0,2,1,1.0,2.0,0.09
Charly Martin,5366,WR,CAR,5,5.0,0,100.0,,0,0,0,0.0,0,0,5,0,64.7,61.2,53.4,,51.0,0.0,0,0,6,0.0,0,35,0,1,91.4,32,20.0,7,91.7,1,0,80.0,28,6,1,1.0,6.0,0.19
Wayne Hunter,1388,TE,NYJ,9,3.0,0,0.0,,0,0,1,100.0,1,0,22,0,27.9,,52.1,37.1,29.9,37.0,17,0,0,69.6,32,46,2,0,28.3,13,2.2,1,39.6,1,0,0.0,0,0,0,,,0.0
