player,player_id,position,team_name,player_game_count,attempts,avoided_tackles,breakaway_attempts,breakaway_percent,breakaway_yards,declined_penalties,designed_yards,drops,elu_recv_mtf,elu_rush_mtf,elu_yco,elusive_rating,explosive,first_downs,franchise_id,fumbles,gap_attempts,grades_hands_fumble,grades_offense,grades_offense_penalty,grades_pass,grades_pass_block,grades_pass_route,grades_run,grades_run_block,longest,penalties,rec_yards,receptions,routes,run_plays,scramble_yards,scrambles,targets,total_touches,touchdowns,yards,yards_after_contact,yco_attempt,ypa,yprr,zone_attempts
Arian Foster,5398,HB,HST,16,351,29,17,27.0,384,0,1424,5,3,29,766,17.9,38,79,13,3,0,76.0,72.5,85.6,,57.2,45.8,77.5,57.2,46,0,217,40,364,374,0,0,53,391,15,1424,766,2.18,4.1,0.6,0
Adrian Peterson,3623,HB,MIN,16,348,64,40,56.5,1184,0,2097,3,7,64,1369,72.0,61,85,18,4,0,66.8,92.3,85.6,,65.5,58.5,92.4,60.2,82,0,217,40,283,370,0,0,48,388,12,2097,1369,3.93,6.0,0.77,0
Alfred Morris,7165,HB,WAS,16,335,57,24,31.5,508,0,1613,1,2,57,1001,51.0,55,85,32,4,0,60.8,91.0,32.0,,81.5,50.0,90.4,62.6,39,2,77,11,194,433,0,0,15,346,13,1613,1001,2.99,4.8,0.4,0
Doug Martin,7035,HB,TB,16,319,53,15,33.1,481,0,1454,7,15,53,1005,58.2,38,58,30,1,0,89.5,79.1,38.7,,61.6,69.8,79.0,57.5,70,3,472,49,334,352,0,0,62,368,11,1454,1005,3.15,4.6,1.41,0
Marshawn Lynch,3628,HB,SEA,16,315,58,22,32.9,523,0,1590,3,5,58,872,51.6,39,70,29,5,0,49.4,82.2,85.5,,67.3,47.8,83.6,62.6,77,1,196,23,209,365,0,0,28,338,11,1590,872,2.77,5.0,0.94,0
Stevan Ridley,6225,HB,NE,16,290,29,16,25.0,316,1,1263,2,0,29,714,24.1,33,82,19,4,0,54.4,68.4,24.8,,66.2,37.7,73.8,65.8,41,3,51,6,176,316,0,0,11,296,12,1263,714,2.46,4.4,0.29,0
Jamaal Charles,4387,HB,KC,16,285,18,19,42.3,638,0,1509,4,6,18,634,16.7,39,62,16,5,0,46.2,77.5,52.0,,80.2,58.0,77.0,61.0,91,1,236,35,204,305,0,0,43,320,5,1509,634,2.22,5.3,1.16,0
BenJarvus Green-Ellis,4599,HB,CIN,15,278,19,10,26.5,290,0,1094,2,4,19,576,15.9,17,54,7,3,0,65.8,62.6,85.5,,72.9,53.4,62.1,63.0,48,0,104,22,236,318,0,0,26,300,6,1094,576,2.07,3.9,0.44,0
Shonn Greene,4988,HB,NYJ,16,276,15,7,13.4,142,0,1063,3,1,15,593,11.7,20,53,22,4,0,57.4,66.3,84.3,,62.2,37.2,70.4,58.9,36,1,151,19,169,316,0,0,26,295,8,1063,593,2.15,3.9,0.89,0
Chris Johnson,4338,HB,TEN,16,276,26,14,39.5,491,1,1243,2,3,26,557,18.8,29,46,31,5,0,48.5,62.3,63.4,,64.4,41.5,66.8,69.2,94,1,238,36,366,297,0,0,44,312,6,1243,557,2.02,4.5,0.65,0
Trent Richardson,7009,HB,CLV,15,267,39,6,12.8,122,0,950,5,19,39,558,38.1,14,36,8,3,0,69.8,73.0,58.9,,54.2,62.7,75.0,57.1,32,2,367,51,317,302,0,0,61,318,11,950,558,2.09,3.6,1.16,0
Frank Gore,2282,HB,SF,16,258,29,16,27.2,330,0,1214,4,11,29,682,37.0,42,67,28,2,0,74.3,72.1,59.3,,69.2,54.8,72.4,68.6,37,2,234,28,274,313,0,0,34,286,8,1214,682,2.64,4.7,0.85,0
Steven Jackson,1745,HB,SL,16,258,22,10,20.4,213,0,1045,4,5,22,693,24.5,27,47,26,0,0,91.3,75.2,58.9,,77.0,57.9,76.9,56.4,46,1,321,38,323,284,0,0,49,296,4,1045,693,2.69,4.1,0.99,0
Ray Rice,4369,HB,BLT,16,257,20,11,24.9,285,0,1143,4,12,20,606,23.7,25,52,3,1,0,86.8,77.8,42.4,,68.7,84.0,72.8,65.7,46,2,478,61,341,294,0,0,80,318,9,1143,606,2.36,4.4,1.4,0
Matt Forte,4358,HB,CHI,15,248,22,12,28.2,309,0,1094,4,1,22,597,19.0,25,45,6,2,0,74.6,67.6,87.2,,77.2,62.5,65.2,56.5,46,0,340,44,274,269,0,0,59,292,5,1094,597,2.41,4.4,1.24,0
Reggie Bush,2947,HB,MIA,16,227,29,16,37.4,369,2,986,6,7,29,468,28.3,28,43,17,4,0,53.3,65.2,28.5,,49.0,47.8,71.6,64.9,65,3,292,35,231,268,0,0,48,262,6,986,468,2.06,4.3,1.26,0
Michael Turner,1873,HB,ATL,16,222,38,9,27.4,219,0,800,4,3,38,503,38.5,20,40,2,3,0,61.2,65.3,82.0,,77.2,39.7,67.0,57.8,43,0,128,19,149,235,0,0,29,241,10,800,503,2.27,3.6,0.86,0
Ahmad Bradshaw,3866,HB,NYG,14,221,18,8,18.0,183,0,1015,0,9,18,550,27.5,35,58,21,3,0,57.6,79.9,86.8,,82.8,68.2,74.9,58.5,37,2,245,23,185,231,0,0,26,244,6,1015,550,2.49,4.6,1.32,0
Darren McFadden,4318,HB,OAK,12,216,16,9,32.9,233,0,709,8,7,16,418,17.3,12,33,23,2,0,71.1,52.7,53.8,,54.9,39.0,58.1,60.4,64,1,258,42,258,237,0,0,58,258,2,709,418,1.94,3.3,1.0,0
Mikel Leshoure,6209,HB,DET,14,215,13,3,5.8,46,0,798,4,7,13,431,16.1,17,47,11,3,0,58.9,69.4,86.5,,80.4,57.5,68.9,61.8,16,0,214,34,220,243,0,0,45,249,9,798,431,2.0,3.7,0.97,0
Vick Ballard,7162,HB,IND,16,211,32,10,23.6,192,0,814,4,3,32,531,38.6,26,50,14,3,0,43.0,70.6,54.1,,68.2,59.7,70.7,57.4,26,1,152,17,173,250,0,0,24,228,2,814,531,2.52,3.9,0.88,0
C.J. Spiller,5534,HB,BUF,16,207,53,16,39.9,496,0,1244,1,13,53,742,94.6,32,53,4,3,0,58.1,91.7,87.7,,59.0,74.9,92.1,72.4,62,0,459,43,241,238,0,0,55,250,6,1244,742,3.58,6.0,1.9,0
LeSean McCoy,4976,HB,PHI,12,200,39,9,25.0,210,1,840,3,7,39,504,45.6,24,46,24,4,0,47.1,77.9,59.9,,68.3,76.4,75.5,65.3,34,2,367,54,280,241,0,0,63,254,2,840,504,2.52,4.2,1.31,0
Ryan Mathews,5537,HB,SD,12,184,24,2,6.9,49,0,707,2,7,24,479,36.2,14,35,27,2,0,66.9,73.3,83.6,,72.0,80.1,68.7,59.4,31,0,252,39,173,199,0,0,52,223,1,707,479,2.6,3.8,1.46,0
DeAngelo Williams,2972,HB,CAR,16,172,16,7,31.3,231,0,716,2,4,16,542,34.1,18,32,5,2,0,62.0,66.4,84.9,,83.5,54.0,65.9,61.4,65,0,187,13,147,224,0,0,19,185,5,737,542,3.15,4.3,1.27,0
Willis McGahee,1339,HB,DEN,10,167,13,8,20.4,149,0,731,4,6,13,396,23.3,18,44,10,5,0,28.0,70.7,42.4,,69.9,54.3,72.8,57.3,31,2,221,26,157,179,0,0,31,193,4,731,396,2.37,4.4,1.41,0
DeMarco Murray,6223,HB,DAL,10,161,22,6,25.2,167,0,663,4,6,22,400,35.5,14,40,9,3,0,49.4,70.2,84.8,,69.5,58.0,71.1,57.7,48,0,251,35,205,185,0,0,41,196,4,663,400,2.48,4.1,1.22,0
Mark Ingram II,6180,HB,NO,16,156,23,7,26.4,159,0,602,0,1,23,431,40.9,10,28,20,0,0,90.2,77.6,24.2,,38.8,61.4,78.1,56.9,31,1,29,6,71,167,0,0,10,162,5,602,431,2.76,3.9,0.41,0
Jonathan Dwyer,5711,HB,PIT,13,156,14,6,21.7,135,0,623,2,7,14,433,33.5,21,28,25,2,0,60.1,69.7,82.1,,86.1,57.4,68.0,60.4,34,0,106,18,143,171,0,0,25,174,2,623,433,2.78,4.0,0.74,0
Knowshon Moreno,4935,HB,DEN,8,138,12,8,26.1,137,0,525,1,2,12,296,18.9,10,32,10,1,0,74.6,73.1,83.9,,67.1,76.7,69.3,59.2,20,0,167,21,123,151,0,0,24,159,4,525,296,2.14,3.8,1.36,0
Alex Green,6248,HB,GB,11,135,12,3,16.6,77,0,464,2,0,12,284,16.5,8,17,12,1,0,73.2,62.1,85.1,,80.7,44.0,62.2,56.6,41,0,125,18,105,151,0,0,28,153,0,464,284,2.1,3.4,1.19,0
Cam Newton,6153,QB,CAR,16,127,20,9,36.2,263,0,450,0,0,10,186,21.5,25,48,5,10,0,72.4,71.9,55.7,68.6,,59.3,73.6,61.2,72,3,6,0,1,430,276,34,0,93,9,726,330,2.6,5.7,6.0,1
Robert Griffin III,7008,QB,WAS,15,118,15,6,18.1,149,1,411,0,0,5,133,12.1,26,40,32,13,0,27.0,83.7,41.0,88.3,,60.0,55.3,60.1,76,7,0,0,1,449,411,44,1,74,9,822,259,2.19,7.0,0.0,0
Fred Jackson,3368,HB,BUF,10,115,22,1,3.4,15,0,437,2,9,22,276,49.9,12,26,4,5,0,25.2,66.2,85.1,,76.6,63.9,62.9,80.4,15,0,217,34,159,125,0,0,39,149,3,437,276,2.4,3.8,1.36,0
Bryce Brown,7213,HB,PHI,16,115,20,10,50.4,284,0,564,3,3,20,382,59.7,18,33,24,4,0,26.4,65.0,85.0,,60.3,43.8,70.2,60.1,65,0,56,13,147,121,0,0,18,128,4,564,382,3.32,4.9,0.38,0
Michael Bush,3716,HB,CHI,13,114,13,3,13.4,55,0,411,0,4,13,262,31.8,11,29,6,1,0,69.2,72.1,80.9,,56.3,72.3,71.4,36.9,20,0,83,9,68,119,0,0,11,123,5,411,262,2.3,3.6,1.22,0
Felix Jones,4336,HB,DAL,16,111,5,3,12.9,52,0,402,2,11,5,232,24.6,7,23,9,1,0,71.0,60.3,39.8,,75.9,63.3,57.4,57.1,22,0,262,25,162,128,0,0,34,136,3,402,232,2.09,3.6,1.62,0
Bilal Powell,6278,HB,NYJ,14,110,9,3,11.4,50,0,437,3,7,9,197,22.6,13,23,22,0,0,89.0,64.4,84.4,,75.8,52.1,65.1,59.4,18,0,140,17,173,123,0,0,29,127,4,437,197,1.79,4.0,0.81,0
LaRod Stephens-Howling,5164,HB,ARZ,14,110,24,4,37.9,135,0,356,2,4,24,257,51.5,9,15,1,0,0,89.0,69.5,84.6,,68.2,48.4,75.9,45.7,52,0,106,17,155,119,0,0,28,127,4,356,257,2.34,3.2,0.68,0
Isaac Redman,5233,HB,PIT,14,110,28,4,22.2,91,0,410,2,10,28,332,88.9,11,27,25,3,0,31.3,75.8,83.2,,83.6,74.4,70.6,58.1,28,0,244,19,112,125,0,0,21,129,2,410,332,3.02,3.7,2.18,0
Donald Brown,4950,HB,IND,10,108,15,5,21.3,89,0,417,3,2,15,259,34.8,10,20,14,0,0,88.8,63.8,82.7,,49.5,40.3,71.1,59.3,19,0,93,9,106,120,0,0,13,117,1,417,259,2.4,3.9,0.88,0
Bernard Pierce,7085,HB,BLT,16,108,21,7,35.3,188,0,532,1,4,21,376,75.7,17,22,3,0,0,88.6,83.1,19.8,,54.3,64.2,83.3,58.6,78,1,47,7,63,126,0,0,10,115,1,532,376,3.48,4.9,0.75,0
Pierre Thomas,4080,HB,NO,15,105,19,3,19.0,90,0,473,0,11,19,292,57.9,8,16,20,0,0,89.5,82.5,84.0,,69.6,89.5,78.5,58.3,48,0,354,39,220,114,0,0,45,144,1,473,292,2.78,4.5,1.61,0
Rashad Jennings,5174,HB,JAX,10,101,6,1,7.4,21,0,283,2,6,6,195,19.3,3,16,15,3,0,29.7,59.6,83.6,,67.0,64.7,56.3,59.0,21,0,130,19,119,116,0,0,23,120,2,283,195,1.93,2.8,1.09,0
Daryl Richardson,7233,HB,SL,16,98,11,5,34.7,165,0,475,2,4,11,272,34.1,11,19,26,3,0,29.6,56.9,82.5,,40.2,48.7,61.5,59.2,53,1,163,24,148,109,0,0,31,122,0,475,272,2.78,4.8,1.1,0
Jackie Battle,3885,HB,SD,14,95,7,4,33.4,104,0,311,0,2,7,208,17.9,7,19,27,0,0,87.9,58.2,78.8,,79.2,90.2,51.4,57.1,52,0,108,15,36,110,0,0,15,110,3,311,208,2.19,3.3,3.0,0
Jacquizz Rodgers,6297,HB,ATL,16,94,16,4,26.8,97,1,362,2,17,16,256,61.1,8,17,2,0,0,89.1,69.3,86.4,,72.2,80.3,60.0,71.5,43,1,402,53,266,112,0,0,59,147,1,362,256,2.72,3.9,1.51,0
Jonathan Stewart,4327,HB,CAR,9,93,16,5,26.5,89,0,336,1,2,16,235,41.3,13,14,5,2,0,43.0,69.3,84.1,,75.3,65.6,65.1,79.4,21,0,157,17,121,126,0,0,22,110,1,336,235,2.53,3.6,1.3,0
Russell Wilson,7077,QB,SEA,16,93,14,3,10.8,52,0,155,0,0,2,34,3.7,17,30,29,5,0,74.7,89.7,44.1,87.7,61.3,52.8,76.1,60.0,25,6,0,0,3,466,328,50,0,43,4,483,169,1.82,5.2,0.0,0
Daniel Thomas,6214,HB,MIA,12,91,9,2,12.3,40,0,325,2,5,9,212,30.8,2,15,17,3,0,28.1,56.5,84.5,,57.5,50.7,58.7,57.4,20,0,156,15,132,113,0,0,21,106,4,325,212,2.33,3.6,1.18,0
Beanie Wells,4954,HB,ARZ,8,88,6,1,13.2,31,0,234,0,0,6,120,9.2,3,11,1,1,0,61.8,57.6,77.1,,35.0,57.1,59.6,60.1,31,0,24,1,32,94,0,0,1,89,5,234,120,1.36,2.7,0.75,0
Maurice Jones-Drew,3005,HB,JAX,6,86,12,5,34.3,142,0,414,2,2,12,196,31.9,10,21,15,1,0,64.0,65.8,80.9,,85.5,49.9,66.9,59.2,59,0,86,14,101,100,0,0,18,100,1,414,196,2.28,4.8,0.85,0
Peyton Hillis,4541,HB,KC,13,85,7,5,26.9,83,0,309,2,2,7,206,23.0,8,19,16,2,0,38.2,72.6,81.6,54.1,79.2,57.9,71.5,71.7,18,1,62,10,64,106,0,0,12,95,1,309,206,2.42,3.6,0.97,0
Ronnie Hillman,7069,HB,DEN,14,85,6,4,28.8,95,0,330,2,2,6,157,15.6,8,19,10,2,0,61.9,56.7,81.9,,73.8,46.9,58.5,56.6,31,0,62,10,77,102,0,0,12,95,1,330,157,1.85,3.9,0.81,0
Joique Bell,5797,HB,DET,16,82,10,3,28.0,116,0,414,3,15,10,245,55.7,10,16,11,1,0,68.3,72.6,17.2,,70.7,73.5,73.5,58.6,67,2,485,52,245,89,0,0,65,134,3,414,245,2.99,5.0,1.98,0
Robert Turbin,7106,HB,SEA,16,80,10,4,22.9,81,0,354,2,5,10,179,33.9,13,15,29,0,0,86.8,73.9,83.4,,54.9,68.1,75.0,55.3,26,0,181,19,93,102,0,0,23,99,0,354,179,2.24,4.4,1.95,0
Danny Woodhead,4914,HB,NE,16,76,3,3,16.3,49,0,301,1,5,3,129,11.7,7,20,19,1,0,65.5,67.4,87.9,,82.7,63.8,66.6,60.0,19,0,446,40,275,81,0,0,50,116,4,301,129,1.7,4.0,1.62,0
Andre Brown,5053,HB,NYG,8,73,8,7,39.2,151,0,385,1,1,8,245,35.5,11,25,21,0,0,86.1,74.2,83.2,,74.8,51.6,77.6,59.5,31,1,86,12,97,80,0,0,14,85,8,385,245,3.36,5.3,0.89,0
Kendall Hunter,6267,HB,SF,11,72,11,3,16.7,62,0,371,0,0,11,203,38.3,11,18,28,0,0,86.0,81.8,81.0,60.0,57.5,66.5,81.6,66.9,26,0,60,9,54,92,0,0,12,81,2,371,203,2.82,5.2,1.11,0
David Wilson,7036,HB,NYG,14,71,8,6,48.3,173,0,358,2,3,8,189,39.0,12,17,21,1,0,55.9,66.0,77.5,,40.0,48.6,68.8,57.7,52,0,34,4,37,78,0,0,9,75,4,358,189,2.66,5.0,0.92,0
Cedric Benson,2221,HB,GB,5,71,7,0,0.0,0,0,248,1,1,7,156,20.7,1,10,12,1,0,59.3,61.5,81.9,,83.6,65.0,58.3,58.6,11,0,97,14,84,84,0,0,15,85,1,248,156,2.2,3.5,1.15,0
James Starks,5716,HB,GB,6,71,7,1,8.6,22,0,255,2,1,7,158,23.7,3,12,12,1,0,56.7,60.2,78.9,,25.0,30.9,65.8,60.0,22,0,31,4,36,77,0,0,6,75,1,255,158,2.23,3.6,0.86,0
Ben Tate,5583,HB,HST,11,65,8,2,17.2,48,0,279,0,3,8,171,38.1,7,17,13,1,0,56.6,80.9,77.8,,66.3,72.0,79.1,59.2,25,0,49,11,47,74,0,0,11,76,2,279,171,2.63,4.3,1.04,0
Montario Hardesty,5584,HB,CLV,11,65,3,3,22.1,60,0,271,1,1,3,136,12.5,7,12,8,2,0,28.4,52.5,78.6,,57.9,44.4,55.4,58.0,25,0,16,2,62,72,0,0,4,67,1,271,136,2.09,4.2,0.26,0
Justin Forsett,4547,HB,HST,12,63,11,4,40.9,153,0,374,0,1,11,259,74.7,10,14,13,0,0,84.4,90.5,77.6,,63.5,80.5,87.2,57.3,81,1,38,3,35,71,0,0,4,66,1,374,259,4.11,5.9,1.09,0
Shane Vereen,6208,HB,NE,13,62,4,1,6.4,16,0,251,0,3,4,133,21.5,6,15,19,1,0,53.6,67.4,82.0,,61.1,61.9,68.1,59.1,16,0,149,8,76,67,0,0,10,70,3,251,133,2.15,4.0,1.96,0
Andrew Luck,7007,QB,IND,16,62,4,0,0.0,0,0,5,0,0,0,8,0.0,6,23,14,10,0,78.8,65.9,59.9,64.1,61.3,,68.3,60.0,19,4,0,0,0,418,250,35,0,27,5,255,102,1.65,4.1,,0
Michael Vick,773,QB,PHI,10,61,3,0,0.0,0,0,35,0,0,0,10,0.0,12,20,24,10,0,29.7,57.8,88.1,59.9,,,46.7,60.0,20,2,0,0,0,233,309,39,0,22,1,344,78,1.28,5.6,,0
Christian Ponder,6164,QB,MIN,16,60,4,0,0.0,0,0,-23,0,0,0,1,0.0,7,11,18,7,0,76.1,57.0,78.9,54.8,,,64.0,60.1,29,1,-15,1,0,449,276,40,1,21,2,253,66,1.1,4.2,,0
Colin Kaepernick,6188,QB,SF,13,60,4,6,34.9,145,0,212,0,0,2,34,5.2,15,20,28,9,0,22.8,73.6,0.0,80.8,61.3,,42.7,60.4,50,5,0,0,0,255,204,24,0,36,6,416,51,0.85,6.9,,0
William Powell,6939,HB,ARZ,12,60,10,1,7.8,17,0,217,1,2,10,135,34.2,4,10,1,0,0,84.9,71.1,27.8,,71.6,63.4,73.2,60.1,17,1,132,19,143,65,0,0,23,79,0,217,135,2.25,3.6,0.92,0
Shaun Draughn,6440,HB,KC,14,59,3,2,18.5,43,0,233,2,5,3,107,17.5,4,16,16,1,0,58.4,54.3,22.9,,21.4,55.5,61.6,60.1,25,1,158,24,134,65,0,0,27,83,2,233,107,1.81,3.9,1.18,0
Marcel Reece,4702,FB,OAK,16,59,12,2,11.8,32,0,271,3,7,12,200,58.0,7,16,23,2,0,64.2,80.5,47.1,,77.8,74.6,75.9,89.8,17,3,496,52,375,209,0,0,71,111,0,271,200,3.39,4.6,1.32,0
Ryan Williams,6190,HB,ARZ,5,58,9,2,27.4,45,0,164,1,1,9,136,36.1,5,7,1,2,0,26.9,59.8,79.1,,69.1,58.1,58.6,60.0,25,0,44,7,38,64,0,0,10,65,0,164,136,2.34,2.8,1.16,0
Brandon Bolden,7469,HB,NE,8,56,10,4,34.7,95,0,274,0,0,10,162,49.9,12,18,19,0,0,83.7,74.4,77.5,,31.9,61.4,74.6,58.1,27,0,11,2,28,63,0,0,2,58,2,274,162,2.89,4.9,0.39,0
Mike Tolbert,4740,FB,CAR,16,54,3,0,0.0,0,0,183,1,7,3,139,31.8,1,24,5,0,0,84.8,77.0,88.8,,65.0,80.5,72.1,66.7,13,0,268,27,183,161,0,0,35,81,7,183,139,2.57,3.4,1.46,0
Aaron Rodgers,2241,QB,GB,16,54,3,0,0.0,0,0,-2,0,0,1,14,4.1,9,20,12,5,0,81.0,90.1,47.3,89.3,,,65.7,60.0,27,4,-1,1,0,378,261,36,1,19,2,259,77,1.43,4.8,,0
Lamar Miller,7097,HB,MIA,10,51,6,4,33.6,84,0,250,1,1,6,140,33.7,5,12,17,0,0,83.4,66.0,81.8,,77.0,49.7,68.4,55.7,28,0,45,6,50,67,0,0,7,57,1,250,140,2.75,4.9,0.9,0
Rashard Mendenhall,4337,HB,PIT,6,51,6,2,20.3,37,0,182,0,2,6,122,31.9,4,8,25,3,0,23.2,54.2,76.6,,76.2,77.4,49.3,60.0,20,0,62,9,42,56,0,0,9,60,0,182,122,2.39,3.6,1.48,0
Toby Gerhart,5576,HB,MIN,16,50,3,1,13.0,22,0,169,2,4,3,95,19.0,3,10,18,2,0,28.4,55.2,83.4,,60.4,60.2,51.0,65.2,22,0,155,20,124,66,0,0,25,70,1,169,95,1.9,3.4,1.25,0
Ryan Tannehill,7014,QB,MIA,16,49,2,1,14.7,31,0,75,0,0,2,36,5.6,7,16,17,9,0,71.2,68.4,78.2,70.2,,,42.8,60.0,31,1,0,0,0,414,136,13,0,36,2,211,64,1.31,4.3,,0
Darren Sproles,2347,HB,NO,13,48,8,4,46.3,113,0,244,10,19,8,90,41.2,7,9,20,0,0,86.8,66.0,89.0,,57.8,65.4,68.1,58.3,47,0,667,75,335,60,0,0,93,123,1,244,90,1.88,5.1,1.99,0
Andy Dalton,6187,QB,CIN,16,47,1,0,0.0,0,0,7,0,0,0,15,0.0,5,14,7,4,0,90.7,64.5,56.7,64.4,,59.3,56.1,60.2,17,6,0,0,1,402,113,19,0,28,4,120,66,1.4,2.6,0.0,0
Tashard Choice,4436,HB,BUF,11,47,3,1,11.4,22,0,193,1,0,3,92,11.5,6,9,4,0,0,82.7,63.6,81.9,,83.2,40.7,68.2,54.3,22,0,9,4,47,58,0,0,9,51,1,193,92,1.96,4.1,0.19,0
Ronnie Brown,2219,HB,SD,14,46,4,3,24.5,54,0,220,0,6,4,115,26.3,5,12,27,0,0,85.3,70.5,87.6,,53.7,87.2,64.4,,21,0,371,49,218,47,0,0,56,95,0,220,115,2.5,4.8,1.7,0
Ryan Fitzpatrick,2467,QB,BUF,16,46,5,0,0.0,0,0,9,0,0,0,5,0.0,6,9,4,8,0,59.9,54.0,67.3,52.7,,60.0,60.8,63.1,20,2,0,0,1,412,182,31,0,15,1,191,50,1.09,4.2,0.0,0
Montell Owens,3452,HB,JAX,10,42,5,2,22.5,47,0,209,1,2,5,91,30.3,7,10,15,0,0,82.7,75.2,84.5,,72.3,62.6,75.6,80.6,32,0,113,8,111,61,0,0,10,50,1,209,91,2.17,5.0,1.02,0
Lance Ball,4808,HB,DEN,13,42,6,2,25.9,41,0,158,2,0,6,89,25.9,7,10,10,1,0,43.2,59.9,81.6,,70.0,30.1,69.1,58.4,22,0,65,7,66,47,0,0,11,49,1,158,89,2.12,3.8,0.98,0
Jake Locker,6160,QB,TEN,11,41,4,0,0.0,0,0,18,0,0,0,7,0.0,10,14,31,4,0,50.1,70.9,0.0,68.1,,,77.4,60.0,32,7,0,0,0,206,273,31,0,10,1,291,84,2.05,7.1,,0
LeGarrette Blount,5863,HB,TB,13,41,0,1,23.2,35,0,151,0,1,0,75,4.4,4,7,30,0,0,82.0,62.9,76.7,,63.2,52.6,63.7,60.0,35,0,2,1,23,46,0,0,1,42,2,151,75,1.83,3.7,0.09,0
Jay Cutler,2956,QB,CHI,15,41,5,0,0.0,0,0,-15,0,0,0,0,0.0,12,15,6,8,0,56.1,72.4,51.5,70.6,,,68.7,60.0,24,4,0,0,0,391,248,24,0,17,0,233,16,0.39,5.7,,0
Jalen Parmele,4490,HB,JAX,10,40,6,2,30.8,44,0,143,1,0,6,86,27.4,4,8,15,0,0,81.8,56.5,81.6,,76.9,52.3,56.2,51.7,28,0,60,7,65,50,0,0,9,47,0,143,86,2.15,3.6,0.92,0
Chris Ivory,6007,HB,NO,6,40,12,3,47.5,103,0,217,0,1,12,189,146.3,4,7,20,0,0,81.6,90.3,74.4,,73.2,63.3,88.4,59.3,56,0,15,2,19,45,0,0,3,42,2,217,189,4.73,5.4,0.79,0
Curtis Brinkley,5514,HB,SD,6,39,3,0,0.0,0,0,115,0,1,3,76,15.3,3,8,27,1,0,45.2,56.5,78.9,,80.5,78.8,47.8,60.6,13,0,77,12,45,48,0,0,12,51,0,115,76,1.95,2.9,1.71,0
Josh Freeman,4940,QB,TB,16,39,2,0,0.0,0,0,-8,0,0,0,6,0.0,7,16,30,10,0,82.8,61.9,46.1,62.5,,58.4,50.3,60.1,13,6,0,0,1,404,147,19,0,20,0,139,32,0.82,3.6,0.0,0
Kevin Smith,4378,HB,DET,12,37,1,1,14.2,19,0,134,2,2,1,72,12.4,2,4,11,0,0,81.8,63.4,86.8,,81.2,52.7,62.6,73.6,19,0,79,10,103,43,0,0,15,47,1,134,72,1.95,3.6,0.77,0
Sam Bradford,5526,QB,SL,16,35,0,0,0.0,0,0,-12,0,0,0,0,0.0,6,9,26,8,0,71.1,70.4,2.7,72.1,,,48.5,60.0,21,9,0,0,0,398,134,18,0,17,1,122,16,0.46,3.5,,0
Mike Goodson,5034,HB,OAK,11,35,8,3,48.4,107,1,221,0,5,8,171,124.5,6,6,23,0,0,82.2,83.5,7.5,,62.3,89.2,82.2,60.0,43,1,195,16,75,38,0,0,16,51,0,221,171,4.89,6.3,2.6,0
DuJuan Harris,6595,HB,GB,4,34,5,1,13.4,21,0,157,0,0,5,96,39.2,6,8,12,0,0,80.6,65.9,78.2,,78.5,59.2,64.9,60.0,21,0,17,2,24,36,0,0,2,36,2,157,96,2.82,4.6,0.71,0
Matt Ryan,4317,QB,ATL,16,34,1,0,0.0,0,0,-7,0,0,0,1,0.0,5,7,2,3,0,88.1,84.5,79.0,84.8,,,43.2,60.0,16,1,0,0,0,354,148,20,0,14,1,141,12,0.35,4.1,,0
Cedric Peerman,5109,HB,CIN,10,34,5,2,27.0,48,1,178,0,4,5,115,70.8,4,8,7,0,0,81.1,71.4,79.6,,36.7,75.7,71.1,60.0,31,2,85,9,42,36,0,0,9,43,1,178,115,3.38,5.2,2.02,0
Matthew Stafford,4924,QB,DET,16,33,0,0,0.0,0,1,15,0,0,0,6,0.0,3,10,11,6,0,77.9,73.6,70.3,72.0,,,63.4,60.0,11,3,3,1,0,379,107,20,1,14,3,122,16,0.48,3.7,,0
Brian Leonard,3668,HB,CIN,15,33,0,0,0.0,0,0,106,2,5,0,64,22.0,1,7,7,0,0,81.1,58.4,21.9,,67.3,44.4,64.9,67.4,11,1,67,11,109,43,0,0,15,44,0,106,64,1.94,3.2,0.61,0
Joe Flacco,4332,QB,BLT,16,32,0,0,0.0,0,0,-6,0,0,0,8,0.0,1,11,3,8,0,65.0,68.1,78.6,71.0,,,28.4,60.2,16,2,0,0,0,391,28,5,0,27,3,22,17,0.53,0.7,,0
Ryan Grant,2609,HB,GB,5,32,2,1,13.6,18,0,132,0,0,2,55,10.4,3,8,12,1,0,29.4,62.8,76.5,,65.2,61.3,62.2,59.2,18,0,34,1,20,35,0,0,2,33,2,132,55,1.72,4.1,1.7,0
Delone Carter,6271,HB,IND,8,32,4,1,16.4,20,0,122,1,1,4,83,39.3,1,11,14,1,0,29.6,72.6,75.7,,59.5,25.9,82.6,60.0,20,0,13,1,17,33,0,0,2,33,3,122,83,2.59,3.8,0.76,0
Joe McKnight,5636,HB,NYJ,13,30,6,2,45.3,81,0,179,1,0,6,140,90.3,6,7,22,1,0,28.9,60.9,77.6,,73.2,41.4,64.8,60.7,61,0,18,1,17,38,0,0,2,31,0,179,140,4.67,6.0,1.06,0
Tony Romo,1693,QB,DAL,16,30,0,0,0.0,0,0,-16,0,0,0,1,0.0,2,5,9,5,0,82.5,73.9,37.9,74.1,,,51.9,60.0,15,7,-1,1,0,362,65,9,1,22,1,49,11,0.37,1.6,,0
Alex Smith,2218,QB,SF,10,30,1,1,13.0,17,0,23,0,0,0,5,0.0,4,7,28,3,0,83.5,68.0,45.1,67.1,61.3,,63.8,60.2,24,4,0,0,0,216,108,14,0,16,0,131,23,0.77,4.4,,0
Tim Tebow,5550,QB,NYJ,12,29,2,1,25.0,22,0,88,0,0,2,71,16.9,3,7,22,0,0,80.7,53.4,0.0,67.5,75.7,44.2,55.0,60.1,22,1,0,0,13,47,0,0,1,29,0,88,71,2.45,3.0,0.0,0
Kahlil Bell,5243,HB,CHI,6,29,3,1,23.7,18,1,76,0,0,3,62,20.7,2,4,6,1,0,28.8,47.8,0.0,,64.1,28.7,56.0,58.2,18,2,13,2,11,36,0,0,2,31,0,76,62,2.14,2.6,1.18,0
LaMichael James,7063,HB,SF,4,27,5,2,34.4,43,0,125,0,0,5,91,56.2,6,8,28,1,0,28.8,66.1,76.2,,76.4,72.1,63.2,59.3,26,0,29,3,18,34,0,0,5,30,0,125,91,3.37,4.6,1.61,0
Armando Allen,6723,HB,CHI,9,27,2,2,50.8,63,0,124,0,0,2,74,18.9,3,6,6,0,0,79.1,70.8,76.0,,65.4,63.5,69.4,59.2,46,0,16,2,12,30,0,0,2,29,1,124,74,2.74,4.6,1.33,0
Matt Cassel,2447,QB,KC,9,27,2,0,0.0,0,0,9,0,0,0,3,0.0,6,12,16,9,0,44.8,56.9,50.3,59.2,,,43.1,60.8,21,4,0,0,0,250,136,16,0,11,1,145,50,1.85,5.4,,0
Brandon Weeden,7028,QB,CLV,15,27,1,0,0.0,0,0,8,0,0,0,5,0.0,3,11,8,6,0,83.8,50.1,76.8,51.4,,,40.2,60.7,25,2,-9,0,0,351,103,14,0,13,0,111,93,3.44,4.1,,0
Chris Rainey,7152,HB,PIT,16,26,4,1,18.6,19,0,102,4,4,4,65,50.0,2,5,25,3,0,19.7,50.9,81.3,,71.9,26.6,73.6,73.9,19,0,60,14,96,36,0,0,21,40,2,102,65,2.5,3.9,0.63,0
Philip Rivers,1725,QB,SD,16,26,0,0,0.0,0,0,-16,0,0,0,0,0.0,1,2,27,14,0,72.0,64.1,0.0,66.3,61.2,,43.9,60.2,11,11,0,0,0,405,53,10,1,16,0,37,4,0.15,1.4,,0
Baron Batch,6384,HB,PIT,8,25,1,0,0.0,0,0,49,1,1,1,45,12.4,1,4,25,0,0,78.9,57.4,78.5,,84.5,51.3,54.8,60.0,10,0,31,4,44,27,0,0,6,29,1,49,45,1.8,2.0,0.7,0
Jeremy Stewart,7534,HB,OAK,4,25,1,0,0.0,0,0,101,0,3,1,73,35.4,3,3,23,0,0,79.4,73.7,76.4,,77.8,81.9,69.0,60.0,14,0,62,8,33,26,0,0,8,33,0,101,73,2.92,4.0,1.88,0
Phillip Tanner,6420,HB,DAL,7,25,6,0,0.0,0,0,61,1,1,6,36,34.8,0,3,9,0,0,78.9,58.1,79.3,,74.3,49.2,57.9,,9,0,41,4,36,25,0,0,5,29,0,61,36,1.44,2.4,1.14,0
Ben Roethlisberger,1732,QB,PIT,13,24,1,0,0.0,0,0,-4,0,0,0,1,0.0,3,5,25,5,0,66.1,85.5,62.4,85.0,60.9,60.0,55.6,60.0,14,3,0,0,1,321,90,12,0,12,0,86,15,0.63,3.6,0.0,0
Peyton Manning,327,QB,DEN,16,23,0,0,0.0,0,0,-22,0,0,0,0,0.0,1,2,10,2,0,88.9,91.3,58.5,91.2,,,42.9,60.0,10,3,0,0,0,463,28,5,0,18,0,6,4,0.17,0.3,,0
Tom Brady,698,QB,NE,16,23,0,0,0.0,0,0,10,0,0,0,8,0.0,0,11,19,1,0,91.1,90.6,90.6,89.4,,,59.6,60.0,7,3,0,0,0,507,22,4,0,19,4,32,9,0.39,1.4,,0
Leon Washington,3062,HB,SEA,11,23,2,0,0.0,0,0,83,3,1,2,63,30.4,3,3,29,0,0,78.9,62.7,79.0,,80.5,27.8,72.2,60.0,14,0,31,4,21,26,0,0,7,27,1,83,63,2.74,3.6,1.48,0
Evan Royster,6329,HB,WAS,16,23,5,0,0.0,0,0,88,3,2,5,62,51.0,1,8,32,0,0,79.7,56.4,84.5,,48.2,41.5,63.0,74.6,12,0,104,14,147,45,0,0,19,37,2,88,62,2.7,3.8,0.71,0
Richard Murphy,6602,HB,JAX,5,23,2,0,0.0,0,0,92,0,0,2,56,21.2,1,3,15,0,0,78.2,61.9,78.6,,65.5,48.1,63.1,71.4,14,0,0,0,28,26,0,0,1,23,0,92,56,2.43,4.0,0.0,0
John Kuhn,2686,FB,GB,14,22,0,0,0.0,0,0,58,0,2,0,30,7.4,0,3,12,0,0,79.7,63.4,88.4,,83.4,64.8,56.3,55.6,9,2,148,15,140,143,0,0,18,37,1,58,30,1.36,2.6,1.06,0
Mark Sanchez,4928,QB,NYJ,15,22,0,0,0.0,0,1,-10,0,0,0,0,0.0,0,3,22,13,0,26.4,46.0,77.6,49.6,,,26.8,61.7,8,2,0,0,0,407,38,9,0,13,0,28,14,0.64,1.3,,0
Percy Harvin,4945,WR,MIN,9,22,5,2,36.5,35,0,96,1,22,5,45,65.7,3,6,18,2,0,29.4,90.8,86.8,,70.0,92.1,48.1,66.8,20,1,677,62,261,140,0,0,81,84,1,96,45,2.05,4.4,2.59,0
Lance Dunbar,7332,HB,DAL,8,21,5,1,24.0,18,0,75,1,1,5,41,43.4,2,5,9,0,0,78.5,61.6,78.3,,64.8,53.4,63.0,60.0,18,0,33,6,39,23,0,0,11,27,0,75,41,1.95,3.6,0.85,0
Anthony Dixon,5696,HB,SF,8,21,3,0,0.0,0,0,78,0,0,3,38,25.9,0,3,28,0,0,77.4,68.2,73.0,,39.8,57.2,68.3,56.8,9,0,0,0,3,27,0,0,0,21,2,78,38,1.81,3.7,0.0,0
Matt Schaub,1811,QB,HST,16,21,0,0,0.0,0,0,-19,0,0,0,0,0.0,0,0,13,4,0,85.0,75.4,69.3,76.5,,,29.7,60.0,8,3,-6,1,0,506,10,2,1,20,0,-9,0,0.0,-0.4,,0
Eli Manning,1722,QB,NYG,16,20,0,0,0.0,0,0,-11,0,0,0,0,0.0,1,2,21,5,0,85.0,78.7,43.5,79.3,,,38.1,60.1,13,5,0,0,0,397,41,9,0,11,0,30,15,0.75,1.5,,0
Chad Henne,4371,QB,JAX,10,19,0,0,0.0,0,0,6,0,0,0,1,0.0,1,5,15,4,0,62.1,53.1,68.2,56.9,,,28.6,60.5,15,1,-6,1,0,174,58,12,1,8,1,64,25,1.32,3.4,,0
Jamie Harper,6282,HB,TEN,10,19,2,0,0.0,0,0,30,0,0,2,21,11.1,1,4,31,0,0,77.0,64.5,75.9,,42.6,54.7,67.7,59.7,13,0,8,1,18,22,0,0,1,20,3,30,21,1.11,1.6,0.44,0
Carson Palmer,1317,QB,OAK,15,18,1,0,0.0,0,0,11,0,0,0,9,0.0,0,7,23,7,0,70.3,65.7,54.2,66.4,,,40.8,60.0,9,4,0,0,0,327,25,4,0,14,1,36,26,1.44,2.0,,0
Blaine Gabbert,6162,QB,JAX,10,18,0,0,0.0,0,0,6,0,0,0,5,0.0,1,6,15,5,0,74.2,58.3,67.0,60.0,,,41.6,60.0,10,1,0,0,0,180,50,9,0,9,0,56,23,1.28,3.1,,0
Jason Snelling,3860,HB,ATL,16,18,4,0,0.0,0,0,63,1,5,4,53,54.1,1,3,2,1,0,41.8,63.9,27.7,,74.6,63.1,61.6,63.2,11,1,203,31,115,65,0,0,35,49,0,63,53,2.94,3.5,1.77,0
Brady Quinn,3638,QB,KC,10,18,0,0,0.0,0,0,-2,0,0,0,2,0.0,1,2,16,1,0,76.7,50.9,65.6,48.5,,59.9,65.2,60.0,12,1,0,0,1,233,66,12,1,6,0,64,18,1.0,3.6,0.0,0
Jacob Hester,4383,FB,DEN,3,17,1,1,22.2,18,0,81,0,0,1,42,13.7,2,5,10,0,0,76.7,65.3,78.6,,77.7,58.4,65.3,57.3,18,0,7,1,20,25,0,0,1,18,2,81,42,2.47,4.8,0.35,0
Keith Toston,5821,HB,JAX,1,17,3,0,0.0,0,0,74,0,4,3,56,115.3,2,2,15,0,0,76.7,67.7,75.2,,62.4,70.8,65.5,60.0,14,0,41,3,23,19,0,0,4,20,0,74,56,3.29,4.4,1.78,0
Anthony Allen,6377,HB,BLT,7,16,0,1,32.8,20,0,61,2,0,0,32,0.0,1,4,3,0,0,76.2,54.6,77.0,,77.9,39.9,60.8,58.7,20,0,12,2,26,21,0,0,4,18,1,61,32,2.0,3.8,0.46,0
Darius Reynaud,4661,HB,TEN,14,16,3,0,0.0,0,0,33,0,0,3,28,25.0,1,1,31,0,0,77.1,59.1,80.5,,81.3,59.0,56.3,58.8,11,0,35,5,53,22,0,0,8,21,0,33,28,1.75,2.1,0.66,0
Kevin Kolb,3652,QB,ARZ,6,16,0,0,0.0,0,0,11,0,0,0,2,0.0,5,7,1,2,0,75.5,68.1,29.9,65.7,,,75.1,60.0,22,2,0,0,0,120,89,7,0,9,1,100,19,1.19,6.3,,0
Drew Brees,802,QB,NO,16,15,0,0,0.0,0,0,-10,0,0,0,0,0.0,1,2,20,5,0,88.6,84.7,68.6,83.9,,,41.6,60.0,11,6,0,0,0,369,15,3,1,12,1,5,1,0.07,0.3,,0
Darrel Young,5438,FB,WAS,16,14,1,1,26.7,16,0,60,1,1,1,26,16.9,2,7,32,0,0,77.0,74.4,85.3,,78.7,55.1,74.4,70.9,16,1,109,8,66,220,0,0,9,22,0,60,26,1.86,4.3,1.65,0
Brad Smith,3048,WR,BUF,15,14,1,4,72.4,84,0,116,0,1,1,46,23.5,5,7,4,1,0,77.8,64.9,85.1,39.3,,63.1,70.5,66.3,35,0,152,14,181,125,0,0,20,28,1,116,46,3.29,8.3,0.84,0
Le'Ron McClain,3753,FB,SD,16,14,0,1,40.5,17,0,42,0,1,0,27,8.8,1,2,27,0,0,76.7,56.1,86.5,,84.5,58.0,53.2,54.6,17,0,29,8,63,238,0,0,8,22,0,42,27,1.93,3.0,0.46,0
Tyrod Taylor,6332,QB,BLT,7,13,4,0,0.0,0,0,14,0,0,0,11,0.0,2,5,3,0,0,80.7,68.2,80.4,58.1,,58.6,78.9,60.0,28,0,0,0,2,52,52,5,0,8,1,66,61,4.69,5.1,0.0,0
Jorvorskie Lane,7002,FB,MIA,16,13,0,0,0.0,0,1,13,0,2,0,10,6.4,0,5,17,2,0,19.7,55.9,0.0,,64.1,57.7,45.2,65.2,4,2,79,11,63,220,0,0,12,24,2,13,10,0.77,1.0,1.25,0
Mewelde Moore,1840,HB,IND,9,13,0,0,0.0,0,1,20,2,0,0,11,0.0,0,1,14,1,0,24.7,53.4,4.6,,61.4,60.4,43.8,76.7,6,2,77,6,70,15,0,0,8,19,0,20,11,0.85,1.5,1.1,0
Matt Hasselbeck,408,QB,TEN,8,13,1,0,0.0,0,0,-7,0,0,0,0,0.0,3,2,31,3,0,47.0,64.8,61.1,66.1,,,44.2,60.0,16,4,0,0,0,143,45,6,0,7,0,38,15,1.15,2.9,,0
Dion Lewis,6301,HB,PHI,7,13,3,1,24.6,17,0,69,0,0,3,38,58.5,3,5,24,0,0,75.5,75.2,77.6,,81.7,58.2,78.0,,17,0,24,2,30,14,0,0,2,15,1,69,38,2.92,5.3,0.8,0
Dexter McCluster,5561,WR,KC,16,12,0,1,27.1,19,0,70,7,5,0,16,10.4,4,4,16,1,0,46.3,62.0,67.8,,35.5,61.2,59.4,69.5,19,1,452,52,369,184,0,0,70,64,0,70,16,1.33,5.8,1.22,0
Nick Foles,7089,QB,PHI,7,11,0,0,0.0,0,0,3,0,0,0,0,0.0,2,5,24,7,0,29.8,56.5,40.8,57.6,,,48.9,60.3,14,3,-7,0,0,141,39,7,0,4,1,42,10,0.91,3.8,,0
Danny Ware,4095,HB,TB,16,11,0,1,33.3,17,0,51,3,5,0,20,36.4,1,5,30,0,0,76.8,63.0,82.8,,80.0,49.8,65.1,60.0,17,0,100,14,76,12,0,0,19,25,0,51,20,1.82,4.6,1.32,0
Michael Robinson,3045,FB,SEA,16,11,0,0,0.0,0,0,20,1,0,0,12,0.0,0,9,29,0,0,76.7,69.9,82.4,,64.8,78.7,76.3,57.3,6,0,126,13,66,234,0,0,15,24,0,20,12,1.09,1.8,1.91,0
Randall Cobb,6216,WR,GB,15,10,3,4,62.1,82,0,132,11,15,3,89,178.0,7,7,12,0,0,83.5,82.9,86.7,,65.8,81.6,82.8,66.7,28,0,954,80,421,181,0,0,102,90,0,132,89,8.9,13.2,2.27,0
Isaiah Pead,7053,HB,SL,14,10,4,1,35.2,19,0,54,0,0,4,33,101.5,1,2,26,1,0,22.5,55.0,77.8,,75.5,35.2,70.0,60.0,19,0,16,3,25,11,0,0,4,13,0,54,33,3.3,5.4,0.64,0
Terrelle Pryor Sr.,6944,QB,OAK,3,10,1,0,0.0,0,0,9,0,1,1,9,90.0,0,4,23,0,0,30.6,56.5,79.3,61.1,,90.6,41.2,60.0,9,1,22,1,1,27,42,6,1,5,1,51,15,1.5,5.1,22.0,0
Lex Hilliard,4518,FB,NYJ,14,9,1,0,0.0,0,0,33,3,0,1,16,14.8,0,5,22,0,0,74.0,41.4,84.3,,41.9,30.0,53.9,52.4,9,0,24,3,46,194,0,0,7,12,0,33,16,1.78,3.7,0.52,0
Kregg Lumpkin,4714,HB,NYG,5,9,1,1,52.4,22,0,42,1,0,1,30,37.0,1,3,21,1,0,20.9,46.2,75.8,,60.8,35.8,52.6,,22,0,0,0,15,9,0,0,1,9,0,42,30,3.33,4.7,0.0,0
Vonta Leach,2100,FB,BLT,16,9,0,0,0.0,0,0,32,2,2,0,15,11.1,0,3,3,0,0,77.7,83.9,58.8,,66.2,62.4,66.8,87.2,6,1,143,21,113,280,0,0,23,30,1,32,15,1.67,3.6,1.27,0
Bernard Scott,5133,HB,CIN,2,8,4,1,82.9,29,0,35,0,0,4,36,225.0,1,2,7,0,0,72.1,77.8,72.0,,76.2,54.2,77.7,60.0,29,0,0,0,7,9,0,0,0,8,0,35,36,4.5,4.4,0.0,0
Greg McElroy,6360,QB,NYJ,2,8,0,0,0.0,0,0,-2,0,0,0,0,0.0,1,2,22,1,0,80.7,46.0,80.2,47.3,,,51.0,60.3,15,0,0,0,0,39,32,6,0,2,0,30,11,1.38,3.8,,0
Johnny White,6285,HB,GB,3,8,1,0,0.0,0,0,34,0,0,1,14,21.9,0,1,12,0,0,72.1,60.9,71.3,,,56.6,61.4,60.0,9,0,0,0,3,9,0,0,0,8,0,34,14,1.75,4.3,0.0,0
Brandon Jackson,3679,HB,CLV,2,8,4,1,46.3,25,0,54,0,0,4,33,165.0,2,2,8,0,0,72.9,81.8,75.3,,23.3,66.7,89.4,,25,0,20,2,19,8,0,0,3,10,0,54,33,4.13,6.8,1.05,0
Chris Ogbonnaya,5135,HB,CLV,12,8,0,0,0.0,0,0,30,2,2,0,16,12.5,0,1,8,1,0,28.1,61.3,8.9,,75.5,58.9,62.1,57.4,9,1,187,24,97,11,0,0,29,32,0,30,16,2.0,3.8,1.93,0
Ryan Mallett,6226,QB,NE,4,8,0,0,0.0,0,0,-9,0,0,0,0,0.0,0,0,19,0,0,74.0,48.0,75.3,47.9,,,54.6,60.0,-1,0,0,0,0,19,0,0,0,8,0,-9,0,0.0,-1.1,,0
Brock Osweiler,7059,QB,DEN,5,8,0,0,0.0,0,0,-13,0,0,0,0,0.0,0,0,10,0,0,73.7,59.4,76.5,63.4,,,55.1,60.0,-1,0,0,0,0,29,0,0,0,8,0,-13,0,0.0,-1.6,,0
Nate Burleson,1386,WR,DET,6,8,3,1,33.3,16,0,48,2,0,3,22,23.6,1,2,11,0,0,78.2,63.4,57.7,,,62.4,70.2,57.5,16,1,240,27,241,105,0,0,41,35,0,48,22,2.75,6.0,1.0,0
Mike Thomas,5030,WR,DET,16,7,0,1,38.6,22,0,57,5,0,0,13,0.0,2,3,11,0,0,76.4,47.4,85.7,,61.6,45.6,61.0,63.0,22,0,108,18,295,145,0,0,37,25,0,57,13,1.86,8.1,0.37,0
Jason Campbell,2242,QB,CHI,6,7,0,0,0.0,0,0,-3,0,0,0,0,0.0,1,1,6,2,0,21.6,45.1,16.3,46.1,,,55.1,60.0,13,1,0,0,0,60,31,4,0,3,0,28,19,2.71,4.0,,0
Antonio Brown,5718,WR,PIT,13,7,0,0,0.0,0,0,24,4,7,0,16,21.9,1,2,25,2,0,27.8,79.6,58.1,51.0,,80.8,57.4,64.1,13,2,787,66,435,198,0,0,98,73,0,24,16,2.29,3.4,1.81,0
Cyrus Gray,7655,HB,KC,4,7,0,1,34.1,15,0,44,1,0,0,13,0.0,2,3,16,0,0,73.4,59.9,76.2,,17.0,33.6,74.5,60.0,15,0,18,2,14,10,0,0,3,9,0,44,13,1.86,6.3,1.29,0
Brandon Banks,6053,WR,WAS,8,7,3,1,58.3,21,0,36,0,1,3,9,34.3,1,2,32,1,0,22.9,60.9,80.9,,,53.5,71.1,56.1,21,0,15,8,27,30,0,0,8,15,0,36,9,1.29,5.1,0.56,0
Julio Jones,6158,WR,ATL,16,6,3,1,60.0,18,0,30,7,12,3,34,100.0,1,3,2,0,0,82.7,82.4,41.3,,67.3,82.7,64.4,64.2,18,4,1198,79,579,231,0,0,127,85,0,30,34,5.67,5.0,2.07,0
Taiwan Jones,6277,HB,OAK,4,6,0,0,0.0,0,0,21,0,0,0,10,0.0,0,2,23,0,0,71.1,58.8,71.8,,15.0,58.6,63.2,60.0,7,0,7,1,7,8,0,0,1,7,0,21,10,1.67,3.5,1.0,0
Stanley Havili,6392,FB,PHI,15,6,1,0,0.0,0,0,22,1,0,1,14,17.9,0,1,24,0,0,73.5,60.1,84.0,,71.3,42.4,65.4,69.6,8,0,43,7,102,88,0,0,11,13,1,22,14,2.33,3.7,0.42,0
Da'Rel Scott,6373,HB,NYG,1,6,1,0,0.0,0,0,9,0,0,1,9,25.0,0,1,21,0,0,70.6,60.9,69.2,,73.5,59.9,60.0,,5,0,0,0,1,6,0,0,0,6,0,9,9,1.5,1.5,0.0,0
Travis Benjamin,7100,WR,CLV,14,6,0,2,75.8,50,0,66,2,2,0,54,75.0,3,3,8,1,0,26.5,65.8,84.8,,,64.2,62.0,73.9,35,0,298,18,217,76,0,0,36,24,0,66,54,9.0,11.0,1.37,0
Andrew Hawkins,6125,WR,CIN,14,6,1,0,0.0,0,0,30,3,7,1,6,14.0,1,2,7,1,0,53.6,68.0,66.6,,,66.4,75.0,65.5,11,1,533,51,382,116,0,0,74,57,0,30,6,1.0,5.0,1.4,0
Joshua Cribbs,2544,WR,CLV,15,6,3,1,38.1,16,0,42,1,0,3,16,61.5,2,2,8,1,0,72.9,69.3,79.8,,,60.5,71.8,91.4,16,1,63,7,38,21,0,0,10,13,0,42,16,2.67,7.0,1.66,0
T.Y. Hilton,7092,WR,IND,15,5,1,1,65.5,19,1,29,10,4,1,15,27.3,2,2,14,0,0,80.3,66.4,72.9,60.0,,66.1,58.4,62.9,19,1,861,50,478,165,0,0,88,55,0,29,15,3.0,5.8,1.8,0
Collin Mooney,7256,FB,TEN,1,5,0,0,0.0,0,0,19,0,0,0,15,0.0,0,2,31,0,0,70.6,71.3,68.6,,70.9,59.0,69.3,60.0,8,0,0,0,2,7,0,0,0,5,0,19,15,3.0,3.8,0.0,0
Henry Hynoski,6666,FB,NYG,16,5,0,0,0.0,0,0,20,1,0,0,11,0.0,0,0,21,0,0,74.1,75.8,85.8,,85.2,55.9,54.4,76.9,5,0,50,11,117,246,0,0,15,16,0,20,11,2.2,4.0,0.43,0
Nate Eachus,7722,FB,KC,10,5,1,0,0.0,0,0,18,1,0,1,11,36.7,0,0,16,0,0,70.3,59.7,80.4,,16.7,39.4,63.5,67.7,7,0,19,1,33,96,0,0,3,6,0,18,11,2.2,3.6,0.58,0
Matt Moore,4018,QB,MIA,2,5,0,0,0.0,0,0,-4,0,0,0,0,0.0,0,0,17,0,0,77.1,74.4,0.0,82.6,,,48.7,60.0,1,1,0,0,0,32,1,1,0,4,0,-3,0,0.0,-0.6,,0
Mohamed Sanu,7084,WR,CIN,9,5,0,0,0.0,0,0,15,0,2,0,10,19.0,0,2,7,0,0,25.5,71.7,82.2,87.1,,69.1,61.3,59.1,7,0,154,16,111,88,0,0,24,21,0,15,10,2.0,3.0,1.39,0
Brandon Jacobs,2327,HB,SF,2,5,0,0,0.0,0,0,7,0,0,0,10,0.0,0,1,28,0,0,70.6,60.4,69.4,,70.4,56.8,60.5,,3,0,0,0,2,6,0,0,0,5,0,7,10,2.0,1.4,0.0,0
Bruce Miller,6363,FB,SF,16,5,0,0,0.0,0,0,18,1,3,0,8,28.2,0,2,28,0,0,74.8,78.5,88.0,,66.9,52.6,65.9,85.5,9,0,84,12,130,270,0,0,13,17,0,18,8,1.6,3.6,0.65,0
Jeremy Kerley,6305,WR,NYJ,16,5,0,0,0.0,0,0,8,4,7,0,7,16.1,0,0,22,2,0,26.2,67.5,86.9,76.2,,67.3,47.1,59.0,5,0,827,56,436,194,0,0,88,61,0,8,7,1.4,1.6,1.9,0
Greg Jones II,1776,FB,JAX,12,5,1,0,0.0,0,0,8,2,0,1,8,10.0,0,3,15,0,0,74.1,67.7,35.0,,79.8,44.4,67.4,76.1,4,1,64,11,56,122,0,0,13,16,0,8,8,1.6,1.6,1.14,0
Mike Wallace,5007,WR,PIT,15,5,0,0,0.0,0,1,7,6,2,0,12,7.0,1,1,25,2,0,27.3,67.3,64.8,,,67.7,54.4,59.8,13,4,838,64,547,262,0,0,116,69,0,7,12,2.4,1.4,1.53,0
Julian Edelman,5156,WR,NE,9,4,1,1,104.4,47,0,45,2,5,1,19,114.0,1,2,19,1,0,26.6,62.9,25.4,,,63.5,47.4,78.4,47,2,235,21,181,105,0,0,31,25,0,45,19,4.75,11.3,1.3,0
Quinn Johnson,5069,FB,TEN,16,4,0,0,0.0,0,1,5,2,0,0,4,0.0,0,2,31,0,0,71.6,61.1,85.0,,82.5,37.7,64.7,64.2,3,1,40,5,66,162,0,0,8,9,0,5,4,1.0,1.3,0.61,0
Colt McCoy,5609,QB,CLV,3,4,0,0,0.0,0,0,0,0,0,0,0,0.0,1,2,8,0,0,77.5,39.5,0.0,40.9,,,57.4,60.0,15,1,0,0,0,14,15,1,0,3,0,15,19,4.75,3.8,,0
Andre Roberts,5612,WR,ARZ,15,4,3,1,51.7,15,0,29,10,4,3,20,51.5,2,2,1,1,0,48.5,61.4,64.6,,67.6,60.6,70.7,61.9,15,3,759,64,599,213,0,0,107,68,0,29,20,5.0,7.3,1.27,0
John Skelton,5678,QB,ARZ,7,4,0,0,0.0,0,0,2,0,0,0,1,0.0,0,1,1,3,0,74.2,35.1,25.5,37.0,,,54.3,60.0,2,3,0,0,0,90,3,2,0,2,0,5,7,1.75,1.3,,0
Keshawn Martin,7121,WR,HST,15,4,1,2,71.7,38,0,53,5,1,1,2,7.1,3,3,13,0,0,73.4,51.5,51.6,,,48.4,67.2,76.1,21,1,85,10,161,97,0,0,26,14,0,53,2,0.5,13.3,0.53,0
Ryan Lindley,7174,QB,ARZ,6,4,0,0,0.0,0,0,-1,0,0,0,0,0.0,0,1,1,2,0,77.1,37.2,84.8,37.0,,,62.2,60.0,8,0,0,0,0,110,8,1,0,3,0,7,0,0.0,1.8,,0
Matt Flynn,4523,QB,SEA,3,4,0,0,0.0,0,0,-5,0,0,0,0,0.0,0,0,29,0,0,73.8,74.2,77.0,76.6,,,56.9,60.0,-1,0,0,0,0,27,0,0,0,4,0,-5,0,0.0,-1.3,,0
Kyle Williams,5729,WR,SF,11,4,1,0,0.0,0,0,21,1,1,1,8,22.2,0,0,28,1,0,23.8,60.3,47.3,,,60.9,51.7,68.4,9,1,212,14,148,92,0,0,21,18,0,21,8,2.0,5.3,1.43,0
Bruce Gradkowski,3139,QB,CIN,2,4,0,0,0.0,0,0,-2,0,0,0,0,0.0,0,0,7,0,0,74.7,47.2,76.3,51.6,,,48.5,60.0,0,0,0,0,0,17,0,0,0,4,0,-2,0,0.0,-0.5,,0
Donnie Avery,4347,WR,IND,16,4,0,0,0.0,0,1,9,12,2,0,3,2.3,0,0,14,1,0,46.3,62.2,69.0,,65.6,62.9,46.4,57.3,7,2,781,60,642,338,0,0,112,64,0,9,3,0.75,2.3,1.22,0
Dan Herron,7179,HB,CIN,2,4,1,0,0.0,0,0,5,0,0,1,16,100.0,0,0,7,0,0,68.6,72.9,71.9,,73.4,57.3,72.0,58.1,6,0,0,0,3,10,0,0,0,4,0,5,16,4.0,1.3,0.0,0
Graham Harrell,5519,QB,GB,4,4,0,0,0.0,0,0,-3,0,0,0,0,0.0,0,0,12,1,0,18.4,33.5,76.4,51.1,,,32.1,60.0,0,0,0,0,0,28,0,0,0,4,0,-3,0,0.0,-0.8,,0
A.J. Green,6156,WR,CIN,16,4,0,1,52.6,20,0,38,10,14,0,5,17.3,2,2,7,2,0,33.0,89.2,47.8,,62.4,88.2,65.7,82.0,20,4,1350,97,581,347,0,0,158,101,0,38,5,1.25,9.5,2.32,0
Joe Adams,7104,WR,CAR,5,3,1,0,0.0,0,0,13,0,0,1,5,41.7,0,0,5,0,0,68.2,54.3,75.2,,,56.9,55.2,60.5,5,0,7,1,7,15,0,0,1,4,0,13,5,1.67,4.3,1.0,0
Stefan Logan,4909,HB,DET,8,3,1,0,0.0,0,0,17,0,2,1,10,111.1,1,1,11,0,0,71.3,67.4,76.1,,,68.9,62.1,59.8,13,0,28,6,19,7,0,0,7,9,0,17,10,3.33,5.7,1.47,0
Chase Daniel,5214,QB,NO,2,3,0,1,111.8,19,0,17,0,0,0,3,0.0,1,1,20,0,0,69.8,65.0,73.2,58.4,,,66.0,60.0,19,0,0,0,0,10,0,0,0,3,0,17,3,1.0,5.7,,0
Josh Morgan,4488,WR,WAS,16,3,1,0,0.0,0,0,25,7,10,1,26,186.9,0,1,32,1,0,38.5,70.1,51.3,58.1,,67.9,80.7,76.1,9,3,510,48,382,313,0,0,69,51,0,25,26,8.67,8.3,1.34,0
Mario Manningham,4409,WR,SF,12,3,1,2,89.1,57,0,64,1,9,1,26,192.6,2,2,28,2,0,25.4,78.3,86.1,,,75.0,80.9,75.7,29,0,449,42,248,102,0,0,55,45,0,64,26,8.67,21.3,1.81,0
Arrelious Benn,5564,WR,TB,8,3,0,0,0.0,0,0,16,1,0,0,6,0.0,0,1,30,0,0,70.9,60.4,79.1,,,61.4,58.5,53.0,9,0,26,4,50,24,0,0,6,7,0,16,6,2.0,5.3,0.52,0
Golden Tate,5585,WR,SEA,15,3,0,0,0.0,0,0,20,2,17,0,6,70.8,1,1,29,1,0,79.7,81.2,48.2,82.0,,80.7,63.9,69.6,13,3,688,45,377,314,0,0,65,48,0,20,6,2.0,6.7,1.82,0
Brandon LaFell,5602,WR,CAR,14,3,2,1,71.4,25,0,35,3,3,2,18,63.8,1,1,5,0,0,79.2,70.0,60.5,,62.3,67.2,64.4,83.3,25,2,677,44,442,285,0,0,69,47,0,35,18,6.0,11.7,1.53,0
DeSean Jackson,4363,WR,PHI,11,3,0,0,0.0,0,1,-7,1,8,0,2,10.9,0,0,24,1,0,36.9,76.2,74.3,,,75.7,58.7,68.8,5,1,709,46,446,229,0,0,75,49,0,-7,2,0.67,-2.3,1.59,0
Eddie Royal,4356,WR,SD,10,3,1,0,0.0,0,0,22,2,4,1,24,153.8,2,2,27,0,0,76.3,65.7,83.3,,,65.0,62.9,59.2,11,0,234,23,189,69,0,0,42,26,0,22,24,8.0,7.3,1.24,0
Torrey Smith,6210,WR,BLT,16,3,0,0,0.0,0,0,9,6,4,0,8,20.5,1,1,3,0,0,79.8,74.6,22.2,,,75.6,55.5,69.6,13,6,855,49,529,355,0,0,104,52,0,9,8,2.67,3.0,1.62,0
Lawrence Vickers,3125,FB,DAL,16,3,0,0,0.0,0,0,11,1,2,0,5,20.8,1,1,9,0,0,74.1,64.2,84.6,,63.3,67.8,60.7,60.5,13,3,104,13,88,176,0,0,15,16,0,11,5,1.67,3.7,1.18,0
Devin Hester,3002,WR,CHI,15,3,1,0,0.0,0,0,6,4,1,1,5,12.8,0,0,6,0,0,76.6,55.1,60.3,,,54.8,57.7,65.9,8,2,242,23,247,98,0,0,40,26,0,6,5,1.67,2.0,0.98,0
Jordan Todman,6335,HB,JAX,1,3,0,0,0.0,0,0,8,0,0,0,4,0.0,0,0,15,0,0,68.2,59.0,68.0,,,61.5,58.6,60.0,6,0,0,1,3,4,0,0,1,4,0,8,4,1.33,2.7,0.0,0
Matt Asiata,6432,FB,MIN,9,3,0,0,0.0,0,0,9,0,0,0,5,0.0,0,0,18,0,0,69.0,56.4,74.2,,69.6,66.9,56.9,54.9,5,0,2,1,2,17,0,0,1,4,0,9,5,1.67,3.0,1.0,0
Armond Smith,6824,HB,CAR,3,3,0,0,,0,0,0,0,0,0,4,0.0,0,0,5,0,0,67.2,55.0,72.6,,,,57.4,58.0,3,0,0,0,0,8,0,0,0,3,0,0,4,1.33,0.0,,0
Dwayne Allen,7066,TE,IND,16,3,0,0,0.0,0,0,5,3,3,0,2,4.2,0,2,14,1,0,36.9,84.1,67.7,,76.5,76.2,65.8,83.4,3,4,521,45,368,392,0,0,64,48,0,5,2,0.67,1.7,1.42,0
Chris Givens,7096,WR,SL,15,3,1,0,0.0,0,0,12,5,4,1,13,48.1,1,1,26,0,0,79.0,71.4,88.5,,,70.3,62.5,65.8,14,0,698,42,367,228,0,0,77,45,0,12,13,4.33,4.0,1.9,0
Kirk Cousins,7102,QB,WAS,3,3,0,0,0.0,0,0,-1,0,0,0,0,0.0,1,1,32,1,0,37.3,82.7,0.0,79.7,,,75.8,60.0,17,1,0,0,0,40,23,2,0,1,0,22,0,0.0,7.3,,0
Marvin Jones Jr.,7158,WR,CIN,10,3,0,1,78.7,37,0,47,2,4,0,10,63.5,2,2,7,0,0,75.3,62.5,36.2,,,59.9,76.5,74.4,37,2,201,18,215,125,0,0,31,21,0,47,10,3.33,15.7,0.93,0
David Carr,1009,QB,NYG,2,3,0,0,0.0,0,0,-3,0,0,0,0,0.0,0,0,21,1,0,21.2,38.7,73.7,35.6,,,57.9,60.0,-1,0,0,0,0,11,0,0,0,3,0,-3,0,0.0,-1.0,,0
Steve Smith,837,WR,CAR,16,3,0,1,55.6,15,0,27,8,10,0,24,105.3,2,2,5,1,0,51.8,80.9,55.9,,,82.1,34.3,70.9,15,5,1174,73,526,351,0,0,127,76,0,27,24,8.0,9.0,2.23,0
Santana Moss,786,WR,WAS,16,3,2,0,0.0,0,0,14,6,5,2,12,63.6,1,1,32,2,0,23.5,68.3,62.6,,,68.7,58.0,60.9,12,1,573,41,324,123,0,0,60,44,0,14,12,4.0,4.7,1.77,0
Damaris Johnson,7530,WR,PHI,13,3,0,0,0.0,0,0,12,0,5,0,3,22.7,0,2,24,0,0,75.7,77.7,84.5,,,76.6,66.9,60.3,7,0,256,19,160,64,0,0,28,22,0,12,3,1.0,4.0,1.6,0
Keiland Williams,5794,HB,WAS,3,2,0,0,0.0,0,0,3,0,0,0,3,0.0,0,0,32,0,0,67.8,53.7,80.9,,76.2,52.4,54.8,,2,0,9,2,22,2,0,0,2,4,0,3,3,1.5,1.5,0.41,0
Kevin Ogletree,5387,WR,DAL,15,2,3,0,0.0,0,1,9,3,6,3,10,132.4,0,0,9,1,0,77.6,64.1,46.5,,,63.6,68.8,64.1,5,4,436,32,341,91,0,0,55,34,0,9,10,5.0,4.5,1.28,0
Sidney Rice,3660,WR,SEA,16,2,1,0,0.0,0,0,6,3,0,1,10,9.6,0,0,29,0,0,80.1,82.9,75.6,55.3,,82.3,67.0,74.7,3,1,748,50,420,314,0,0,75,52,0,6,10,5.0,3.0,1.78,0
Darrius Heyward-Bey,4930,WR,OAK,15,2,3,1,125.0,20,0,16,6,10,3,16,241.9,1,1,23,0,0,78.7,68.9,88.9,,30.5,66.1,68.4,82.0,20,1,606,41,509,269,0,0,77,43,0,16,16,8.0,8.0,1.19,0
Early Doucet,4395,WR,ARZ,12,2,1,0,0.0,0,0,9,8,4,1,8,66.7,0,0,1,0,0,77.2,47.1,84.6,,70.4,47.0,59.7,50.9,6,0,207,28,306,61,0,0,51,30,0,9,8,4.0,4.5,0.68,0
Jarius Wright,7118,WR,MIN,7,2,1,0,0.0,0,0,11,4,3,1,13,108.3,0,1,18,0,0,75.6,66.5,83.7,,68.2,64.0,68.8,70.6,8,0,310,22,133,66,0,0,36,24,0,11,13,6.5,5.5,2.33,0
Greg Little,6211,WR,CLV,16,2,0,1,113.3,17,1,15,9,9,0,7,57.3,1,1,8,0,0,80.0,65.3,54.8,,67.6,63.9,57.5,77.0,17,4,647,53,554,329,0,0,87,55,0,15,7,3.5,7.5,1.17,0
Javon Ringer,5097,HB,TEN,2,2,0,0,0.0,0,0,14,1,0,0,4,0.0,0,0,31,0,0,68.7,54.7,74.9,,45.8,37.2,66.1,60.0,9,0,12,3,14,3,0,0,4,5,0,14,4,2.0,7.0,0.86,0
Harry Douglas,4398,WR,ATL,15,2,1,0,0.0,0,0,4,2,3,1,3,15.0,0,1,2,1,0,29.6,58.3,69.5,,65.0,56.5,62.2,75.3,5,1,395,38,419,134,0,0,56,40,0,4,3,1.5,2.0,0.94,0
Jonathan Grimes,7585,HB,JAX,2,2,0,0,0.0,0,0,6,0,0,0,4,0.0,0,0,15,0,0,67.8,67.4,73.4,,75.9,67.0,63.4,60.0,5,0,7,2,3,4,0,0,2,4,0,6,4,2.0,3.0,2.33,0
Will Johnson,7639,FB,PIT,16,2,0,0,0.0,0,0,7,2,0,0,6,0.0,0,0,25,0,0,74.2,66.6,87.8,,67.7,62.0,63.5,65.2,5,0,137,15,129,202,0,0,22,17,0,7,6,3.0,3.5,1.06,0
Pierre Garcon,4519,WR,WAS,10,2,0,0,0.0,0,0,9,5,4,0,6,26.1,0,0,32,0,0,78.9,83.6,39.3,,,82.8,50.7,88.6,7,4,633,44,215,172,0,0,63,46,0,9,6,3.0,4.5,2.94,0
Titus Young,6196,WR,DET,10,2,0,0,0.0,0,1,16,3,0,0,3,0.0,1,1,11,0,0,77.5,58.6,9.7,,,59.7,59.8,62.3,11,4,383,33,408,181,0,0,53,35,0,16,3,1.5,8.0,0.94,0
Justin Blackmon,7011,WR,JAX,16,2,0,0,0.0,0,0,23,8,6,0,2,9.1,2,2,15,1,0,27.0,65.7,77.8,,34.9,64.3,68.8,69.7,12,2,865,64,637,279,0,0,129,66,0,23,2,1.0,11.5,1.36,0
Dez Bryant,5549,WR,DAL,16,2,2,0,0.0,0,0,-5,11,14,2,8,68.1,0,0,9,2,0,30.0,76.5,68.1,,49.9,76.8,59.8,54.3,6,4,1382,92,650,239,0,0,137,94,0,-5,8,4.0,-2.5,2.13,0
Kealoha Pilares,6284,WR,CAR,7,1,0,0,0.0,0,0,5,0,2,0,1,66.7,1,2,5,0,0,66.2,78.5,75.8,,,66.6,62.8,94.8,12,0,42,2,18,12,0,0,3,3,0,17,1,1.0,17.0,2.33,0
Kellen Clemens,2994,QB,SL,2,2,0,0,0.0,0,0,0,0,0,0,0,0.0,0,1,26,1,0,19.2,38.2,71.5,59.7,,,38.0,60.0,5,0,0,0,0,4,5,1,0,1,0,5,1,0.5,2.5,,0
Danny Amendola,4717,WR,SL,11,2,1,0,0.0,0,0,8,2,5,1,20,93.8,0,0,26,2,0,26.9,86.5,67.8,,,85.3,59.8,77.8,6,1,664,62,324,162,0,0,94,64,0,8,20,10.0,4.0,2.05,0
Patrick Peterson,6157,CB,ARZ,7,2,0,1,130.8,17,2,13,0,0,0,3,0.0,1,1,1,0,0,69.7,67.4,71.3,,,60.9,67.2,60.0,17,5,11,3,4,4,0,0,3,5,0,13,3,1.5,6.5,2.75,0
Roy Helu,6257,HB,WAS,3,2,0,0,0.0,0,0,2,0,1,0,2,11.1,0,0,32,0,0,71.1,62.5,0.0,,77.9,66.7,57.6,60.0,1,1,45,7,31,5,0,0,7,9,0,2,2,1.0,1.0,1.45,0
T.J. Yates,6304,QB,HST,4,2,0,0,0.0,0,0,-1,0,0,0,0,0.0,0,1,13,2,0,20.9,30.6,75.2,30.8,,,56.6,60.0,1,0,0,0,0,12,0,0,0,2,1,-1,0,0.0,-0.5,,0
Owen Schmitt,4477,FB,OAK,13,2,0,0,0.0,0,0,1,0,0,0,1,0.0,0,1,23,0,0,65.2,65.1,78.9,,61.7,50.9,59.5,68.6,2,1,0,0,19,62,0,0,0,2,0,1,1,0.5,0.5,0.0,0
Luke McCown,1827,QB,ATL,2,2,0,0,0.0,0,0,-3,0,0,0,0,0.0,0,0,2,0,0,65.2,54.9,72.3,,,,55.8,60.0,-1,0,0,0,0,10,0,0,0,2,0,-3,0,0.0,-1.5,,0
Leonard Hankerson,6231,WR,WAS,16,2,3,0,0.0,0,0,5,3,8,3,10,137.5,0,0,32,0,0,78.3,74.7,54.0,,62.3,74.8,59.4,69.0,3,2,543,38,292,262,0,0,55,40,0,5,10,5.0,2.5,1.86,0
Wes Welker,2204,WR,NE,16,2,0,0,0.0,0,0,20,15,7,0,4,11.7,1,2,19,2,0,39.1,82.5,87.8,,,81.2,68.5,72.8,11,0,1354,118,617,421,0,0,166,120,0,20,4,2.0,10.0,2.19,0
T.J. Graham,7071,WR,BUF,15,1,0,0,0.0,0,0,5,7,4,0,1,12.5,0,0,4,0,0,76.9,52.4,60.2,,68.1,51.5,56.7,66.3,5,3,322,31,415,267,0,0,58,32,0,5,1,1.0,5.0,0.78,0
Andre Caldwell,4411,WR,DEN,4,1,0,0,0.0,0,0,14,1,0,0,0,0.0,1,1,10,0,0,64.6,56.9,80.0,,,54.3,62.8,60.8,14,0,18,1,31,41,0,0,4,2,0,14,0,0.0,14.0,0.58,0
Anquan Boldin,1369,WR,BLT,15,1,0,0,0.0,0,0,3,2,11,0,3,50.0,0,0,3,1,0,81.2,79.2,28.5,,,80.3,56.7,69.0,3,9,921,65,526,313,0,0,108,66,0,3,3,3.0,3.0,1.75,0
Marcus Thigpen,5488,HB,MIA,4,1,1,0,0.0,0,0,8,0,1,1,11,1.1e3,0,1,17,0,0,64.6,59.7,74.6,,,58.0,62.8,54.5,8,0,15,1,18,11,0,0,2,2,0,8,11,11.0,8.0,0.83,0
Brandon Tate,5006,WR,CIN,15,1,0,0,,0,0,0,0,3,0,2,42.9,0,0,7,0,0,72.9,62.6,84.5,,71.5,61.2,60.0,67.5,0,0,211,13,168,92,0,0,24,14,0,0,2,2.0,0.0,1.26,0
Byron Leftwich,1323,QB,PIT,2,1,1,0,0.0,0,0,0,0,0,0,,100.0,1,1,25,1,0,81.5,56.7,80.7,53.4,,,69.5,60.0,31,0,0,0,0,43,31,1,0,0,1,31,20,20.0,31.0,,0
Michael Crabtree,4933,WR,SF,16,1,1,0,0.0,0,1,8,7,13,1,10,162.8,0,0,28,0,0,82.7,91.0,73.5,,,90.8,63.8,70.4,8,2,1105,85,433,226,0,0,118,86,0,8,10,10.0,8.0,2.55,0
Jordan Norwood,5358,WR,CLV,2,1,0,0,0.0,0,0,1,1,1,0,3,21.4,0,0,8,0,0,72.9,73.9,0.0,,,75.0,59.9,59.6,1,1,137,13,59,15,0,0,18,14,0,1,3,3.0,1.0,2.32,0
Brian Hoyer,5277,QB,ARZ,2,1,0,0,0.0,0,0,0,0,0,0,,100.0,0,1,1,1,0,81.4,47.3,0.0,47.9,,,63.9,60.0,6,1,0,0,0,21,6,1,0,0,0,6,0,0.0,6.0,,0
Shaun Hill,1255,QB,DET,1,1,0,0,0.0,0,0,-1,0,0,0,0,0.0,0,0,11,0,0,73.7,74.9,74.5,76.2,,,57.3,60.0,-1,0,0,0,0,5,0,0,0,1,0,-1,0,0.0,-1.0,,0
Louis Murphy Jr.,5048,WR,CAR,16,1,0,0,0.0,0,0,3,2,0,0,2,0.0,0,0,5,1,0,27.0,60.6,59.4,,66.4,59.1,56.7,75.0,3,2,336,25,390,246,0,0,55,26,0,3,2,2.0,3.0,0.86,0
Tiquan Underwood,5177,WR,TB,14,1,0,0,0.0,0,0,1,4,1,0,0,0.0,0,0,30,0,0,76.4,62.8,64.7,,,62.2,59.9,67.8,1,1,425,28,328,102,0,0,53,29,0,1,0,0.0,1.0,1.3,0
Brandon Marshall,3064,WR,CHI,16,1,0,0,0.0,0,0,-2,13,17,0,0,0.0,0,0,6,2,0,39.6,90.4,79.3,,,90.1,56.7,78.3,-2,2,1508,118,543,390,0,0,181,119,0,-2,0,0.0,-2.0,2.78,0
Cecil Shorts,6266,WR,JAX,14,1,2,0,0.0,0,0,-4,9,4,2,6,64.3,0,0,15,1,0,41.3,75.3,73.7,,,74.9,63.2,60.5,-4,3,979,55,422,199,0,0,101,56,0,-4,6,6.0,-4.0,2.32,0
Clyde Gates,6263,WR,NYJ,11,1,0,0,0.0,0,0,12,1,0,0,2,0.0,1,1,22,0,0,73.8,71.2,84.5,,,69.2,63.2,72.7,12,0,224,16,151,77,0,0,33,17,0,12,2,2.0,12.0,1.48,0
Denarius Moore,6300,WR,OAK,15,1,1,0,0.0,0,0,-5,9,6,1,3,40.4,0,0,23,1,0,38.9,68.6,88.3,,,67.6,56.7,68.1,-5,0,741,51,495,273,0,0,110,52,0,-5,3,3.0,-5.0,1.5,0
Jerrel Jernigan,6235,WR,NYG,8,1,0,0,0.0,0,0,6,0,0,0,1,0.0,0,0,21,0,0,67.4,64.1,74.8,,,61.4,63.2,60.1,6,0,22,3,16,11,0,0,5,4,0,6,1,1.0,6.0,1.38,0
Niles Paul,6307,TE,WAS,16,1,0,0,0.0,0,0,-1,2,0,0,1,0.0,0,0,32,0,0,70.8,61.1,5.7,,33.1,64.8,55.6,66.5,-1,4,152,8,82,122,0,0,15,9,0,-1,1,1.0,-1.0,1.85,0
Ben Obomanu,3194,WR,SEA,8,1,0,0,0.0,0,0,11,0,0,0,0,0.0,1,1,29,0,0,68.3,59.5,82.2,,,53.4,63.2,82.3,11,1,58,4,63,79,0,0,8,5,0,11,0,0.0,11.0,0.92,0
Aldrick Robinson,6330,WR,WAS,15,1,0,0,0.0,0,0,14,3,1,0,7,58.3,1,1,32,0,0,72.1,69.9,45.6,,,68.7,62.4,71.5,14,2,237,11,100,114,0,0,18,12,0,14,7,7.0,14.0,2.37,0
Reggie Wayne,800,WR,IND,16,1,0,0,0.0,0,0,-5,10,5,0,0,0.0,0,0,14,1,0,67.1,89.0,90.2,,52.0,85.8,59.9,89.1,-5,0,1355,106,685,347,0,0,179,107,0,-5,0,0.0,-5.0,1.98,0
Ted Ginn Jr.,3625,WR,SF,11,1,0,0,0.0,0,0,7,0,0,0,0,0.0,0,0,28,0,0,66.2,61.2,79.3,,,60.4,56.7,70.5,7,0,1,2,23,42,0,0,2,3,0,7,0,0.0,7.0,0.04,0
Robert Meachem,3643,WR,SD,15,1,1,0,0.0,0,0,-6,4,2,1,0,0.0,0,0,27,0,0,73.2,55.7,86.3,,,54.7,59.9,62.1,-6,0,207,14,246,139,0,0,32,15,0,-6,0,0.0,-6.0,0.84,0
Jacoby Jones,3689,WR,BLT,16,1,0,0,0.0,0,0,6,2,2,0,0,0.0,0,0,3,0,0,77.1,72.4,87.1,,,70.3,56.7,84.2,6,1,406,30,291,116,0,0,50,31,0,6,0,0.0,6.0,1.4,0
Tyler Thigpen,3833,QB,BUF,3,1,0,0,0.0,0,0,-1,0,0,0,0,0.0,0,0,4,0,0,69.2,53.0,73.5,53.0,,,59.8,60.0,-1,0,0,0,0,9,0,0,0,1,0,-1,0,0.0,-1.0,,0
Robert Hughes,6564,FB,IND,5,1,0,0,0.0,0,0,5,0,0,0,3,0.0,0,1,14,0,0,64.6,63.1,76.2,,78.0,58.7,62.4,54.1,5,0,3,1,9,11,0,0,1,2,0,5,3,3.0,5.0,0.33,0
Preston Parker,5950,WR,TB,2,1,0,0,0.0,0,0,7,0,0,0,0,0.0,0,1,30,0,0,61.9,54.2,74.1,,,51.3,62.4,59.6,7,0,0,0,18,16,0,0,2,1,0,7,0,0.0,7.0,0.0,0
Marlon Moore,5887,WR,MIA,13,1,0,0,0.0,0,0,9,2,1,0,2,28.6,0,0,17,0,0,70.6,58.5,83.9,,,57.5,63.5,57.8,9,0,116,6,94,94,0,0,11,7,0,9,2,2.0,9.0,1.23,0
Joe Morgan,6696,WR,NO,14,1,0,0,0.0,0,1,1,2,3,0,1,27.3,0,0,20,0,0,72.3,76.0,38.8,,68.8,69.8,63.5,92.9,1,3,379,10,182,192,0,0,19,11,0,1,1,1.0,1.0,2.08,0
Thaddeus Lewis,5817,QB,CLV,1,1,0,0,0.0,0,0,0,0,0,0,,100.0,0,0,8,0,0,78.6,62.2,79.0,62.7,,,56.8,60.0,3,0,0,0,0,25,3,1,0,0,0,3,1,1.0,3.0,,0
David Gilreath,6782,WR,PIT,2,1,0,0,0.0,0,0,7,0,0,0,1,0.0,0,0,25,0,0,61.9,54.9,76.1,,,52.1,63.2,60.3,7,0,0,0,18,5,0,0,2,1,0,7,1,1.0,7.0,0.0,0
James Casey,5076,FB,HST,16,1,0,0,0.0,0,0,6,1,7,0,3,60.0,0,1,13,0,0,77.4,69.4,90.8,,80.0,72.4,62.4,58.2,6,2,330,34,226,329,0,0,41,35,0,6,3,3.0,6.0,1.46,0
Dorin Dickerson,5750,FB,BUF,9,1,0,0,0.0,0,0,-8,2,0,0,-2,0.0,0,0,4,1,0,19.9,54.6,85.6,,71.9,53.9,57.7,63.1,-8,0,117,9,61,33,0,0,15,10,0,-8,-2,-2.0,-8.0,1.92,0
Joe Webb III,5722,QB,MIN,1,1,0,0,0.0,0,0,-1,0,0,0,0,0.0,0,0,18,0,0,61.9,59.0,68.2,,,,59.8,60.0,-1,0,0,0,0,3,0,0,0,1,0,-1,0,0.0,-1.0,,0
Terrance Copper,2016,WR,KC,13,1,0,0,0.0,0,0,1,0,0,0,2,0.0,0,0,16,0,0,70.8,66.1,82.6,,62.4,62.9,56.5,85.1,1,0,79,8,70,74,0,0,12,9,0,1,2,2.0,1.0,1.13,0
Jordan Babineaux,1980,S,TEN,1,1,0,0,0.0,0,0,10,0,0,0,4,0.0,1,1,31,0,0,61.9,66.1,64.6,,,,62.9,,10,3,0,0,0,1,0,0,0,1,0,10,4,4.0,10.0,,0
Dezmon Briscoe,5714,WR,WAS,5,1,0,0,0.0,0,0,1,1,0,0,0,0.0,0,0,32,0,0,66.2,62.5,78.2,,,60.1,62.8,60.5,1,0,22,2,23,23,0,0,5,3,0,1,0,0.0,1.0,0.96,0
Kendall Wright,7026,WR,TEN,15,1,1,0,0.0,0,2,4,7,13,1,4,86.2,0,0,31,1,0,46.4,67.7,19.3,,,67.7,62.8,70.5,4,5,626,64,398,139,0,0,95,65,0,4,4,4.0,4.0,1.57,0
Fred Davis,4362,TE,WAS,7,1,0,0,0.0,0,0,1,2,6,0,0,0.0,0,0,32,0,0,76.0,75.4,57.8,,58.1,82.7,56.7,61.6,1,5,325,24,165,187,0,0,32,25,0,1,0,0.0,1.0,1.97,0
Aaron Hernandez,5637,TE,NE,10,1,0,0,0.0,0,0,5,10,9,0,2,34.6,0,1,19,0,0,79.8,68.6,5.6,,73.6,71.1,62.6,61.4,5,6,483,51,316,208,0,0,80,52,0,5,2,2.0,5.0,1.53,0
Emmanuel Sanders,5606,WR,PIT,16,1,0,0,0.0,0,0,4,3,5,0,2,22.2,0,0,25,2,0,24.0,69.1,71.8,60.0,,67.4,59.9,75.4,4,1,624,44,420,279,0,0,69,45,0,4,2,2.0,4.0,1.49,0
Devery Henderson,1771,WR,NO,15,1,0,0,0.0,0,0,13,5,2,0,13,113.0,1,1,20,1,0,75.2,50.5,74.4,,74.1,47.1,62.8,82.8,13,2,316,22,454,227,0,0,44,23,0,13,13,13.0,13.0,0.7,0
Travaris Cadet,7457,HB,NO,6,1,1,0,0.0,0,0,5,0,0,1,0,0.0,0,0,20,0,0,69.1,87.2,78.6,,,79.8,62.4,60.2,5,0,44,5,21,5,0,0,8,6,0,5,0,0.0,5.0,2.1,0
DeVier Posey,7070,WR,HST,9,1,0,0,0.0,0,1,-3,2,2,0,0,0.0,0,0,13,0,0,69.8,57.1,83.0,,,55.5,56.7,71.3,-3,1,87,6,87,69,0,0,13,7,0,-3,0,0.0,-3.0,1.0,0
