player,player_id,position,player_game_count,team_name,targets,receptions,caught_percent,yards,touchdowns,grades_offense,grades_pass_route,grades_hands_drop,grades_hands_fumble,grades_pass_block,yards_per_reception,yards_after_catch,yards_after_catch_per_reception,longest,first_downs,drops,interceptions,fumbles,avoided_tackles,targeted_qb_rating,penalties,declined_penalties
Brandon Marshall,3064,WR,16,DEN,167,102,61.1,1325,7,91.3,90.8,58.5,27.9,,13.0,537,5.3,68,71,11,6,3,31,85.0,7,0
T.J. Houshmandzadeh,921,WR,16,CIN,164,112,68.3,1151,12,82.3,82.5,71.0,38.9,,10.3,369,3.3,42,70,8,9,2,14,89.8,5,0
Chad Johnson,806,WR,16,CIN,158,93,58.9,1440,8,84.8,86.0,53.5,31.0,,15.5,292,3.1,70,75,10,8,2,5,84.9,4,1
Randy Moss,342,WR,16,NE,157,99,63.1,1493,23,90.1,90.2,56.9,83.4,,15.1,283,2.9,65,74,11,4,0,2,123.2,10,3
Larry Fitzgerald,1724,WR,15,ARZ,153,100,65.4,1412,10,90.8,90.7,90.1,26.0,,14.1,295,3.0,48,72,3,8,3,5,95.0,2,1
Derrick Mason,271,WR,16,BLT,151,103,68.2,1087,5,79.7,80.1,81.3,58.5,,10.6,320,3.1,79,60,5,3,1,12,91.7,3,0
Reggie Wayne,800,WR,16,IND,148,104,70.3,1515,10,91.5,91.4,76.9,26.2,,14.6,402,3.9,64,73,6,7,3,4,106.1,1,0
Braylon Edwards,2220,WR,16,CLV,147,80,54.4,1289,16,78.4,80.6,27.6,28.8,,16.1,316,4.0,78,58,19,5,3,4,106.1,9,1
Tony Gonzalez,237,TE,16,KC,145,99,68.3,1172,5,86.5,88.9,85.9,83.7,82.7,11.8,300,3.0,31,60,4,4,0,9,92.7,10,1
Marques Colston,3197,WR,16,NO,143,98,68.5,1202,11,82.0,81.2,61.0,56.9,61.4,12.3,389,4.0,45,64,8,4,1,9,108.2,3,0
Terrell Owens,188,WR,15,DAL,142,81,57.0,1355,15,85.9,87.9,33.8,82.3,,16.7,360,4.4,52,69,12,10,0,9,95.2,10,1
Torry Holt,441,WR,16,STR,142,93,65.5,1189,7,84.2,85.3,90.5,37.5,,12.8,202,2.2,40,64,2,8,2,1,84.5,5,0
Jason Witten,1384,TE,16,DAL,141,96,68.1,1145,7,91.0,91.1,74.7,56.6,48.1,11.9,396,4.1,53,56,5,4,1,9,97.4,5,0
Steve Smith,837,WR,15,CAR,139,87,62.6,996,7,80.0,79.7,61.3,57.9,,11.4,469,5.4,74,43,7,5,1,12,85.9,1,0
Kellen Winslow,1727,TE,16,CLV,139,83,59.7,1106,5,76.2,82.7,80.0,28.8,79.0,13.3,354,4.3,49,56,4,5,2,3,82.0,14,1
Wes Welker,2204,WR,16,NE,138,112,81.2,1175,8,88.1,86.3,89.0,39.0,61.5,10.5,637,5.7,42,65,5,3,2,16,112.4,1,0
Plaxico Burress,586,WR,16,NYG,136,70,51.5,1025,12,79.1,79.7,69.5,81.4,,14.6,275,3.9,60,49,4,8,0,6,81.3,2,0
Roddy White,2244,WR,16,ATL,132,83,62.9,1204,6,77.8,77.2,65.0,28.9,,14.5,467,5.6,69,52,8,3,3,7,98.2,9,2
Bobby Engram,177,WR,16,SEA,127,94,74.0,1147,6,89.8,89.5,88.4,55.5,,12.2,369,3.9,49,63,3,3,1,9,107.3,1,0
Kevin Curtis,1389,WR,16,PHI,126,77,61.1,1110,6,77.0,76.6,55.4,81.8,,14.4,326,4.2,75,49,9,3,0,7,95.7,2,1
Bernard Berrian,1799,WR,16,CHI,121,71,58.7,951,5,77.2,76.5,81.1,48.9,,13.4,236,3.3,59,48,3,8,1,5,70.0,0,0
Jerricho Cotchery,1829,WR,15,NYJ,120,82,68.3,1130,2,77.3,77.4,56.7,55.2,65.7,13.8,434,5.3,50,51,7,7,1,13,79.5,0,0
Dwayne Bowe,3639,WR,16,KC,118,70,59.3,995,5,81.7,81.2,69.6,81.4,62.3,14.2,361,5.2,58,51,5,4,0,10,86.7,1,0
Shaun McDonald,1418,WR,16,DET,118,79,66.9,943,6,68.3,69.0,68.6,53.1,,11.9,261,3.3,49,47,6,8,2,10,79.9,2,0
Donald Driver,533,WR,15,GB,116,82,70.7,1048,2,80.3,80.0,74.3,82.5,,12.8,434,5.3,47,49,4,4,1,18,90.0,2,0
Antonio Gates,1609,TE,16,SD,109,75,68.8,984,9,89.1,90.5,71.0,81.6,61.3,13.1,302,4.0,49,54,5,4,0,3,109.3,2,0
Brian Westbrook,1094,HB,15,PHI,109,90,82.6,771,5,77.6,67.4,52.6,88.5,81.0,8.6,802,8.9,57,31,10,2,1,13,103.8,1,0
Santana Moss,786,WR,14,WAS,108,61,56.5,808,3,74.1,74.5,40.6,26.4,,13.2,188,3.1,49,43,9,4,1,4,74.2,2,0
Hines Ward,380,WR,13,PIT,107,71,66.4,732,7,86.9,84.4,65.3,82.0,85.7,10.3,244,3.4,25,47,6,4,0,0,92.1,2,0
Lee Evans,1734,WR,16,BUF,105,55,52.4,849,5,74.1,74.0,60.6,79.8,,15.4,201,3.7,85,38,5,7,0,2,67.5,6,0
Chris Cooley,1802,TE,16,WAS,104,65,62.5,781,8,78.8,79.7,67.6,46.0,82.3,12.0,285,4.4,39,46,4,1,1,8,107.1,3,1
Reggie Brown,2252,WR,16,PHI,104,61,58.7,780,5,70.0,67.6,71.4,57.6,,12.8,169,2.8,45,38,5,4,1,5,82.2,1,1
Kevin Walter,1549,WR,16,HST,101,65,64.4,800,4,78.3,76.2,79.2,81.6,35.7,12.3,177,2.7,46,43,3,7,0,3,73.0,0,0
Roy Williams,1728,WR,12,DET,101,64,63.4,838,5,71.0,70.7,60.8,28.6,,13.1,304,4.8,91,34,6,5,2,5,85.3,1,0
Marty Booker,487,WR,15,MIA,99,51,51.5,556,1,61.0,60.9,44.1,37.7,,10.9,133,2.6,26,29,8,6,0,1,46.5,2,1
Amani Toomer,169,WR,16,NYG,99,59,59.6,760,3,68.6,68.1,45.2,80.3,,12.9,195,3.3,40,43,9,4,0,1,77.0,5,0
Isaac Bruce,80,WR,14,STR,98,55,56.1,733,4,77.7,77.3,74.5,53.6,,13.3,168,3.1,37,36,3,3,0,1,80.9,0,0
Darrell Jackson,639,WR,15,SF,97,46,47.4,497,3,62.9,62.8,41.9,48.6,,10.8,84,1.8,34,33,7,7,1,3,43.2,4,2
Anquan Boldin,1369,WR,12,ARZ,96,72,75.0,854,9,77.8,80.9,70.3,29.7,80.9,11.9,390,5.4,44,43,5,2,2,9,124.2,6,0
Joey Galloway,117,WR,15,TB,95,57,60.0,1014,6,78.1,78.7,61.7,80.2,,17.8,377,6.6,69,37,7,5,0,5,95.7,1,0
Dallas Clark,1340,TE,15,IND,93,58,62.4,616,11,74.4,69.2,29.0,80.5,56.2,10.6,220,3.8,39,37,12,2,0,7,112.1,0,0
Reggie Bush,2947,HB,12,NO,92,73,79.3,417,2,59.5,71.0,48.7,26.1,25.5,5.7,400,5.5,25,24,9,1,0,10,88.3,1,0
Ronald Curry,1199,WR,16,OAK,92,55,59.8,717,4,68.8,70.9,38.3,80.5,70.9,13.0,238,4.3,49,35,8,5,0,4,76.2,6,0
Nate Burleson,1386,WR,16,SEA,91,50,54.9,694,9,69.0,69.5,65.4,38.4,,13.9,217,4.3,45,38,4,4,1,5,94.3,3,0
Arnaz Battle,1499,WR,16,SF,91,49,53.8,583,5,63.7,63.2,65.6,22.3,,11.9,132,2.7,57,25,5,4,2,5,73.6,1,0
Jerry Porter,617,WR,16,OAK,90,44,48.9,705,6,73.3,72.9,90.2,78.5,,16.0,181,4.1,59,29,0,9,0,4,58.1,1,0
Calvin Johnson,3618,WR,15,DET,89,48,53.9,756,4,76.2,74.3,56.0,79.8,,15.8,167,3.5,49,38,6,4,1,2,78.7,2,0
Jeremy Shockey,1021,TE,14,NYG,88,57,64.8,619,3,78.8,75.5,69.9,80.4,75.1,10.9,263,4.6,29,33,5,6,0,6,68.3,3,0
Mike Furrey,726,WR,16,DET,88,61,69.3,664,1,68.6,67.1,77.7,80.6,,10.9,187,3.1,49,37,3,3,0,0,80.9,2,0
Owen Daniels,3043,TE,16,HST,87,63,72.4,768,3,71.6,74.3,64.9,19.0,66.2,12.2,218,3.5,29,46,7,2,4,5,101.1,6,0
Mark Clayton,2239,WR,16,BLT,86,48,55.8,531,0,63.2,61.2,57.0,79.3,,11.1,134,2.8,52,30,5,3,0,6,59.8,0,0
Roydell Williams,2353,WR,16,TEN,86,55,64.0,719,4,77.5,78.1,81.4,80.2,,13.1,244,4.4,48,38,2,5,0,4,81.5,0,0
Santonio Holmes,2970,WR,13,PIT,85,52,61.2,952,8,87.5,87.4,66.1,42.1,,18.3,265,5.1,83,42,3,4,1,4,111.5,1,0
David Patten,221,WR,16,NO,84,54,64.3,792,3,74.4,73.4,67.2,25.6,,14.7,255,4.7,58,38,3,3,2,4,92.0,0,0
Bryant Johnson,1333,WR,16,ARZ,83,46,55.4,528,2,67.6,67.3,55.5,78.9,74.9,11.5,92,2.0,30,33,7,3,0,2,67.7,1,0
Greg Jennings,2997,WR,13,GB,83,53,63.9,920,12,75.2,73.2,53.5,79.7,,17.4,382,7.2,82,37,6,5,1,4,116.0,1,0
Ike Hilliard,233,WR,15,TB,83,62,74.7,722,1,75.3,73.1,59.6,45.0,71.0,11.6,303,4.9,56,38,6,1,2,10,99.6,1,0
Justin Gage,1452,WR,16,TEN,83,55,66.3,750,2,79.1,78.1,67.8,40.0,,13.6,253,4.6,73,45,4,3,1,5,87.9,2,0
Laveranues Coles,638,WR,12,NYJ,83,55,66.3,646,6,84.5,84.3,67.4,79.8,,11.7,131,2.4,57,35,4,3,0,6,98.8,2,0
Andre Johnson,1319,WR,9,HST,82,60,73.2,851,8,90.1,89.3,76.7,42.9,,14.2,253,4.2,77,39,2,5,1,6,113.4,1,0
Josh Reed,1043,WR,15,BUF,82,52,63.4,578,0,69.9,69.2,65.8,80.2,,11.1,208,4.0,30,34,4,3,0,9,69.1,3,0
LaDainian Tomlinson,777,HB,16,SD,82,60,73.2,475,3,80.2,80.2,82.9,91.7,74.5,7.9,564,9.4,36,21,2,3,0,9,84.1,2,0
Michael Jenkins,1750,WR,15,ATL,81,53,65.4,532,4,65.6,66.4,47.8,79.8,19.5,10.0,197,3.7,29,31,7,6,0,4,69.6,1,0
Bobby Wade,1448,WR,16,MIN,81,55,67.9,650,3,71.8,69.3,74.0,40.2,,11.8,157,2.9,40,33,5,5,1,3,78.7,5,0
Joe Jurevicius,365,WR,16,CLV,80,50,62.5,614,3,70.4,68.2,46.6,79.7,72.7,12.3,233,4.7,50,34,7,3,0,1,83.0,4,0
Patrick Crayton,1932,WR,15,DAL,79,50,63.3,697,7,73.3,70.9,71.5,79.2,,13.9,285,5.7,59,33,3,3,1,7,105.3,1,0
Deion Branch,1072,WR,11,SEA,78,49,62.8,661,4,71.4,71.4,64.2,79.1,,13.5,206,4.2,65,30,4,3,0,3,90.8,1,0
Antwaan Randle El,1069,WR,15,WAS,77,51,66.2,728,1,81.2,81.2,74.1,80.6,,14.3,197,3.9,54,38,3,3,1,4,84.8,0,0
James Jones,3694,WR,16,GB,77,47,61.0,676,2,63.9,61.9,56.3,21.0,62.3,14.4,217,4.6,79,30,4,2,3,2,87.4,1,0
Vernon Davis,2951,TE,14,SF,77,52,67.5,509,4,64.8,65.9,67.4,40.4,62.9,9.8,153,2.9,31,31,4,3,2,13,87.0,9,0
Vincent Jackson,2278,WR,16,SD,75,41,54.7,623,3,71.6,69.2,59.3,78.3,74.1,15.2,118,2.9,45,28,4,3,0,5,78.9,5,0
Jeff King,3100,TE,16,CAR,74,46,62.2,406,2,54.3,51.5,63.4,23.9,64.5,8.8,142,3.1,29,26,5,2,3,3,74.5,7,1
Muhsin Muhammad,173,WR,16,CHI,74,40,54.1,570,3,64.0,61.7,50.0,78.0,,14.3,179,4.5,44,28,5,5,0,4,64.6,3,0
Drew Carter,1881,WR,16,CAR,73,38,52.1,517,4,69.1,67.9,51.7,78.3,,13.6,121,3.2,49,28,5,3,0,5,76.1,2,1
Bo Scaife,2396,TE,16,TEN,73,46,63.0,421,1,70.2,69.6,56.7,24.1,82.8,9.2,169,3.7,26,28,5,4,2,5,60.4,2,0
Ernest Wilford,1841,WR,16,JAX,71,45,63.4,518,3,76.8,75.3,84.7,78.8,,11.5,104,2.3,35,35,1,1,0,5,93.5,3,0
Laurent Robinson,3691,WR,15,ATL,69,37,53.6,437,1,57.7,57.4,55.4,29.1,,11.8,132,3.6,74,14,4,3,1,1,59.9,3,1
Drew Bennett,941,WR,14,STR,69,33,47.8,375,3,65.6,65.1,52.7,38.3,,11.4,101,3.1,24,24,4,10,1,0,39.5,0,0
Donte' Stallworth,1020,WR,16,NE,69,46,66.7,697,3,67.0,65.3,55.3,79.1,,15.2,324,7.0,69,27,5,1,0,8,108.2,1,0
Brandon Stokley,498,WR,13,DEN,68,40,58.8,635,5,78.7,79.4,74.0,78.2,,15.9,123,3.1,58,35,2,3,0,0,96.1,1,0
Dennis Northcutt,605,WR,15,JAX,68,44,64.7,601,4,75.4,77.6,83.9,79.7,,13.7,137,3.1,55,30,1,1,0,1,106.3,3,0
Alge Crumpler,805,TE,14,ATL,67,42,62.7,444,5,72.4,65.3,52.5,78.4,55.2,10.6,276,6.6,55,22,5,1,0,6,100.6,0,0
Frank Gore,2282,HB,15,SF,65,53,81.5,436,1,57.1,50.1,47.0,54.9,66.4,8.2,409,7.7,23,20,7,0,1,10,99.7,4,1
Ted Ginn Jr.,3625,WR,16,MIA,65,34,52.3,420,2,63.6,62.7,70.5,78.1,,12.4,178,5.2,54,18,2,3,0,1,63.6,0,0
Kenny Watson,1001,HB,16,CIN,65,52,80.0,374,0,70.9,65.7,88.7,59.0,65.6,7.2,466,9.0,43,12,1,0,1,7,90.6,1,0
Earnest Graham,1613,HB,15,TB,65,49,75.4,324,0,64.4,51.4,45.2,83.6,75.6,6.6,296,6.0,21,13,7,0,1,6,85.7,0,0
Keary Colbert,1783,WR,12,CAR,63,32,50.8,332,0,51.7,50.4,42.0,27.7,27.6,10.4,115,3.6,43,16,5,4,1,5,39.9,1,0
Zach Miller,3654,TE,16,OAK,63,44,69.8,444,3,65.1,58.7,57.8,24.4,63.2,10.1,140,3.2,28,24,5,1,2,5,98.9,2,0
Greg Olsen,3647,TE,14,CHI,63,39,61.9,391,2,74.3,76.5,53.3,78.5,59.0,10.0,158,4.1,31,19,5,1,0,1,83.5,2,0
Tony Scheffler,3006,TE,14,DEN,63,49,77.8,549,5,84.6,89.9,86.2,79.4,76.2,11.2,211,4.3,41,28,1,2,0,8,116.2,0,0
Brad Smith,3048,WR,16,NYJ,63,32,50.8,325,2,57.2,54.3,35.4,79.9,,10.2,133,4.2,29,15,6,6,0,3,36.9,0,0
Desmond Clark,529,TE,16,CHI,62,44,71.0,545,4,65.2,60.4,54.1,31.8,73.7,12.4,202,4.6,52,24,4,1,1,5,112.6,5,0
Randy McMichael,1114,TE,16,STR,62,39,62.9,429,3,67.7,61.2,42.9,78.1,82.1,11.0,161,4.1,29,28,6,2,0,2,86.0,3,0
Donald Lee,1465,TE,15,GB,61,48,78.7,575,6,79.2,76.7,70.9,36.4,87.8,12.0,286,6.0,60,30,3,0,1,7,138.7,4,1
Adrian Peterson,1177,HB,16,CHI,61,51,83.6,426,0,63.3,81.8,74.0,63.6,78.4,8.4,450,8.8,30,15,3,0,0,10,95.8,0,0
Eric Johnson,929,TE,14,NO,60,48,80.0,378,2,58.1,55.6,57.9,36.3,67.3,7.9,151,3.1,22,19,5,2,1,7,90.1,3,0
Chris Chambers,821,WR,6,MIA,60,31,51.7,415,0,81.4,81.1,74.8,81.7,,13.4,94,3.0,28,20,3,4,0,0,46.2,5,0
Andre' Davis,1054,WR,14,HST,60,34,56.7,585,3,68.5,67.3,56.4,29.1,,17.2,97,2.9,53,19,4,4,1,0,78.8,0,0
Chris Baker,1091,TE,15,NYJ,60,41,68.3,410,3,74.3,69.6,66.5,30.0,66.7,10.0,153,3.7,22,29,3,0,1,5,104.2,2,0
Derek Hagan,3027,WR,16,MIA,59,29,49.2,373,2,63.4,61.9,59.9,76.8,,12.9,62,2.1,22,21,3,1,0,0,73.6,2,0
Heath Miller,2247,TE,16,PIT,59,47,79.7,566,7,87.1,82.3,85.6,79.0,69.9,12.0,230,4.9,29,31,1,1,0,4,139.1,6,0
Chris Chambers,821,WR,10,SD,58,35,60.3,565,4,81.4,81.1,74.8,81.7,,16.1,80,2.3,44,26,1,2,1,3,101.6,5,0
Reggie Williams,1730,WR,15,JAX,57,38,66.7,630,10,74.4,73.6,73.3,19.5,,16.6,217,5.7,80,30,3,0,3,2,143.3,5,0
Robert Ferguson,811,WR,15,MIN,57,32,56.1,391,1,66.3,64.2,69.0,76.8,,12.2,117,3.7,71,19,3,4,0,3,54.1,0,0
Roscoe Parrish,2272,WR,16,BUF,56,35,62.5,352,1,66.3,65.5,62.3,78.0,65.8,10.1,131,3.7,47,19,2,2,0,7,71.4,2,0
Clinton Portis,1058,HB,16,WAS,56,47,83.9,389,0,60.6,70.4,63.2,52.7,78.1,8.3,477,10.1,54,19,4,1,0,8,88.2,1,0
Kevin Faulk,470,HB,16,NE,56,47,83.9,383,1,71.7,67.2,77.4,63.7,72.9,8.1,343,7.3,23,20,2,0,1,5,101.1,1,0
Jeff Webb,3135,WR,16,KC,55,28,50.9,313,1,59.0,57.4,56.3,27.0,,11.2,60,2.1,32,13,4,2,1,2,59.1,2,0
Warrick Dunn,236,HB,16,ATL,54,37,68.5,238,0,53.3,37.4,32.8,71.9,73.0,6.4,257,6.9,35,5,7,0,0,5,77.5,2,0
Marcedes Lewis,2973,TE,16,JAX,54,37,68.5,391,2,74.7,68.8,55.9,77.7,72.5,10.6,120,3.2,25,22,4,2,0,6,86.3,5,0
Nate Washington,2832,WR,16,PIT,53,29,54.7,450,5,64.6,64.8,47.7,76.6,46.8,15.5,85,2.9,40,21,4,3,0,1,90.9,1,0
Marion Barber III,2326,HB,16,DAL,52,44,84.6,282,2,90.1,64.7,77.3,61.8,82.6,6.4,270,6.1,29,16,2,0,2,8,102.1,0,0
Anthony Gonzalez,3648,WR,13,IND,51,37,72.5,576,3,78.2,77.7,48.4,77.7,,15.6,177,4.8,57,27,5,0,0,4,129.2,1,0
Maurice Jones-Drew,3005,HB,15,JAX,50,40,80.0,407,0,79.0,73.4,66.9,64.7,79.0,10.2,394,9.9,43,23,3,0,1,9,100.6,0,0
Leon Washington,3062,HB,16,NYJ,49,36,73.5,213,0,71.4,57.7,47.2,64.1,90.3,5.9,226,6.3,18,15,5,0,0,4,81.4,0,0
David Martin,916,TE,15,MIA,49,35,71.4,303,2,58.1,57.7,72.0,77.6,50.0,8.7,93,2.7,28,16,2,2,0,0,84.0,1,0
Sidney Rice,3660,WR,13,MIN,49,31,63.3,396,4,82.4,79.1,68.2,76.8,,12.8,83,2.7,60,24,2,1,0,1,107.2,0,0
Matt Jones,2238,WR,12,JAX,49,24,49.0,317,4,72.1,72.8,31.9,75.3,,13.2,83,3.5,48,15,5,1,0,2,88.6,2,0
Javon Walker,1027,WR,8,DEN,49,26,53.1,287,0,64.3,65.7,55.3,76.5,62.4,11.0,109,4.2,24,10,3,3,0,4,45.2,2,1
Willis McGahee,1339,HB,15,BLT,48,43,89.6,231,1,70.7,77.4,75.5,68.3,84.8,5.4,320,7.4,30,10,2,1,0,11,85.0,0,0
Benjamin Watson,1753,TE,12,NE,48,36,75.0,389,6,72.3,71.2,48.3,42.7,67.3,10.8,111,3.1,35,21,5,0,1,2,137.9,3,0
Steven Jackson,1745,HB,12,STR,48,38,79.2,271,1,69.8,48.6,57.3,39.1,75.0,7.1,305,8.0,37,13,3,0,2,8,97.1,0,0
Leonard Weaver,2835,FB,16,SEA,48,39,81.3,313,0,69.8,59.6,56.7,83.2,82.3,8.0,342,8.8,46,15,4,0,0,8,93.8,2,0
Joe Horn,199,WR,12,ATL,47,27,57.4,243,1,60.3,59.2,66.6,76.3,,9.0,61,2.3,26,17,2,2,0,0,60.9,1,0
Lance Moore,2718,WR,16,NO,47,32,68.1,302,2,63.8,64.3,69.0,77.3,,9.4,63,2.0,22,22,3,3,0,0,73.2,2,0
Quinn Sypniewski,3111,TE,15,BLT,47,34,72.3,246,1,64.9,60.8,71.6,28.9,62.7,7.2,103,3.0,13,16,3,1,1,1,82.4,6,0
Eric Moulds,165,WR,16,TEN,47,32,68.1,342,0,62.8,61.3,69.8,77.0,,10.7,110,3.4,46,21,2,2,0,2,71.4,0,0
Demetrius Williams,3056,WR,9,BLT,46,20,43.5,290,0,66.4,65.7,70.5,74.4,,14.5,37,1.9,34,16,2,1,0,1,55.5,0,0
Jabar Gaffney,1040,WR,16,NE,46,36,78.3,449,5,71.8,71.4,72.2,77.6,84.7,12.5,125,3.5,56,20,2,0,0,4,143.6,0,0
Ronnie Brown,2219,HB,7,MIA,45,39,86.7,389,1,89.0,90.1,73.3,90.0,76.7,10.0,386,9.9,43,18,2,0,0,12,110.1,0,0
Devery Henderson,1771,WR,16,NO,45,20,44.4,409,3,52.5,52.2,25.3,75.1,,20.5,78,3.9,54,16,10,4,0,1,62.2,2,0
D.J. Hackett,1876,WR,6,SEA,45,32,71.1,384,3,72.3,70.5,88.3,76.8,,12.0,149,4.7,59,16,0,1,0,0,109.9,0,0
Kris Wilson,1782,FB,16,KC,45,24,53.3,180,1,43.5,36.5,33.4,20.2,71.6,7.5,119,5.0,31,8,5,2,2,3,52.1,2,0
Alex Smith,2288,TE,14,TB,43,32,74.4,385,3,65.9,64.3,51.1,76.9,54.9,12.0,148,4.6,33,20,3,1,0,5,115.0,2,0
Joseph Addai,2975,HB,15,IND,43,40,93.0,359,3,81.2,75.1,83.0,91.3,70.8,9.0,341,8.5,73,15,1,0,0,7,124.7,0,0
Selvin Young,4109,HB,15,DEN,41,35,85.4,234,0,69.6,48.2,45.7,65.1,73.1,6.7,278,7.9,24,12,5,1,1,6,80.3,2,1
Justin Peelle,1104,TE,16,MIA,41,29,70.7,228,2,65.6,59.9,58.0,76.5,59.0,7.9,158,5.4,35,12,3,0,0,4,100.5,2,1
Kevin Jones,1751,HB,13,DET,41,32,78.0,197,0,70.6,56.1,53.1,66.4,70.5,6.2,210,6.6,16,6,5,1,0,7,76.5,1,1
L.J. Smith,1376,TE,10,PHI,41,22,53.7,236,1,55.2,52.6,49.5,25.2,71.4,10.7,71,3.2,26,12,4,1,1,1,68.8,2,0
Delanie Walker,3120,TE,16,SF,41,21,51.2,174,1,55.6,54.4,50.6,75.1,84.3,8.3,116,5.5,26,8,3,0,0,3,70.6,6,0
Justin McCareins,872,WR,16,NYJ,40,19,47.5,232,0,53.8,52.3,29.8,74.1,,12.2,42,2.2,51,13,4,2,0,4,45.0,1,0
Chester Taylor,1182,HB,14,MIN,39,29,74.4,285,0,70.2,57.3,51.6,27.7,71.6,9.8,280,9.7,50,12,5,0,0,2,94.5,1,0
Billy Miller,534,TE,16,NO,39,27,69.2,328,2,79.2,84.7,87.0,76.0,59.6,12.1,185,6.9,57,20,0,1,0,3,101.2,4,0
Derrick Ward,1949,HB,8,NYG,39,26,66.7,179,1,65.7,48.6,35.9,54.7,90.9,6.9,194,7.5,17,7,5,1,0,5,74.6,0,0
Aaron Stecker,572,HB,15,NO,38,36,94.7,211,0,64.3,75.4,81.8,60.8,66.4,5.9,232,6.4,26,11,1,0,0,3,89.8,0,0
Brian Leonard,3668,FB,16,STR,38,30,78.9,183,0,63.7,56.4,69.1,66.2,63.0,6.1,170,5.7,16,8,4,2,0,2,64.8,0,0
Visanthe Shiancoe,1406,TE,16,MIN,38,27,71.1,324,1,55.7,51.9,66.2,76.1,48.8,12.0,121,4.5,79,11,2,2,0,2,83.7,8,0
Vernand Morency,2290,HB,13,GB,37,30,81.1,199,0,71.9,72.6,77.3,57.7,88.0,6.6,232,7.7,18,9,1,0,1,4,89.1,1,0
J.J. Arrington,2261,HB,16,ARZ,37,29,78.4,241,1,57.9,62.5,59.5,81.8,73.7,8.3,287,9.9,32,10,3,1,0,4,91.6,1,0
Troy Williamson,2224,WR,11,MIN,37,18,48.6,236,1,65.6,63.7,28.6,74.9,,13.1,50,2.8,60,9,5,0,0,1,78.2,1,0
DeShaun Foster,1041,HB,16,CAR,37,25,67.6,188,1,50.7,39.5,43.1,27.0,57.3,7.5,193,7.7,23,7,4,0,2,6,88.6,2,0
Devin Hester,3002,WR,15,CHI,37,21,56.8,299,2,68.2,70.0,39.1,77.0,,14.2,138,6.6,81,12,4,2,0,5,78.5,2,0
Samie Parker,1826,WR,15,KC,37,25,67.6,293,2,58.3,58.1,74.2,76.2,62.3,11.7,82,3.3,24,15,1,1,0,3,98.1,0,0
Larry Johnson,1343,HB,8,KC,37,30,81.1,186,1,57.2,62.6,67.3,81.5,39.3,6.2,256,8.5,30,9,3,1,0,4,85.4,3,0
Sam Hurd,3362,WR,16,DAL,36,19,52.8,314,1,64.9,63.6,84.1,74.6,,16.5,99,5.2,51,17,0,1,0,2,80.1,1,0
Ben Utecht,2199,TE,14,IND,36,31,86.1,364,1,72.4,73.9,88.0,17.6,58.1,11.7,169,5.5,30,21,0,1,3,1,106.5,4,0
Jerheme Urban,1709,WR,10,ARZ,36,22,61.1,329,2,58.7,60.9,40.4,75.1,65.4,15.0,79,3.6,42,16,4,2,0,1,86.5,1,0
Chris Henry,2300,WR,8,CIN,36,21,58.3,343,2,65.6,65.6,29.7,74.6,,16.3,47,2.2,52,14,5,1,0,3,97.3,0,0
Jamal Lewis,583,HB,14,CLV,36,30,83.3,248,2,60.1,65.8,77.8,67.7,56.7,8.3,236,7.9,34,9,1,1,0,4,102.3,2,0
Brandon Jacobs,2327,HB,11,NYG,35,23,65.7,174,2,63.3,28.6,27.5,32.8,77.9,7.6,189,8.2,34,7,9,0,1,6,96.6,0,0
Jerious Norwood,3024,HB,15,ATL,35,28,80.0,277,0,76.6,65.8,69.1,89.2,81.3,9.9,309,11.0,46,12,2,0,0,4,99.6,0,0
Lorenzo Booker,3687,HB,7,MIA,35,28,80.0,237,0,72.0,83.2,67.3,81.9,74.8,8.5,215,7.7,22,13,2,0,0,4,94.9,0,0
Michael Clayton,1736,WR,14,TB,35,22,62.9,301,0,58.8,55.9,29.9,26.7,,13.7,128,5.8,39,14,5,0,1,3,90.3,0,0
Michael Gaines,1946,TE,15,BUF,35,25,71.4,215,2,71.8,67.9,29.4,75.5,72.0,8.6,175,7.0,20,13,6,0,0,5,106.3,4,0
Devard Darling,1803,WR,13,BLT,35,18,51.4,326,3,65.2,64.5,33.8,74.1,,18.1,89,4.9,53,16,4,2,0,3,88.5,0,0
Jason Wright,2212,HB,16,CLV,35,24,68.6,233,0,71.2,64.3,73.5,59.3,80.2,9.7,196,8.2,23,14,1,2,0,4,63.2,0,0
Marcus Pollard,151,TE,14,SEA,35,28,80.0,273,2,65.7,64.3,56.4,76.2,71.9,9.8,136,4.9,22,15,3,1,0,1,106.3,3,0
Jesse Chatman,2861,HB,12,MIA,34,27,79.4,161,0,76.7,61.9,66.3,73.0,72.0,6.0,138,5.1,22,8,2,0,1,6,86.4,0,0
Ryan Grant,2609,HB,14,GB,34,30,88.2,145,0,72.9,60.8,78.4,80.1,69.7,4.8,188,6.3,21,8,1,0,1,1,84.4,0,0
DeAngelo Williams,2972,HB,16,CAR,34,23,67.6,159,1,66.3,33.5,40.0,75.1,74.8,6.9,208,9.0,30,6,4,0,1,2,87.7,1,0
Leonard Pope,3017,TE,13,ARZ,34,23,67.6,238,5,58.9,63.0,41.7,25.6,71.4,10.3,78,3.4,31,13,3,3,1,1,90.4,9,0
Brandon Jones,2313,WR,8,TEN,34,21,61.8,248,2,68.2,68.0,49.1,25.7,,11.8,72,3.4,35,11,3,0,1,3,103.6,1,0
Robert Royal,1151,TE,16,BUF,34,25,73.5,248,3,54.7,50.4,86.5,19.6,65.8,9.9,157,6.3,28,10,0,0,2,1,123.2,4,1
Koren Robinson,2864,WR,9,GB,34,21,61.8,241,1,74.0,70.8,60.7,75.2,,11.5,124,5.9,43,11,2,3,0,3,56.1,0,0
Jason Avant,3054,WR,15,PHI,33,23,69.7,267,2,74.3,72.8,73.7,75.6,,11.6,53,2.3,31,15,1,2,0,2,88.8,1,0
Justin Griffith,1433,FB,16,OAK,33,26,78.8,165,1,69.9,54.6,64.5,77.7,81.3,6.3,128,4.9,29,7,1,0,0,6,97.6,3,1
Lamont Jordan,819,HB,12,OAK,33,27,81.8,245,0,57.3,67.9,68.0,72.7,54.1,9.1,268,9.9,27,11,2,0,0,4,97.6,0,0
Edgerrin James,439,HB,16,ARZ,33,24,72.7,208,0,61.1,41.9,34.7,54.6,71.1,8.7,206,8.6,26,10,5,0,1,7,89.0,2,0
Michael Pittman,382,HB,10,TB,33,26,78.8,191,0,58.9,55.7,64.3,61.0,73.7,7.3,165,6.3,16,11,2,0,1,1,90.8,1,1
Sinorice Moss,2989,WR,13,NYG,33,21,63.6,225,0,58.2,58.1,71.3,75.0,,10.7,72,3.4,20,12,1,0,1,3,83.5,1,0
Marvin Harrison,162,WR,5,IND,32,20,62.5,247,1,79.4,80.3,83.6,74.4,,12.4,39,2.0,42,12,0,0,0,0,96.7,0,0
Vonta Leach,2100,FB,16,HST,32,25,78.1,108,2,64.0,30.4,52.9,19.8,71.6,4.3,89,3.6,15,7,3,0,2,2,101.6,0,0
Keenan McCardell,19,WR,9,WAS,31,22,71.0,256,1,73.4,73.4,60.5,74.9,,11.6,53,2.4,32,16,2,0,0,2,106.4,0,0
Bubba Franks,592,TE,8,GB,31,18,58.1,132,3,72.2,66.7,69.0,73.9,78.6,7.3,47,2.6,24,7,2,1,0,1,87.0,0,0
Todd Heap,801,TE,6,BLT,31,23,74.2,239,1,79.3,84.0,73.5,75.3,82.2,10.4,78,3.4,37,14,1,3,0,1,67.2,2,0
Justin Fargas,1410,HB,14,OAK,31,23,74.2,188,0,66.1,46.6,35.0,70.4,68.4,8.2,196,8.5,17,11,3,1,0,3,75.7,0,0
Musa Smith,1392,HB,16,BLT,31,27,87.1,192,0,62.8,66.4,76.0,62.8,74.8,7.1,191,7.1,29,8,1,0,0,4,92.5,1,1
Thomas Jones,585,HB,16,NYJ,30,28,93.3,217,1,66.0,65.6,76.8,69.1,84.2,7.8,236,8.4,25,8,0,0,0,2,107.9,1,0
Cedrick Wilson,901,WR,16,PIT,30,18,60.0,207,1,64.1,63.2,56.1,74.7,,11.5,44,2.4,18,13,1,2,0,0,64.2,1,0
Daniel Graham,1028,TE,15,DEN,30,24,80.0,246,2,69.4,56.4,63.2,75.5,52.0,10.3,105,4.4,28,13,1,0,0,0,123.1,6,0
Maurice Morris,1061,HB,14,SEA,30,23,76.7,213,1,58.6,59.6,73.6,74.4,77.8,9.3,174,7.6,34,8,1,0,0,3,106.7,0,0
Ladell Betts,1063,HB,16,WAS,30,22,73.3,179,1,59.9,67.4,60.5,67.0,71.1,8.1,208,9.5,28,7,2,0,0,4,99.2,0,0
Rashied Davis,2554,WR,16,CHI,30,17,56.7,165,0,50.1,49.4,30.0,73.6,,9.7,61,3.6,36,8,4,1,0,3,58.3,0,0
Craig Davis,3646,WR,13,SD,30,20,66.7,188,1,63.7,61.2,58.6,75.5,,9.4,78,3.9,18,12,2,2,0,2,67.1,0,0
LenDale White,2990,HB,16,TEN,29,20,69.0,114,0,58.2,48.0,58.1,47.1,77.2,5.7,131,6.6,15,7,2,1,0,1,61.6,0,0
Antonio Chatman,946,WR,12,CIN,28,19,67.9,149,1,65.5,67.1,56.9,74.5,,7.8,71,3.7,15,9,2,1,0,0,77.8,1,0
Ruvell Martin,2111,WR,15,GB,28,16,57.1,242,4,63.0,60.3,53.3,26.3,,15.1,65,4.1,36,15,2,0,1,1,125.3,0,0
Kolby Smith,3764,HB,9,KC,28,22,78.6,153,0,63.0,46.9,50.4,89.3,65.7,7.0,155,7.0,21,6,4,0,0,3,89.4,1,0
Ben Obomanu,3194,WR,13,SEA,28,12,42.9,180,1,61.1,60.5,34.1,72.3,,15.0,53,4.4,30,9,3,1,0,1,61.6,0,0
Fred Jackson,3368,HB,8,BUF,28,22,78.6,190,0,83.1,89.6,85.7,85.3,66.5,8.6,210,9.5,54,7,0,0,0,4,94.9,1,1
Willie Parker,2142,HB,15,PIT,27,23,85.2,164,0,54.4,54.6,62.6,59.7,73.9,7.1,138,6.0,22,7,2,0,0,4,92.0,1,0
Sean McHugh,1955,TE,15,DET,27,17,63.0,252,0,66.1,67.4,54.5,73.6,67.0,14.8,150,8.8,46,13,2,0,0,1,93.4,2,0
Reggie Kelly,468,TE,15,CIN,26,20,76.9,211,0,66.2,43.9,70.5,74.4,81.9,10.6,46,2.3,26,7,1,0,0,1,100.0,4,0
Cedric Benson,2221,HB,11,CHI,26,17,65.4,123,0,42.5,37.1,28.8,53.2,58.0,7.2,134,7.9,19,5,5,0,0,4,76.3,0,0
Bryan Fletcher,1184,TE,12,IND,26,18,69.2,143,0,62.0,62.0,83.6,74.4,58.3,7.9,44,2.4,21,10,0,1,0,1,66.7,3,0
Ashley Lelie,1026,WR,13,SF,25,10,40.0,115,0,47.4,48.0,58.9,19.8,,11.5,23,2.3,47,4,1,1,1,0,37.9,2,1
Julius Jones,1764,HB,16,DAL,25,23,92.0,203,0,64.3,71.7,74.2,90.4,72.1,8.8,222,9.7,24,10,1,0,0,7,100.5,0,0
Najeh Davenport,1131,HB,15,PIT,25,17,68.0,152,2,68.1,45.0,27.9,88.6,79.5,8.9,99,5.8,32,5,6,0,0,3,110.8,1,0
Eddie Kennison,161,WR,7,KC,25,13,52.0,101,0,55.4,56.4,64.4,73.5,,7.8,26,2.0,18,6,1,4,0,1,22.7,1,0
Will Heller,1623,TE,15,SEA,24,13,54.2,82,3,52.4,39.9,34.3,72.3,78.7,6.3,45,3.5,25,5,4,0,0,0,101.0,1,0
Glenn Martinez,2112,WR,12,DEN,24,15,62.5,175,0,53.9,54.8,49.8,72.7,65.7,11.7,40,2.7,23,9,2,0,0,1,84.5,3,0
Marshawn Lynch,3628,HB,13,BUF,24,18,75.0,186,0,79.8,62.7,70.3,75.7,55.3,10.3,209,11.6,30,10,1,0,1,5,96.9,1,0
Lawrence Vickers,3125,FB,16,CLV,23,13,56.5,91,2,60.1,30.0,26.4,77.8,47.2,7.0,75,5.8,25,7,6,0,0,2,94.7,0,0
Jacoby Jones,3689,WR,14,HST,23,15,65.2,149,0,62.3,61.0,65.9,23.8,,9.9,50,3.3,26,9,1,1,1,1,65.3,0,0
Shaun Alexander,597,HB,13,SEA,23,14,60.9,76,1,48.5,29.8,27.3,67.5,44.7,5.4,79,5.6,18,4,6,0,0,2,81.1,0,0
Aaron Moorehead,1665,WR,6,IND,23,8,34.8,65,0,52.9,49.6,28.8,70.1,,8.1,10,1.3,16,4,3,3,0,0,4.0,0,0
Michael Sellers,432,FB,14,WAS,22,17,77.3,117,1,51.9,49.7,41.9,49.2,67.1,6.9,73,4.3,24,7,3,0,1,5,103.8,3,0
Adrian Peterson,3623,HB,14,MIN,22,19,86.4,268,1,91.2,66.5,44.9,52.0,54.5,14.1,289,15.2,60,13,3,0,0,6,132.6,1,0
Kenton Keith,4131,HB,16,IND,22,13,59.1,77,1,61.7,29.4,27.0,70.4,45.1,5.9,75,5.8,14,3,6,0,0,5,81.1,0,0
George Wrighster,1417,TE,11,JAX,22,17,77.3,123,1,65.0,61.7,55.6,73.9,37.3,7.2,74,4.4,36,6,2,0,0,0,104.9,1,0
Chris Brown,1407,HB,12,TEN,21,19,90.5,128,0,76.4,73.2,83.2,46.4,89.7,6.7,140,7.4,16,7,0,0,0,5,92.1,0,0
Ron Dayne,589,HB,13,HST,21,17,81.0,112,0,56.6,62.1,68.7,80.2,75.1,6.6,121,7.1,17,4,1,0,0,2,88.9,1,0
Brandon Jackson,3679,HB,11,GB,21,16,76.2,130,0,70.3,65.6,54.5,86.4,70.1,8.1,145,9.1,16,6,2,0,0,8,91.4,0,0
Anthony Fasano,2998,TE,16,DAL,21,14,66.7,143,1,60.2,54.3,49.8,72.7,68.1,10.2,56,4.0,26,6,2,0,0,2,101.9,2,0
Hank Baskett,3220,WR,16,PHI,21,16,76.2,142,1,62.3,58.7,82.2,73.6,70.6,8.9,35,2.2,25,5,0,1,0,0,89.8,0,0
Glenn Holt,3355,WR,9,CIN,21,16,76.2,143,1,78.2,75.0,81.7,74.2,,8.9,43,2.7,22,10,0,0,0,1,109.8,0,0
Brent Celek,3778,TE,16,PHI,21,16,76.2,178,1,69.3,70.2,82.4,73.5,54.2,11.1,79,4.9,29,10,0,0,0,1,116.8,2,0
Greg Lewis,1650,WR,15,PHI,21,13,61.9,265,3,67.0,68.1,80.0,72.3,,20.4,64,4.9,50,11,0,2,0,1,105.8,2,0
Cecil Sapp,1695,FB,16,DEN,20,14,70.0,51,1,61.3,39.7,36.0,78.6,62.7,3.6,49,3.5,16,3,3,0,0,0,89.6,0,0
Mike Williams,2227,WR,6,OAK,20,7,35.0,90,0,51.8,49.0,27.2,19.4,,12.9,34,4.9,24,4,3,1,1,1,29.2,1,0
Correll Buckhalter,869,HB,14,PHI,20,12,60.0,87,0,67.9,35.2,27.6,84.8,62.1,7.3,82,6.8,14,7,5,0,0,1,70.2,0,0
Jerramy Stevens,1035,TE,14,TB,20,18,90.0,189,4,62.3,61.8,83.2,23.9,77.8,10.5,49,2.7,24,11,0,0,0,1,145.6,1,0
Steve Heiden,481,TE,16,CLV,20,12,60.0,104,0,64.2,49.0,80.0,72.3,79.6,8.7,31,2.6,27,4,0,2,0,0,34.2,0,0
B.J. Askew,1400,FB,13,TB,19,18,94.7,175,0,84.7,84.5,69.0,73.9,79.5,9.7,154,8.6,22,9,1,0,0,7,105.0,0,0
Craphonso Thorpe,2333,WR,4,IND,19,12,63.2,70,1,68.1,68.0,79.4,71.9,,5.8,18,1.5,12,4,0,0,0,0,87.6,1,1
Tim Carter,1053,WR,16,CLV,19,8,42.1,117,1,49.3,49.6,38.7,70.6,,14.6,19,2.4,22,7,2,2,0,0,40.8,1,0
Anthony Thomas,808,HB,10,BUF,19,15,78.9,95,1,67.5,75.6,65.9,82.3,80.7,6.3,109,7.3,11,3,1,1,0,4,83.1,1,1
Reche Caldwell,1055,WR,8,WAS,19,15,78.9,141,0,63.1,62.5,81.1,73.0,,9.4,13,0.9,19,8,0,0,0,1,97.6,0,0
Tatum Bell,1762,HB,5,DET,18,14,77.8,63,0,50.4,48.1,51.5,48.2,46.3,4.5,73,5.2,15,2,2,0,0,1,81.3,1,0
Terrance Copper,2016,WR,14,NO,18,15,83.3,126,2,61.5,58.7,65.9,73.0,,8.4,54,3.6,21,7,1,0,0,0,132.9,0,0
Aundrae Allison,3762,WR,10,MIN,18,9,50.0,122,0,57.2,57.2,54.9,20.3,,13.6,42,4.7,35,6,1,0,1,2,72.0,0,0
Ben Hartsock,1789,TE,16,TEN,18,12,66.7,138,0,71.6,56.8,79.4,71.9,82.9,11.5,69,5.8,27,7,1,0,0,1,89.6,1,0
Bryan Gilmore,727,WR,9,SF,18,7,38.9,111,0,58.7,57.4,52.5,70.3,,15.9,23,3.3,42,7,2,1,0,0,37.0,0,0
Matt Schobel,1074,TE,14,PHI,18,11,61.1,108,1,63.9,63.6,80.3,72.2,81.6,9.8,24,2.2,18,6,0,0,0,0,96.5,0,0
Pierre Thomas,4080,HB,10,NO,18,17,94.4,151,1,82.5,72.2,82.7,84.3,25.1,8.9,160,9.4,17,9,0,0,0,0,120.1,0,0
Travis Minor,846,HB,7,STR,17,12,70.6,86,0,60.5,60.5,47.7,78.5,45.8,7.2,84,7.0,20,5,2,0,0,3,82.0,0,0
Ahman Green,374,HB,6,HST,17,14,82.4,123,0,66.4,57.5,64.7,85.7,74.3,8.8,139,9.9,53,2,1,0,0,1,96.8,1,0
James Thrash,323,WR,12,WAS,17,9,52.9,107,2,58.7,54.7,78.0,71.1,,11.9,25,2.8,31,4,0,1,0,0,87.1,1,0
Mike Karney,1875,FB,16,NO,17,13,76.5,78,0,52.1,44.0,50.1,76.8,57.3,6.0,70,5.4,11,3,2,0,0,0,84.9,3,0
Mark Bradley,2256,WR,15,CHI,17,6,35.3,71,1,57.4,57.5,49.2,68.8,,11.8,23,3.8,19,3,1,2,0,1,28.9,0,0
Maurice Hicks,1253,HB,16,SF,16,14,87.5,86,0,66.5,62.6,64.7,29.6,74.2,6.1,65,4.6,11,3,1,0,0,1,89.1,0,0
Sean Morey,538,WR,8,ARZ,16,8,50.0,131,0,54.1,54.0,35.3,70.1,,16.4,69,8.6,62,4,2,0,0,0,77.9,0,0
Greg Estandia,3597,TE,9,JAX,16,9,56.3,136,0,68.7,70.2,38.7,70.6,80.1,15.1,37,4.1,30,5,2,0,0,1,84.4,1,0
Dominic Rhodes,979,HB,6,OAK,16,11,68.8,70,0,63.2,48.3,44.2,59.6,57.1,6.4,55,5.0,17,1,2,1,0,5,51.6,0,0
Aveion Cason,945,HB,10,DET,16,14,87.5,129,0,62.0,54.9,66.7,27.0,87.9,9.2,108,7.7,20,5,1,0,1,0,100.3,0,0
Greg Jones II,1776,FB,16,JAX,16,11,68.8,99,2,81.2,64.4,78.7,82.4,79.2,9.0,94,8.5,27,8,0,1,0,2,98.7,1,0
Kyle Brady,118,TE,14,NE,15,9,60.0,70,2,65.8,54.8,77.3,70.6,66.9,7.8,25,2.8,20,6,0,1,0,0,83.3,4,1
Devin Aromashodu,3178,WR,6,IND,15,7,46.7,96,0,62.2,61.5,54.9,70.1,,13.7,36,5.1,28,5,1,0,0,1,67.6,1,0
David Anderson,3196,WR,6,HST,15,12,80.0,131,1,69.4,67.6,79.4,71.9,,10.9,27,2.3,24,9,0,0,0,0,125.3,0,0
Rudi Johnson,857,HB,11,CIN,15,13,86.7,110,1,51.3,51.6,63.5,46.9,49.5,8.5,117,9.0,33,3,0,0,0,2,119.4,1,0
Daniel Coats,3908,TE,15,CIN,15,12,80.0,122,0,60.6,55.5,31.6,71.9,75.2,10.2,48,4.0,25,7,2,0,0,2,100.6,0,0
Marques Hagans,3089,WR,3,STR,15,8,53.3,101,0,62.5,62.5,35.3,71.5,,12.6,24,3.0,23,6,2,0,0,0,74.6,0,0
Steve Breaston,3758,WR,7,ARZ,14,8,57.1,92,0,61.2,60.9,54.9,71.5,,11.5,37,4.6,22,3,1,2,0,1,37.5,0,0
Kevin Boss,3769,TE,11,NYG,14,9,64.3,118,2,74.1,75.7,77.3,70.6,76.3,13.1,31,3.4,23,8,1,0,0,1,130.4,1,0
Darius Walker,4248,HB,4,HST,14,13,92.9,81,0,60.8,66.1,80.0,84.5,51.6,6.2,71,5.5,9,5,0,0,0,4,90.8,0,0
Reuben Droughns,640,HB,15,NYG,14,7,50.0,49,0,56.4,44.7,52.1,62.8,56.6,7.0,44,6.3,11,1,1,1,0,0,28.6,0,0
Deshawn Wynn,3844,HB,7,GB,14,9,64.3,73,0,68.6,54.4,41.4,83.5,79.0,8.1,96,10.7,18,4,2,0,0,2,77.4,1,0
Jason McKie,1279,FB,16,CHI,14,9,64.3,33,0,81.2,48.1,56.7,22.8,56.6,3.7,47,5.2,10,2,1,0,0,0,68.2,1,0
Steve Smith,3667,WR,5,NYG,14,8,57.1,63,0,57.5,56.1,28.8,70.1,,7.9,19,2.4,12,4,3,0,0,1,68.5,0,0
Tim Dwight,390,WR,6,OAK,14,6,42.9,98,2,56.0,55.8,49.7,70.6,,16.3,10,1.7,28,4,1,2,0,0,67.0,1,0
Carey Davis,2029,FB,15,PIT,14,12,85.7,49,0,67.6,57.4,63.0,78.3,86.9,4.1,58,4.8,10,2,1,0,0,2,81.3,0,0
Dane Looker,755,WR,13,STR,13,6,46.2,38,0,50.3,52.0,74.6,68.8,,6.3,15,2.5,10,3,0,1,0,1,21.0,0,0
John Madsen,3408,TE,16,OAK,13,8,61.5,102,1,56.2,55.3,35.3,70.1,80.7,12.8,40,5.0,39,5,2,0,0,0,111.7,0,0
Le'Ron McClain,3753,FB,16,BLT,13,9,69.2,55,1,57.2,30.0,39.5,24.1,74.8,6.1,53,5.9,13,1,2,0,1,1,103.0,6,1
Malcom Floyd,2044,WR,6,SD,13,7,53.8,97,0,65.2,62.7,75.6,69.5,,13.9,11,1.6,25,4,0,1,0,1,46.0,0,0
Tony Richardson,110,FB,14,MIN,13,11,84.6,89,0,76.2,69.6,78.7,74.9,69.1,8.1,81,7.4,12,4,0,0,0,2,95.2,0,0
Maurice Stovall,3035,WR,13,TB,13,10,76.9,86,1,60.3,59.0,78.7,71.5,,8.6,26,2.6,13,6,0,0,0,1,119.4,2,0
Michael Matthews,4218,TE,16,NYG,13,6,46.2,28,0,48.6,28.8,26.8,68.8,58.7,4.7,14,2.3,6,0,4,0,0,0,53.0,0,0
Michael Robinson,3045,HB,11,SF,13,11,84.6,73,0,64.5,68.4,78.7,29.8,87.7,6.6,65,5.9,20,4,1,0,0,2,90.1,0,0
Fred Taylor,333,HB,15,JAX,13,9,69.2,58,0,90.3,44.0,38.4,69.1,87.3,6.4,56,6.2,18,2,2,0,0,2,78.4,0,0
Travis Henry,825,HB,12,DEN,13,7,53.8,65,0,60.9,46.4,54.9,60.6,70.6,9.3,67,9.6,21,2,1,0,0,0,67.8,0,0
Dwayne Jarrett,3661,WR,6,CAR,13,6,46.2,73,0,53.8,51.4,29.8,69.8,,12.2,1,0.2,22,2,2,1,0,0,31.9,0,0
Brad Hoover,740,FB,16,CAR,13,10,76.9,58,0,70.8,44.8,60.6,76.6,57.0,5.8,55,5.5,14,2,1,1,0,0,52.7,0,0
Legedu Naanee,3788,WR,11,SD,12,8,66.7,69,0,63.0,63.1,76.5,70.1,,8.6,46,5.8,22,4,0,1,0,1,46.9,1,0
Brandon Manumaleuna,876,TE,16,SD,12,10,83.3,86,1,81.6,55.3,78.7,71.5,73.9,8.6,57,5.7,40,3,1,0,0,2,124.3,1,0
Darren Sproles,2347,HB,8,SD,12,10,83.3,31,0,70.2,85.7,78.7,81.7,72.2,3.1,68,6.8,14,3,0,0,0,2,79.2,0,0
Lorenzo Neal,47,FB,13,SD,11,8,72.7,23,1,73.2,29.6,35.3,25.4,75.4,2.9,23,2.9,9,1,2,0,1,1,105.5,1,0
Dante' Hall,677,WR,6,STR,11,5,45.5,27,0,54.2,47.9,27.5,70.9,,5.4,19,3.8,12,2,3,0,0,0,52.5,0,0
Michael Bennett,797,HB,6,KC,11,10,90.9,47,0,59.1,55.7,54.3,29.5,57.3,4.7,62,6.2,9,2,0,0,2,3,84.5,0,0
Wallace Wright,3563,WR,9,NYJ,11,6,54.5,87,0,66.0,64.3,74.6,68.8,,14.5,37,6.2,36,4,0,1,0,0,42.6,0,0
Mack Strong,66,FB,5,SEA,11,9,81.8,72,0,70.7,70.0,77.3,73.1,86.0,8.0,55,6.1,15,5,0,0,0,2,93.9,1,0
Peerless Price,473,WR,4,BUF,11,7,63.6,68,0,63.4,61.6,52.1,69.5,,9.7,17,2.4,22,5,1,1,0,1,43.0,1,1
Ben Patrick,3831,TE,8,ARZ,11,7,63.6,73,2,74.8,65.9,54.6,70.1,76.8,10.4,32,4.6,21,7,1,1,0,0,84.5,1,0
Madison Hedgecock,2468,FB,15,NYG,11,6,54.5,45,0,85.9,42.8,35.3,70.1,71.7,7.5,30,5.0,9,0,2,0,0,3,64.6,2,0
Ahmard Hall,3336,FB,10,TEN,11,9,81.8,60,0,62.9,71.6,78.0,71.7,90.0,6.7,53,5.9,11,3,0,0,0,1,89.4,1,0
Garrett Wolfe,3709,HB,10,CHI,11,10,90.9,119,0,57.1,66.6,78.0,33.3,84.5,11.9,138,13.8,33,4,0,1,1,5,73.9,0,0
John Broussard,3845,WR,8,JAX,10,4,40.0,126,1,69.8,68.6,42.1,67.0,,31.5,6,1.5,56,3,1,2,0,0,81.3,0,0
Greg Camarillo,2523,WR,10,MIA,10,8,80.0,160,2,64.1,66.0,76.5,70.1,,20.0,82,10.3,64,6,0,0,0,1,158.3,1,0
Daniel Wilcox,1002,TE,5,BLT,10,6,60.0,18,1,50.7,43.7,49.2,68.8,83.4,3.0,3,0.5,7,1,1,0,0,0,97.9,2,0
Moran Norris,865,FB,15,SF,10,6,60.0,38,0,65.9,61.9,49.7,73.6,58.1,6.3,27,4.5,13,2,1,0,0,1,67.9,0,0
Miles Austin,3211,WR,8,DAL,10,5,50.0,76,0,61.2,60.7,29.2,68.0,,15.2,42,8.4,35,3,2,0,0,2,75.4,0,0
Todd Yoder,772,TE,15,WAS,10,7,70.0,97,1,66.4,64.0,54.5,70.1,75.4,13.9,58,8.3,30,4,1,0,0,2,134.2,4,0
Terrelle Smith,651,FB,16,ARZ,10,7,70.0,59,0,72.4,47.5,35.3,70.8,86.8,8.4,27,3.9,16,4,1,1,0,1,45.4,0,0
Ben Troupe,1761,TE,15,TEN,10,5,50.0,47,0,64.9,56.5,45.8,69.1,76.7,9.4,39,7.8,13,2,1,1,0,1,23.8,0,0
Troy Walters,682,WR,10,DET,10,9,90.0,101,1,72.6,71.5,77.3,70.6,,11.2,18,2.0,21,5,0,0,0,1,142.1,0,0
Thomas Tapeh,1880,FB,16,PHI,10,8,80.0,50,0,68.8,45.1,54.5,73.3,64.2,6.3,49,6.1,9,1,1,0,0,4,87.5,0,0
Korey Hall,3807,FB,14,GB,10,8,80.0,49,0,79.3,60.7,76.5,70.1,64.6,6.1,33,4.1,10,3,0,0,0,1,87.1,0,0
Troy Bienemann,4195,TE,16,ARZ,10,7,70.0,46,1,51.8,48.2,76.5,70.1,60.3,6.6,13,1.9,13,2,0,1,0,0,73.3,3,0
Priest Holmes,309,HB,4,KC,9,5,55.6,17,0,50.2,58.1,75.9,83.2,63.8,3.4,40,8.0,8,0,0,2,0,0,21.3,0,0
Michael Bennett,797,HB,7,TB,9,6,66.7,79,2,59.1,55.7,54.3,29.5,57.3,13.2,81,13.5,23,3,2,0,0,2,133.8,0,0
Ovie Mughelli,1445,FB,16,ATL,9,6,66.7,36,0,92.0,46.1,49.2,72.6,89.7,6.0,24,4.0,12,1,1,0,0,1,74.3,0,0
Marcel Shipp,987,HB,15,ARZ,9,4,44.4,25,0,60.4,44.8,45.8,76.5,90.4,6.3,28,7.0,9,0,1,0,0,0,51.6,0,0
Chris Davis,3744,WR,6,TEN,9,5,55.6,38,0,48.8,48.0,45.8,18.0,,7.6,24,4.8,13,1,1,0,1,0,66.0,0,0
Brandon Middleton,2123,WR,4,DET,9,8,88.9,70,1,66.6,65.9,76.5,70.1,,8.8,29,3.6,17,6,0,0,0,0,136.1,0,0
Casey Fitzsimmons,1607,TE,16,DET,9,8,88.9,85,1,73.6,77.7,77.3,70.6,67.7,10.6,52,6.5,22,6,0,0,0,1,143.1,2,0
Martrez Milner,3749,TE,7,ATL,9,9,100.0,50,0,54.4,59.0,77.3,70.6,38.3,5.6,27,3.0,15,2,0,0,0,0,89.8,2,0
Richard Angulo,1548,TE,5,JAX,9,8,88.9,81,1,58.4,52.4,54.5,70.1,51.2,10.1,11,1.4,22,3,1,0,0,0,141.2,1,0
Dwayne Blakley,1219,TE,11,ATL,9,7,77.8,48,0,55.0,50.8,75.6,69.5,58.0,6.9,26,3.7,11,2,0,0,0,0,88.9,1,0
Taylor Jacobs,1360,WR,4,SF,9,3,33.3,40,1,49.8,49.6,28.0,67.4,,13.3,3,1.0,21,2,2,1,0,0,45.8,0,0
Brandon Lloyd,1436,WR,8,WAS,9,2,22.2,14,0,53.6,53.3,72.1,67.0,,7.0,15,7.5,9,0,0,1,0,1,0.0,0,0
Mewelde Moore,1840,HB,6,MIN,8,6,75.0,48,0,59.6,52.8,49.2,27.2,62.6,8.0,40,6.7,20,1,0,1,0,0,50.0,0,0
Sam Gado,2599,HB,3,HST,8,8,100.0,64,0,61.8,51.3,79.4,51.5,79.1,8.0,73,9.1,20,2,0,0,1,0,100.0,0,0
Ryne Robinson,3734,WR,9,CAR,8,4,50.0,35,0,56.2,56.5,72.1,67.0,,8.8,17,4.3,12,2,0,0,0,0,62.0,0,0
Jeb Putzier,1174,TE,7,HST,8,6,75.0,39,1,52.1,52.4,49.2,68.8,66.3,6.5,12,2.0,11,2,1,1,0,0,84.9,0,0
Jim Kleinsasser,469,TE,16,MIN,8,4,50.0,43,1,81.2,47.8,73.4,68.0,76.0,10.8,16,4.0,26,3,0,1,0,0,66.1,4,1
Jameel Cook,904,FB,5,HST,8,8,100.0,40,0,58.6,63.8,76.5,74.6,74.6,5.0,23,2.9,9,2,0,0,0,2,87.5,0,0
Joseph Kowalewski,3386,TE,13,NYJ,8,5,62.5,18,1,54.5,45.8,46.3,68.0,50.9,3.6,9,1.8,6,1,1,0,0,0,106.3,1,0
Johnnie Lee Higgins,3715,WR,15,OAK,7,6,85.7,47,0,50.9,49.8,74.6,70.6,,7.8,6,1.0,16,2,0,0,0,0,94.6,0,0
Chad Mustard,1668,TE,7,DEN,7,5,71.4,62,0,75.0,56.5,45.8,68.0,78.6,12.4,37,7.4,15,4,1,0,0,0,98.5,0,0
Jeremi Johnson,1430,FB,16,CIN,7,6,85.7,32,1,84.9,55.2,74.6,73.6,69.8,5.3,29,4.8,14,3,0,0,0,1,125.3,2,0
Jeff Dugan,1936,FB,12,MIN,7,6,85.7,30,0,63.7,37.4,74.6,19.0,54.6,5.0,17,2.8,13,1,0,0,1,0,84.5,1,0
Sammy Morris,678,HB,6,NE,7,6,85.7,35,0,73.9,59.4,75.6,86.9,74.3,5.8,31,5.2,18,1,0,0,0,0,87.5,0,0
Dante Rosario,3771,TE,13,CAR,7,6,85.7,108,2,70.8,70.6,75.9,69.1,74.1,18.0,40,6.7,54,5,0,0,0,0,158.3,0,0
Antonio Pittman,3723,HB,10,STR,7,3,42.9,15,0,58.0,43.7,36.2,81.2,76.2,5.0,20,6.7,11,0,1,0,0,0,50.3,0,0
T.J. Duckett,1025,HB,11,DET,7,4,57.1,54,0,66.9,54.2,47.8,85.0,73.3,13.5,67,16.8,22,4,1,0,0,0,81.8,0,0
Anthony Becht,602,TE,16,TB,7,5,71.4,20,2,67.8,44.5,45.8,68.0,49.1,4.0,9,1.8,9,2,1,0,0,0,113.7,2,0
Deon Anderson,3811,FB,5,DAL,6,6,100.0,55,0,70.3,77.5,74.6,68.8,33.1,9.2,44,7.3,17,3,0,0,0,1,104.9,0,0
Christian Fauria,130,TE,13,CAR,6,5,83.3,39,2,79.3,76.7,73.4,68.0,52.6,7.8,9,1.8,16,5,0,1,0,0,93.8,1,0
Adam Jennings,3129,WR,13,ATL,6,6,100.0,62,1,52.0,53.5,74.6,68.8,,10.3,22,3.7,28,3,0,0,0,0,149.3,1,0
Courtney Taylor,3813,WR,6,SEA,6,5,83.3,38,0,61.9,63.8,73.4,68.0,,7.6,16,3.2,12,2,0,0,0,1,93.1,0,0
Joel Dreessen,2415,TE,11,HST,6,4,66.7,55,2,75.8,69.7,72.1,67.0,80.3,13.8,10,2.5,28,3,0,1,0,0,95.8,0,0
Chris Henry,3666,HB,6,TEN,6,6,100.0,53,0,60.7,72.5,74.6,80.5,72.1,8.8,76,12.7,18,2,0,0,0,1,103.5,0,0
Willie Reid,3040,WR,5,PIT,6,4,66.7,54,0,61.1,60.6,42.1,67.0,,13.5,58,14.5,25,2,1,0,0,2,95.1,0,0
Matt Spaeth,3693,TE,14,PIT,6,5,83.3,34,3,60.2,49.5,45.8,68.0,52.7,6.8,13,2.6,13,4,1,0,0,0,129.9,0,0
Laurence Maroney,2966,HB,13,NE,6,4,66.7,116,0,78.0,56.5,41.6,90.5,57.8,29.0,105,26.3,43,4,1,0,0,2,109.7,1,0
Michael Turner,1873,HB,13,SD,6,4,66.7,16,0,45.2,46.7,41.6,56.4,76.1,4.0,27,6.8,12,1,1,0,0,1,70.1,0,0
Lee Vickers,3542,TE,6,BLT,5,2,40.0,4,0,54.1,44.3,36.8,65.8,80.4,2.0,5,2.5,5,0,1,0,0,0,47.9,0,0
Sean Ryan,1865,TE,7,NYJ,5,3,60.0,46,0,67.2,72.7,70.5,65.8,54.7,15.3,7,2.3,22,2,0,0,0,0,90.4,0,0
Chad Lucas,2109,WR,2,TB,5,5,100.0,82,0,72.9,72.0,73.4,68.0,65.3,16.4,9,1.8,52,1,0,0,0,0,118.8,0,0
Cadillac Williams,2222,HB,4,TB,5,3,60.0,17,0,45.7,24.4,28.0,26.6,30.5,5.7,16,5.3,8,0,2,0,1,0,66.3,0,0
Heath Evans,843,FB,15,NE,5,4,80.0,43,0,67.3,43.1,41.6,80.8,72.5,10.8,39,9.8,29,2,1,0,0,0,102.5,0,0
Deuce McAllister,793,HB,3,NO,5,4,80.0,15,0,37.7,29.4,28.7,28.1,80.4,3.8,17,4.3,7,0,1,0,0,0,79.2,0,0
Tab Perry,2407,WR,2,CIN,5,1,20.0,7,0,54.2,52.0,64.7,64.6,,7.0,1,1.0,7,1,0,0,0,0,39.6,0,0
Joshua Cribbs,2544,WR,11,CLV,5,3,60.0,37,0,65.9,59.2,70.5,74.5,,12.3,30,10.0,18,3,0,0,0,1,82.9,1,0
Sam Gado,2599,HB,5,MIA,5,4,80.0,47,0,61.8,51.3,79.4,51.5,79.1,11.8,55,13.8,35,1,0,0,0,1,105.8,0,0
Brian Calhoun,3019,HB,3,DET,5,5,100.0,35,0,63.3,69.0,73.4,73.3,70.4,7.0,28,5.6,11,1,0,0,0,1,95.8,0,0
Dominique Byrd,3038,TE,3,STR,5,4,80.0,44,0,66.4,64.8,41.6,67.0,70.3,11.0,18,4.5,14,2,1,0,0,1,103.3,0,0
Brian Clark,3271,WR,4,DEN,5,4,80.0,23,0,41.9,42.1,72.1,18.7,,5.8,10,2.5,7,0,0,0,1,0,85.8,0,0
Patrick Cobbs,3272,HB,4,MIA,5,3,60.0,24,0,43.9,39.9,36.8,76.4,25.7,8.0,13,4.3,11,0,1,0,0,0,72.1,0,0
DeDe Dorsey,3299,HB,7,CIN,5,4,80.0,19,0,77.5,61.2,46.3,78.4,54.7,4.8,29,7.3,17,1,1,0,0,0,82.5,0,0
Anthony Mix,3436,WR,1,NYG,5,3,60.0,39,0,66.4,66.9,70.5,65.8,,13.0,18,6.0,21,2,0,0,0,1,84.6,0,0
Jackie Battle,3885,HB,2,KC,5,1,20.0,4,0,58.8,32.5,28.8,75.3,35.7,4.0,5,5.0,4,0,1,0,0,0,39.6,0,0
Clifton Dawson,3923,HB,5,IND,5,2,40.0,15,0,52.4,42.6,29.9,79.7,79.5,7.5,16,8.0,9,1,1,0,0,0,47.9,0,0
David Tyree,1511,WR,7,NYG,5,4,80.0,35,0,71.2,70.9,72.1,67.0,,8.8,26,6.5,24,2,0,0,0,1,95.8,0,0
Mike Anderson,693,HB,6,BLT,4,4,100.0,26,0,55.5,65.6,72.1,24.8,80.6,6.5,31,7.8,10,1,0,0,0,0,93.8,0,0
Andrew Pinnock,1527,FB,4,SD,4,1,25.0,5,0,74.1,53.5,64.7,69.4,76.0,5.0,6,6.0,5,0,0,0,0,1,39.6,1,0
Luke Lawton,2099,FB,7,IND,4,4,100.0,29,1,56.3,61.3,73.4,72.2,82.7,7.3,34,8.5,11,2,0,0,0,1,136.5,0,0
Gilbert Harris,4201,HB,4,KC,4,3,75.0,38,0,29.5,29.1,28.0,21.7,84.1,12.7,45,15.0,19,1,1,0,0,0,104.2,0,0
Ahmad Bradshaw,3866,HB,6,NYG,4,2,50.0,12,0,85.4,56.0,29.9,78.2,53.8,6.0,9,4.5,11,1,1,0,0,2,56.3,0,0
John Gilmore,1176,TE,12,CHI,4,3,75.0,14,0,76.8,56.8,36.2,65.8,76.7,4.7,12,4.0,7,1,1,0,0,0,79.2,3,0
Jon Bradley,1993,FB,15,DET,4,2,50.0,10,0,66.6,53.5,68.3,22.0,70.6,5.0,8,4.0,8,0,0,1,0,0,16.7,0,0
Skyler Green,3070,WR,2,CIN,4,3,75.0,33,0,60.1,63.3,70.5,67.4,,11.0,28,9.3,18,1,0,0,0,0,99.0,1,0
Yamon Figurs,3690,WR,5,BLT,3,1,33.3,36,0,73.9,71.6,64.7,64.6,,36.0,2,2.0,36,1,0,0,0,0,79.9,0,0
Dwayne Wright,3727,HB,8,BUF,3,3,100.0,17,0,39.9,29.1,70.5,29.3,79.2,5.7,19,6.3,8,1,0,0,1,0,90.3,0,0
Alex Haynes,2636,HB,1,CAR,3,3,100.0,14,0,59.7,64.4,70.5,69.7,,4.7,11,3.7,6,2,0,0,0,0,86.1,0,0
Aaron Halterman,2619,TE,3,MIA,3,1,33.3,7,0,59.0,63.6,68.3,64.0,74.4,7.0,3,3.0,7,1,0,0,0,0,42.4,0,0
Travis Taylor,588,WR,1,STR,3,1,33.3,4,0,46.2,47.0,28.9,61.2,,4.0,4,4.0,4,0,1,1,0,0,2.8,0,0
Biren Ealy,4252,WR,3,TEN,3,1,33.3,6,0,46.6,46.7,28.9,61.2,,6.0,3,3.0,6,0,1,1,0,0,2.8,0,0
Reagan Mauia,3797,FB,16,MIA,3,2,66.7,5,0,56.0,28.2,29.9,17.4,82.0,2.5,5,2.5,5,0,1,0,1,1,70.1,0,0
Tony Curtis,2552,TE,11,DAL,3,3,100.0,18,3,89.4,89.8,70.5,65.8,80.8,6.0,0,0.0,15,3,0,0,0,0,131.3,0,0
Jason Dunn,178,TE,16,KC,3,2,66.7,9,0,68.3,41.2,30.0,64.0,69.6,4.5,7,3.5,8,0,1,0,0,1,70.1,5,0
Joe Klopfenstein,2991,TE,16,STR,3,2,66.7,37,1,57.5,46.1,29.9,64.0,52.9,18.5,24,12.0,36,1,1,0,0,1,148.6,0,0
Derek Schouman,3838,TE,3,BUF,3,3,100.0,19,0,63.2,62.0,70.5,65.8,69.7,6.3,17,5.7,10,1,0,0,0,0,93.1,0,0
Nate Jackson,1259,TE,5,DEN,3,3,100.0,34,1,54.9,58.7,70.5,65.8,36.4,11.3,7,2.3,24,2,0,0,0,0,153.5,1,0
Kenneth Darby,3862,HB,1,TB,3,2,66.7,16,0,61.8,68.3,68.3,67.8,69.4,8.0,15,7.5,9,0,0,1,0,1,40.3,0,0
Oliver Hoyte,3357,FB,10,DAL,3,1,33.3,2,0,53.0,35.4,28.8,61.2,70.3,2.0,2,2.0,2,1,1,0,0,1,42.4,2,0
Aaron Walker,1469,TE,7,STR,3,2,66.7,13,0,70.7,79.6,68.3,64.0,57.4,6.5,9,4.5,8,1,0,0,0,0,75.7,0,0
Mike Vrabel,268,ED,16,NE,3,2,66.7,3,2,67.3,65.6,29.9,64.0,65.0,1.5,0,0.0,2,2,0,0,0,0,109.7,2,0
Seneca Wallace,1422,QB,9,SEA,3,2,66.7,47,0,53.2,71.9,68.3,27.8,,23.5,8,4.0,29,2,0,0,1,1,109.7,0,0
Byron Storer,4125,FB,5,TB,3,2,66.7,3,0,68.6,36.0,30.0,64.0,46.3,1.5,3,1.5,2,0,1,0,0,0,70.1,0,0
Kassim Osgood,1676,WR,6,SD,3,2,66.7,23,0,74.8,66.4,68.3,64.0,,11.5,4,2.0,15,1,0,0,0,0,89.6,0,0
Dan Kreider,749,FB,8,PIT,3,1,33.3,15,0,50.4,35.7,28.9,64.6,70.2,15.0,5,5.0,15,1,1,0,0,0,50.7,0,0
Garrett Mills,3051,TE,1,MIN,3,2,66.7,26,0,78.9,82.5,68.3,64.0,,13.0,10,5.0,18,2,0,0,0,0,93.8,0,0
Boomer Grigsby,2355,FB,9,KC,3,2,66.7,14,0,55.6,42.5,30.0,64.0,50.5,7.0,12,6.0,9,0,1,0,0,0,77.1,0,0
John Kuhn,2686,FB,13,GB,3,2,66.7,7,0,70.2,61.7,68.3,64.0,88.8,3.5,2,1.0,5,2,0,0,0,0,70.1,1,0
Marcellus Rivers,981,TE,3,NE,2,0,0.0,0,0,45.5,38.8,27.9,,76.3,,0,,0,0,1,0,0,0,39.6,0,0
Isaac Smolko,3515,TE,5,JAX,2,1,50.0,5,0,65.9,49.5,64.7,61.2,74.4,5.0,5,5.0,5,0,0,0,0,0,56.3,0,0
Adimchinobe Echemandu,1924,HB,6,HST,2,2,100.0,11,0,59.1,53.9,68.3,26.1,82.3,5.5,13,6.5,7,0,0,0,0,0,89.6,0,0
Ryan Krause,1887,TE,9,GB,2,2,100.0,11,0,55.8,48.1,70.5,65.8,79.2,5.5,5,2.5,6,0,0,0,0,0,89.6,1,0
John Owens,1133,TE,5,DET,2,1,50.0,9,0,55.6,56.5,68.3,64.0,80.0,9.0,2,2.0,9,0,0,0,0,0,62.5,1,0
Jason Hill,3692,WR,4,SF,2,1,50.0,6,0,47.6,51.4,64.7,61.2,,6.0,0,0.0,6,0,0,0,0,0,56.3,1,0
Jared Allen,1847,ED,14,KC,2,2,100.0,3,2,97.6,96.6,68.3,64.0,,1.5,0,0.0,2,2,0,0,0,0,118.8,2,0
Andre Hall,3333,HB,5,DEN,2,2,100.0,69,0,69.3,71.3,70.5,42.4,63.9,34.5,74,37.0,65,1,0,0,0,2,118.8,0,0
Ryan Neufeld,565,TE,7,BUF,2,2,100.0,14,0,50.8,53.5,68.3,64.0,87.6,7.0,10,5.0,8,0,0,0,0,0,95.8,0,0
Chris McFoy,4236,WR,3,OAK,2,1,50.0,19,0,46.9,44.1,28.9,61.2,69.3,19.0,17,17.0,19,1,1,0,0,0,83.3,0,0
Sam Aiken,1439,WR,6,BUF,2,1,50.0,10,0,57.5,58.3,64.7,61.2,,10.0,2,2.0,10,1,0,0,0,0,64.6,0,0
Mike Williams,2227,WR,2,TEN,2,0,0.0,0,0,51.8,49.0,27.2,19.4,,,0,,0,0,1,0,0,0,39.6,1,0
Justin Green,2375,FB,7,BLT,2,2,100.0,16,0,72.2,67.2,68.3,64.0,85.7,8.0,14,7.0,10,1,0,0,0,0,100.0,0,0
Drew Brees,802,QB,16,NO,2,2,100.0,10,0,84.6,,,88.3,,5.0,21,10.5,8,0,0,0,8,1,87.5,5,0
Jerame Tuman,513,TE,5,PIT,2,1,50.0,9,1,71.7,60.3,64.7,61.2,53.8,9.0,0,0.0,9,1,0,0,0,0,102.1,0,0
Micheal Spurlock,3517,WR,1,TB,2,0,0.0,0,0,47.1,53.3,,,,,0,,0,0,0,0,0,0,39.6,1,0
Jerome Harrison,3090,HB,4,CLV,2,2,100.0,19,0,91.1,77.5,68.3,78.4,78.3,9.5,28,14.0,15,1,0,0,0,1,106.3,0,0
Marcus Maxwell,2440,WR,3,CIN,2,1,50.0,5,0,67.7,63.0,64.7,61.2,,5.0,-1,-1.0,5,1,0,1,0,0,16.7,0,0
Chris Barclay,3216,HB,2,TEN,2,2,100.0,13,0,61.1,65.3,68.3,66.2,,6.5,16,8.0,7,0,0,0,0,0,93.8,0,0
Dave Thomas,3031,TE,1,NE,1,1,100.0,9,0,80.1,90.2,64.7,61.2,,9.0,2,2.0,9,1,0,0,0,0,104.2,0,0
Quinton Ganther,3191,FB,1,TEN,1,0,0.0,0,0,34.8,26.0,27.9,,,,0,,0,0,1,0,0,0,39.6,0,0
John St. Clair,649,T,8,CHI,1,1,100.0,2,1,67.9,90.2,64.7,61.2,64.4,2.0,0,0.0,2,1,0,0,0,0,118.8,3,0
Chris Barclay,3216,HB,1,NO,1,0,0.0,0,0,61.1,65.3,68.3,66.2,,,0,,0,0,0,0,0,0,39.6,0,0
Nick Mangold,2974,C,16,NYJ,1,1,100.0,-3,0,82.9,66.9,67.6,62.3,85.3,-3.0,0,0.0,0,0,0,0,0,0,79.2,1,0
Mike Bell,3225,HB,4,DEN,1,1,100.0,7,0,33.7,55.1,64.7,18.4,77.1,7.0,5,5.0,7,0,0,0,0,0,95.8,0,0
Shaun Bodiford,3235,WR,2,GB,1,1,100.0,13,0,64.1,63.4,64.7,61.2,,13.0,2,2.0,13,1,0,0,0,0,118.8,0,0
Reno Mahe,1654,HB,3,PHI,1,1,100.0,11,0,63.3,75.4,64.7,61.2,18.0,11.0,9,9.0,11,1,0,0,0,0,112.5,0,0
Brian Clark,3271,WR,1,TB,1,0,0.0,0,0,41.9,42.1,72.1,18.7,,,0,,0,0,0,0,0,0,39.6,0,0
LaBrandon Toefield,1443,HB,1,JAX,1,1,100.0,4,0,52.8,56.4,64.7,75.3,77.4,4.0,1,1.0,4,0,0,0,0,0,83.3,0,0
Paul Smith,669,HB,1,DEN,1,0,0.0,0,0,44.2,60.0,,,,,0,,0,0,0,0,0,0,39.6,0,0
Michael Gasperson,2890,WR,1,PHI,1,0,0.0,0,0,30.1,39.6,28.0,,,,0,,0,0,1,0,0,0,39.6,0,0
Naufahu Tahi,3526,FB,2,MIN,1,1,100.0,7,0,48.0,61.2,64.7,71.1,,7.0,7,7.0,7,0,0,0,0,0,95.8,0,0
Stacy Tutt,3538,FB,6,NYJ,1,0,0.0,0,0,58.0,54.1,,,77.0,,0,,0,0,0,0,0,0,39.6,0,0
Kyle Eckel,2574,FB,5,NE,1,1,100.0,6,0,57.6,58.5,64.7,80.2,79.7,6.0,1,1.0,6,0,0,0,0,0,91.7,0,0
Jason Taylor,264,ED,16,MIA,1,0,0.0,0,0,53.3,55.4,,,,,0,,0,0,0,0,0,0,39.6,10,0
Jon Kitna,217,QB,16,DET,1,1,100.0,9,0,66.8,,,29.6,,9.0,16,16.0,9,0,0,0,12,3,104.2,3,0
Matt Willis,4283,WR,4,BLT,1,1,100.0,11,0,53.2,53.8,64.7,61.2,,11.0,0,0.0,11,1,0,0,0,0,112.5,0,0
Madison Hedgecock,2468,FB,1,STR,1,1,100.0,7,0,85.9,42.8,35.3,70.1,71.7,7.0,7,7.0,7,0,0,0,0,0,95.8,2,0
Terry Glenn,156,WR,1,DAL,1,0,0.0,0,0,56.7,57.5,,,,,0,,0,0,0,1,0,0,0.0,0,0
Billy Bajema,2466,TE,12,SF,1,0,0.0,0,0,49.2,41.5,,,72.7,,0,,0,0,0,0,0,0,39.6,0,0
Mark Bruener,125,TE,13,HST,1,0,0.0,0,0,74.6,33.0,,,72.7,,0,,0,0,0,0,0,0,39.6,1,0
Chad Owens,2402,WR,1,JAX,1,0,0.0,0,0,51.1,52.2,,,,,0,,0,0,0,0,0,0,39.6,0,0
Alvin Pearman,2344,HB,1,SEA,1,1,100.0,1,0,58.4,56.9,64.7,61.2,69.2,1.0,4,4.0,1,0,0,0,0,0,79.2,0,0
Jerome Mathis,2331,WR,2,HST,1,1,100.0,15,0,65.2,65.0,64.7,61.2,,15.0,3,3.0,15,1,0,0,0,0,118.8,0,0
Kevin Everett,2303,TE,1,BUF,1,1,100.0,3,0,65.0,61.0,64.7,61.2,69.6,3.0,0,0.0,3,0,0,0,0,0,79.2,0,0
Logan Mankins,2249,G,16,NE,1,1,100.0,-9,0,91.2,66.9,67.6,62.3,78.7,-9.0,-18,-18.0,0,0,0,0,0,2,79.2,6,2
Brian Kozlowski,62,TE,3,WAS,1,1,100.0,5,0,52.9,56.1,64.7,61.2,77.8,5.0,3,3.0,5,0,0,0,0,0,87.5,0,0
Tom Ashworth,938,T,4,SEA,1,0,0.0,0,0,63.4,52.9,,,72.3,,0,,0,0,0,0,0,0,39.6,0,0
Joey Harrington,1011,QB,12,ATL,1,1,100.0,4,0,69.4,,,91.3,,4.0,9,9.0,4,0,0,0,0,0,83.3,0,0
Richard Owens,2141,FB,9,STR,1,1,100.0,9,0,60.9,54.3,64.7,61.2,70.6,9.0,7,7.0,9,1,0,0,0,0,104.2,0,0
Justin Jenkins,2081,WR,9,BUF,1,0,0.0,0,0,49.9,49.8,,,,,0,,0,0,0,0,0,0,39.6,0,0
Casey Cramer,1942,FB,5,TEN,1,0,0.0,0,0,63.5,50.4,,,43.0,,0,,0,0,0,0,0,0,39.6,0,0
Gibril Wilson,1857,S,13,NYG,1,0,0.0,0,0,,,,,,,0,,0,0,0,0,1,0,39.6,1,0
Oren O'Neal,3791,FB,11,OAK,1,1,100.0,1,0,78.1,52.3,64.7,61.2,78.7,1.0,3,3.0,1,0,0,0,0,0,79.2,1,0
John Owens,1133,TE,7,NO,1,1,100.0,4,0,55.6,56.5,68.3,64.0,80.0,4.0,3,3.0,4,0,0,0,0,0,83.3,1,0
Verron Haynes,1156,HB,1,PIT,1,1,100.0,12,0,69.4,77.1,64.7,61.2,82.5,12.0,11,11.0,12,1,0,0,0,1,116.7,0,0
Eric Heitmann,1201,C,16,SF,1,1,100.0,17,0,65.5,42.5,67.6,62.3,78.6,17.0,11,11.0,17,1,0,0,0,0,118.8,1,0
Darnell Dinkins,1236,TE,2,CLV,1,1,100.0,8,0,55.6,59.8,64.7,61.2,,8.0,3,3.0,8,0,0,0,0,0,100.0,0,0
Derek Stanley,3865,WR,1,STR,1,0,0.0,0,0,53.7,55.0,,61.9,,,0,,0,0,0,0,0,0,39.6,0,0
Kyle Boller,1335,QB,12,BLT,1,0,0.0,0,0,59.8,58.4,,69.2,,,0,,0,0,1,0,5,2,39.6,0,0
Chris Davis,4144,WR,1,NYJ,1,1,100.0,3,0,60.1,55.9,64.7,64.6,,3.0,7,7.0,3,0,0,0,0,0,79.2,0,0
Jason Pociask,3095,TE,4,NYJ,1,1,100.0,7,0,56.4,56.4,64.7,61.2,69.3,7.0,4,4.0,7,0,0,0,0,0,95.8,0,0
Domenik Hixon,3075,WR,5,NYG,1,1,100.0,5,0,50.8,54.3,64.7,64.6,,5.0,1,1.0,5,0,0,0,0,0,87.5,0,0
Dan Campbell,488,TE,2,DET,1,1,100.0,1,0,53.7,46.3,64.7,61.2,31.5,1.0,1,1.0,1,0,0,0,0,0,79.2,0,0
Brandon Williams,3029,WR,3,STR,1,0,0.0,0,0,52.2,53.8,,,,,0,,0,0,0,1,0,0,0.0,0,0
