league,method,tier,period,n,ppg_crps_delta,ppg_crps_relative_delta,contribution_crps_relative_delta,played_crps_relative_delta,abs_played_bias_degradation,abs_extended_absence_calibration_degradation,ppg_80_coverage_delta
beta,add_log_adp,core_broad,development_2017_2022,936,-0.00024082505139766397,-0.00012580252222282873,-0.0004669253020832542,-0.00098394002891955,-0.0022105944101286634,9.801773613854481e-05,-0.002136752136752129
beta,add_log_adp,core_broad,temporal_2023_2025,468,0.0003467827784187083,0.00017423953932071967,0.00027856677979953837,-0.00024610368883293265,0.0012923857953725665,-3.972594472505253e-05,0.0
beta,add_log_adp,core_main,development_2017_2022,720,-0.00010971203657961226,-5.674919439235815e-05,-0.0003332880780553271,-0.0009300923520504378,-0.0022462647912905587,-6.750831809770874e-05,-0.004166666666666652
beta,add_log_adp,core_main,temporal_2023_2025,360,0.0007627177740947566,0.0003777840036740532,6.988911195926484e-05,-0.00047905357129540693,-0.0019044370235043392,9.310888664831873e-05,0.0
beta,add_log_adp,core_main_qb1,development_2017_2022,718,-9.964340260171234e-05,-5.1576089874827424e-05,-0.0002975969765411923,-0.0008590966233726904,-0.0018883721831005063,-9.020955477587189e-05,-0.004178272980501441
beta,add_log_adp,core_main_qb1,temporal_2023_2025,358,0.0008073480594108506,0.0004049525564153722,0.00019998091782680305,-0.0002614194990668839,-0.0012884884951881127,0.00012102177753876842,0.0
beta,add_log_adp,core_strict,development_2017_2022,504,-3.434379240196961e-05,-1.7824357217866016e-05,-0.0006008060426389017,-0.00033864805546757193,-0.0014614286022335832,-0.00010485940462989785,-0.005952380952380931
beta,add_log_adp,core_strict,temporal_2023_2025,252,0.0011466114427836072,0.0006112740928390092,0.00043320794574941424,-0.0004108918803373829,0.0007837010862911595,-3.973022162137574e-06,-0.003968253968253954
beta,add_log_adp,depth_main,development_2017_2022,1039,0.00037684922965897094,0.0002281139840638602,4.169505152096242e-05,-0.000631098485611381,-0.005010846593548779,-0.0005142977085884071,0.0009624639076034613
beta,add_log_adp,depth_main,temporal_2023_2025,528,5.741822074267766e-05,3.1057021332214774e-05,0.0003268693959643798,0.0003841156605273177,-0.0029316541493353155,0.0004924147033530946,0.0037878787878787845
dk,add_log_adp,core_broad,development_2017_2022,936,-1.569534111656168e-05,-6.477903317203548e-06,-0.0001503677340431997,0.000685071071648613,9.14010123247988e-05,-3.535643954377665e-05,-0.002136752136752129
dk,add_log_adp,core_broad,temporal_2023_2025,468,-0.0004890811193272171,-0.00020592128738350368,0.0007434100742849115,-0.000489085027557401,0.0006618350173354434,-8.527318921508487e-05,0.008547008547008517
dk,add_log_adp,core_main,development_2017_2022,720,0.0004181421282747344,0.00016723112193961498,6.588540390595199e-05,0.0011066940477733045,0.0003188467399781181,-0.00016497009362710646,-0.002777777777777768
dk,add_log_adp,core_main,temporal_2023_2025,360,-0.0005797592759266834,-0.00023721504085194578,0.0008253154868673729,-0.0011594819090749997,-0.0009935258529647356,4.3844242542182e-05,0.008333333333333415
dk,add_log_adp,core_main_qb1,development_2017_2022,718,4.053076816257217e-05,1.6234771840428763e-05,0.00010495257307430172,0.0012198346891323375,0.0007940330067499196,-0.00020572896239925975,-0.0027855153203342198
dk,add_log_adp,core_main_qb1,temporal_2023_2025,358,-0.0002935051516979037,-0.00012125472623358835,0.0008649380045926414,-0.0010682947364923923,-0.0006364019332306958,9.524018394081735e-05,0.008379888268156388
dk,add_log_adp,core_strict,development_2017_2022,504,-0.0002863029804314188,-0.000108475396585761,-7.717609629953603e-05,0.0012767096770691655,0.0014905509240507597,-0.00022115344465847842,-0.003968253968253954
dk,add_log_adp,core_strict,temporal_2023_2025,252,-0.0006272314911806021,-0.00026252099799783934,0.0011738200069060234,-0.0010690125257022398,-0.0011594793858481015,0.00011388803487179244,0.007936507936507908
dk,add_log_adp,depth_main,development_2017_2022,1039,5.3925095663043265e-05,2.809589776853194e-05,-0.0002949425703778763,-0.00041217606999821577,-0.006283531135314546,-0.000571684821206786,-0.002887391722810384
dk,add_log_adp,depth_main,temporal_2023_2025,528,7.431217210829288e-05,3.682961250461858e-05,-0.00012211984320165126,-0.000750790410472546,0.001920334624724719,0.00016854469511362602,-0.0018939393939394478
beta,replace_adp_rank_with_log_adp,core_broad,development_2017_2022,936,0.0004898570572109406,0.00025589220460320306,0.00017166897092635303,0.0008664750630424933,-0.0006224039975417373,-0.00023462355214297348,-0.007478632478632452
beta,replace_adp_rank_with_log_adp,core_broad,temporal_2023_2025,468,0.0010701039814704494,0.0005376692164666963,0.0003266668767838432,-0.00023815730418275116,0.005589517821422127,0.0002697828636680222,0.0
beta,replace_adp_rank_with_log_adp,core_main,development_2017_2022,720,2.326992790435689e-05,1.2036506688906101e-05,-2.3116156426805645e-05,0.0007624897481679493,0.0023405437542948215,-0.0005484568827183872,-0.008333333333333304
beta,replace_adp_rank_with_log_adp,core_main,temporal_2023_2025,360,0.001303071429282987,0.0006454281758569991,0.00043829237460046855,-0.0003357644285820749,-0.0017895538849588867,0.00010343610948350401,0.0
beta,replace_adp_rank_with_log_adp,core_main_qb1,development_2017_2022,718,0.0003856820225585089,0.0001996315876333643,-0.0001373794336866352,0.0005453897661762408,0.001620775809891839,-0.0004914156862589197,-0.00835654596100277
beta,replace_adp_rank_with_log_adp,core_main_qb1,temporal_2023_2025,358,0.0013991040193763737,0.000701767648702667,0.0004421453725631519,-0.0003649139895941511,-0.0017315063761832433,0.0001258782111243778,0.0
beta,replace_adp_rank_with_log_adp,core_strict,development_2017_2022,504,0.00014055407455337843,7.294727396267575e-05,-5.0954926908097775e-05,0.0010637153050030435,0.002810571981515353,-0.000548683745378184,-0.007936507936507908
beta,replace_adp_rank_with_log_adp,core_strict,temporal_2023_2025,252,0.0006360622028105389,0.00033909337680104734,-0.00020824046424550158,0.00033144252440164834,0.0024834671399223893,-0.00011243125248266983,-0.007936507936507908
beta,replace_adp_rank_with_log_adp,depth_main,development_2017_2022,1039,0.0007197217058385608,0.000435661195021364,0.00027781725819608916,0.00033687904162338356,0.0033454404835454588,0.0003756082274841699,-0.0009624639076034613
beta,replace_adp_rank_with_log_adp,depth_main,temporal_2023_2025,528,0.0016169350291921347,0.000874586238390318,-0.00032098101656286016,0.002006801134426306,-0.0007898074365268407,-8.617546829464695e-05,0.0037878787878787845
dk,replace_adp_rank_with_log_adp,core_broad,development_2017_2022,936,0.000484826816701478,0.00020010149641502828,9.008102119900663e-05,0.001092779466368654,-0.00020485395521674388,-0.00024941331087496854,-0.005341880341880323
dk,replace_adp_rank_with_log_adp,core_broad,temporal_2023_2025,468,-0.00011067733660441448,-4.659926285666138e-05,0.00023996576111762202,0.0003170393384543946,0.005907658523435565,-0.0003171763342667555,0.0064102564102563875
dk,replace_adp_rank_with_log_adp,core_main,development_2017_2022,720,3.4452186525868456e-07,1.3778754670568105e-07,-5.5662879363871376e-05,0.0005712822394443595,0.000567714126037483,-0.0003425548379182436,-0.008333333333333304
dk,replace_adp_rank_with_log_adp,core_main,temporal_2023_2025,360,-0.0007420164448981303,-0.0003036043899564689,0.000269309787034544,-0.0002867881458752386,-0.00478985236348102,-0.00013127218496787607,0.008333333333333415
dk,replace_adp_rank_with_log_adp,core_main_qb1,development_2017_2022,718,7.169229552017597e-05,2.8716654365545935e-05,-0.00010500103756672097,0.0005347115108107481,0.0002610430163763333,-0.0003272616432054287,-0.00835654596100277
dk,replace_adp_rank_with_log_adp,core_main_qb1,temporal_2023_2025,358,-0.0008287965507647321,-0.00034239773402600093,0.0002587569940259993,-0.00024386176888768762,-0.004717644580789205,-0.00011628351928885672,0.008379888268156388
dk,replace_adp_rank_with_log_adp,core_strict,development_2017_2022,504,0.00010179848927371893,3.856973992788504e-05,-0.00018256841264252532,-0.00031365046807751984,0.0011738804681224596,-0.0005104249046172654,-0.009920634920634885
dk,replace_adp_rank_with_log_adp,core_strict,temporal_2023_2025,252,-0.0006918464118110812,-0.0002895648784279059,-0.000322023653176462,-0.0019465342030706712,0.0013775121057438486,-2.728115136299558e-05,0.003968253968253954
dk,replace_adp_rank_with_log_adp,depth_main,development_2017_2022,1039,0.0005220070447877756,0.00027197460448658006,0.00014012716546085713,-0.0006879997451020303,-0.0011469924582952484,-2.8834520267140284e-05,0.0
dk,replace_adp_rank_with_log_adp,depth_main,temporal_2023_2025,528,0.00031915076944688536,0.00015817326873679427,-0.0003595913821554664,-0.0008416116164505771,-0.001543201763244774,-0.0002256184163583752,-0.007575757575757569
